dataset_version,schema_version,published_at,card_title,idol_id,idol_name,card_kind,rarity,unit_id,unit_name,first_implemented_on,acquisition_category,series_ids,series_status,collab_work,wiki_url,wiki_link_status,variant_kind,review_status,game,card_id,family_id,record_updated_at,source_refs,unknown_fields
v1-93a6a8b8d40e754a,1.0,2026-10-08T02:45:18+00:00,【283プロのヒナ】,idol_1,櫻木真乃,S,R,unit_1,イルミネーションスターズ,2018-04-24,permanent_gacha,[],unknown,,https://wikiwiki.jp/shinycolors/%E3%80%90283%E3%83%97%E3%83%AD%E3%81%AE%E3%83%92%E3%83%8A%E3%80%91%E6%AB%BB%E6%9C%A8%E7%9C%9F%E4%B9%83,observed,base,wiki_only,shinycolors_enza,002fef8b-4e0e-4a65-875f-718ac69fd638,002fef8b-4e0e-4a65-875f-718ac69fd638,2026-10-06T16:29:54+00:00,"[""W03""]","[""series_status"",""collab_work""]"
v1-93a6a8b8d40e754a,1.0,2026-10-08T02:45:18+00:00,【My Christmas】,idol_f0b34f52-342b-4fdd-8231-816605449447,郁田はるき,S,SSR,unit_8,コメティック,2025-12-08,collection_gacha,"[""twilights""]",known,,https://wikiwiki.jp/shinycolors/%E3%80%90My%20Christmas%E3%80%91%E9%83%81%E7%94%B0%E3%81%AF%E3%82%8B%E3%81%8D,observed,base,wiki_only,shinycolors_enza,00a533b4-3644-4eca-8237-c34bfaf2c8a0,00a533b4-3644-4eca-8237-c34bfaf2c8a0,2026-10-06T16:29:53+00:00,"[""W03""]","[""collab_work""]"
v1-93a6a8b8d40e754a,1.0,2026-10-08T02:45:18+00:00,【トキ・メキ・タコさん】,idol_52544385-3ea1-42e6-bb47-faff2c6f9b4f,桑山千雪,S,SSR,unit_4,アルストロメリア,2019-03-22,event_reward,[],unknown,,https://wikiwiki.jp/shinycolors/%E3%80%90%E3%83%88%E3%82%AD%E3%83%BB%E3%83%A1%E3%82%AD%E3%83%BB%E3%82%BF%E3%82%B3%E3%81%95%E3%82%93%E3%80%91%E6%A1%91%E5%B1%B1%E5%8D%83%E9%9B%AA,observed,base,wiki_only,shinycolors_enza,012b869b-701d-4a52-b75b-65e199283d1b,012b869b-701d-4a52-b75b-65e199283d1b,2026-10-06T16:29:53+00:00,"[""W03""]","[""series_status"",""collab_work""]"
v1-93a6a8b8d40e754a,1.0,2026-10-08T02:45:18+00:00,【あなたが待つ場所】,idol_a2f858c3-da6e-4d6f-b777-5367a2671399,黛冬優子,P,SSR,unit_5,ストレイライト,2026-05-30,collection_gacha,"[""casting""]",known,,https://wikiwiki.jp/shinycolors/%E3%80%90%E3%81%82%E3%81%AA%E3%81%9F%E3%81%8C%E5%BE%85%E3%81%A4%E5%A0%B4%E6%89%80%E3%80%91%E9%BB%9B%E5%86%AC%E5%84%AA%E5%AD%90,observed,base,wiki_only,shinycolors_enza,012ed4e8-911c-4a91-96a6-3030fea9984b,012ed4e8-911c-4a91-96a6-3030fea9984b,2026-10-06T16:29:52+00:00,"[""W02""]","[""collab_work""]"
v1-93a6a8b8d40e754a,1.0,2026-10-08T02:45:18+00:00,【優You】,idol_4,鈴木羽那,P,SR,unit_8,コメティック,2024-02-19,permanent_gacha,[],unknown,,https://wikiwiki.jp/shinycolors/%E3%80%90%E5%84%AAYou%E3%80%91%E9%88%B4%E6%9C%A8%E7%BE%BD%E9%82%A3,observed,base,wiki_only,shinycolors_enza,01317226-90d1-4011-9460-5c7d5edcb8d6,01317226-90d1-4011-9460-5c7d5edcb8d6,2026-10-06T16:29:53+00:00,"[""W02""]","[""series_status"",""collab_work""]"
v1-93a6a8b8d40e754a,1.0,2026-10-08T02:45:18+00:00,【ワーキングスナップ～デート】,idol_51651b60-7996-412b-bd16-5c1c3f3faebf,杜野凛世,S,SSR,unit_3,放課後クライマックスガールズ,2025-02-14,limited_gacha,[],unknown,,https://wikiwiki.jp/shinycolors/%E3%80%90%E3%83%AF%E3%83%BC%E3%82%AD%E3%83%B3%E3%82%B0%E3%82%B9%E3%83%8A%E3%83%83%E3%83%97%EF%BD%9E%E3%83%87%E3%83%BC%E3%83%88%E3%80%91%E6%9D%9C%E9%87%8E%E5%87%9B%E4%B8%96,observed,base,wiki_only,shinycolors_enza,01bb0525-96ac-4b55-9fdd-b28f2f8fb9f8,01bb0525-96ac-4b55-9fdd-b28f2f8fb9f8,2026-10-06T16:29:53+00:00,"[""W03""]","[""series_status"",""collab_work""]"
v1-93a6a8b8d40e754a,1.0,2026-10-08T02:45:18+00:00,【あめ、ゆき、はれ】,idol_3c398182-7760-439e-8c77-3c09d173aa4c,芹沢あさひ,S,SSR,unit_5,ストレイライト,2020-01-20,permanent_gacha,[],unknown,,https://wikiwiki.jp/shinycolors/%E3%80%90%E3%81%82%E3%82%81%E3%80%81%E3%82%86%E3%81%8D%E3%80%81%E3%81%AF%E3%82%8C%E3%80%91%E8%8A%B9%E6%B2%A2%E3%81%82%E3%81%95%E3%81%B2,observed,base,wiki_only,shinycolors_enza,02171d6d-bc25-460d-bd98-544c40217fd8,02171d6d-bc25-460d-bd98-544c40217fd8,2026-10-06T16:29:53+00:00,"[""W03""]","[""series_status"",""collab_work""]"
v1-93a6a8b8d40e754a,1.0,2026-10-08T02:45:18+00:00,【白いツバサ】,idol_4,鈴木羽那,P,R,unit_8,コメティック,2023-12-11,permanent_gacha,[],unknown,,https://wikiwiki.jp/shinycolors/%E3%80%90%E7%99%BD%E3%81%84%E3%83%84%E3%83%90%E3%82%B5%E3%80%91%E9%88%B4%E6%9C%A8%E7%BE%BD%E9%82%A3,observed,base,wiki_only,shinycolors_enza,02263250-b41c-4078-9e19-ff5b044a6e28,02263250-b41c-4078-9e19-ff5b044a6e28,2026-10-06T16:29:53+00:00,"[""W02""]","[""series_status"",""collab_work""]"
v1-93a6a8b8d40e754a,1.0,2026-10-08T02:45:18+00:00,【ひとりじゃない夜のこと】,idol_0e2d3420-7295-4510-929d-01bf8378e12a,風野灯織,P,SSR,unit_1,イルミネーションスターズ,2022-11-30,limited_gacha,[],unknown,,https://wikiwiki.jp/shinycolors/%E3%80%90%E3%81%B2%E3%81%A8%E3%82%8A%E3%81%98%E3%82%83%E3%81%AA%E3%81%84%E5%A4%9C%E3%81%AE%E3%81%93%E3%81%A8%E3%80%91%E9%A2%A8%E9%87%8E%E7%81%AF%E7%B9%94,observed,base,wiki_only,shinycolors_enza,022800d6-8ee6-4db7-98f5-284d9480ac95,022800d6-8ee6-4db7-98f5-284d9480ac95,2026-10-06T16:29:53+00:00,"[""W02""]","[""series_status"",""collab_work""]"
v1-93a6a8b8d40e754a,1.0,2026-10-08T02:45:18+00:00,【夢境カスタマイズ】,idol_92b8326c-72f5-4a2e-8581-7110738045f3,有栖川夏葉,S,SR,unit_3,放課後クライマックスガールズ,2024-05-21,event_reward,[],unknown,,https://wikiwiki.jp/shinycolors/%E3%80%90%E5%A4%A2%E5%A2%83%E3%82%AB%E3%82%B9%E3%82%BF%E3%83%9E%E3%82%A4%E3%82%BA%E3%80%91%E6%9C%89%E6%A0%96%E5%B7%9D%E5%A4%8F%E8%91%89,observed,base,wiki_only,shinycolors_enza,02598037-3165-4065-9235-53bad2cf7293,02598037-3165-4065-9235-53bad2cf7293,2026-10-06T16:29:53+00:00,"[""W03""]","[""series_status"",""collab_work""]"
v1-93a6a8b8d40e754a,1.0,2026-10-08T02:45:18+00:00,【LaLa！Bitter】,idol_72d6d5b6-dc2b-4e7c-90be-eb4770ba589b,市川雛菜,S,SR,unit_6,ノクチル,2023-07-31,collaboration_gacha,[],unknown,,https://wikiwiki.jp/shinycolors/%E3%80%90LaLa%EF%BC%81Bitter%E3%80%91%E5%B8%82%E5%B7%9D%E9%9B%9B%E8%8F%9C,observed,base,wiki_only,shinycolors_enza,02782822-ced7-4ff9-9c4a-9fa7887f07a0,02782822-ced7-4ff9-9c4a-9fa7887f07a0,2026-10-06T16:29:53+00:00,"[""W03""]","[""series_status"",""collab_work""]"
v1-93a6a8b8d40e754a,1.0,2026-10-08T02:45:18+00:00,【はじけてスマイル】,idol_1,櫻木真乃,P,SSR,unit_1,イルミネーションスターズ,2019-08-09,permanent_gacha,[],unknown,,https://wikiwiki.jp/shinycolors/%E3%80%90%E3%81%AF%E3%81%98%E3%81%91%E3%81%A6%E3%82%B9%E3%83%9E%E3%82%A4%E3%83%AB%E3%80%91%E6%AB%BB%E6%9C%A8%E7%9C%9F%E4%B9%83,observed,base,wiki_only,shinycolors_enza,02b4da0b-818f-474a-a83d-6ef67913ca2d,02b4da0b-818f-474a-a83d-6ef67913ca2d,2026-10-06T16:29:53+00:00,"[""W02""]","[""series_status"",""collab_work""]"
v1-93a6a8b8d40e754a,1.0,2026-10-08T02:45:18+00:00,【夏空への挑戦】,idol_52544385-3ea1-42e6-bb47-faff2c6f9b4f,桑山千雪,S,SSR,unit_4,アルストロメリア,2020-07-31,limited_gacha,[],unknown,,https://wikiwiki.jp/shinycolors/%E3%80%90%E5%A4%8F%E7%A9%BA%E3%81%B8%E3%81%AE%E6%8C%91%E6%88%A6%E3%80%91%E6%A1%91%E5%B1%B1%E5%8D%83%E9%9B%AA,observed,base,wiki_only,shinycolors_enza,030d32a3-fe08-4f63-86cc-20e4598b093c,030d32a3-fe08-4f63-86cc-20e4598b093c,2026-10-06T16:29:53+00:00,"[""W03""]","[""series_status"",""collab_work""]"
v1-93a6a8b8d40e754a,1.0,2026-10-08T02:45:18+00:00,【ファインダーを覗いて】,idol_ef328a51-2928-4d2d-a44f-5e3b92d305cf,白瀬咲耶,S,SR,unit_2,アンティーカ,2026-02-09,event_reward,[],unknown,,https://wikiwiki.jp/shinycolors/%E3%80%90%E3%83%95%E3%82%A1%E3%82%A4%E3%83%B3%E3%83%80%E3%83%BC%E3%82%92%E8%A6%97%E3%81%84%E3%81%A6%E3%80%91%E7%99%BD%E7%80%AC%E5%92%B2%E8%80%B6,observed,base,wiki_only,shinycolors_enza,03371979-ca79-4899-8a8e-3aa3f47a4201,03371979-ca79-4899-8a8e-3aa3f47a4201,2026-10-06T16:29:53+00:00,"[""W03""]","[""series_status"",""collab_work""]"
v1-93a6a8b8d40e754a,1.0,2026-10-08T02:45:18+00:00,【MUGEN BEAT】,idol_736d3fca-9560-4156-96fc-66cc0159ea42,七草にちか,S,SR,unit_7,シーズ,2022-10-24,gacha_bonus,[],unknown,,https://wikiwiki.jp/shinycolors/%E3%80%90MUGEN%20BEAT%E3%80%91%E4%B8%83%E8%8D%89%E3%81%AB%E3%81%A1%E3%81%8B,observed,base,wiki_only,shinycolors_enza,0341a876-ca0d-4984-a22f-7934c3a75188,0341a876-ca0d-4984-a22f-7934c3a75188,2026-10-06T16:29:54+00:00,"[""W03""]","[""series_status"",""collab_work""]"
v1-93a6a8b8d40e754a,1.0,2026-10-08T02:45:18+00:00,【'25Pカップランクイン】,idol_786e9b98-d1e4-4419-a69a-3281d07dd4fb,和泉愛依,S,SSR,unit_5,ストレイライト,2025-04-15,event_reward,[],unknown,,,not_found,base,wiki_only,shinycolors_enza,03571ba6-bdd3-40a2-a88a-6886b7667805,03571ba6-bdd3-40a2-a88a-6886b7667805,2026-10-06T16:29:53+00:00,"[""W03""]","[""series_status"",""collab_work"",""wiki_url""]"
v1-93a6a8b8d40e754a,1.0,2026-10-08T02:45:18+00:00,【Happy ending?】,idol_736d3fca-9560-4156-96fc-66cc0159ea42,七草にちか,S,SSR,unit_7,シーズ,2026-07-30,exchange,[],unknown,,https://wikiwiki.jp/shinycolors/%E3%80%90Happy%20ending%3F%E3%80%91%E4%B8%83%E8%8D%89%E3%81%AB%E3%81%A1%E3%81%8B,observed,base,wiki_only,shinycolors_enza,035c47c9-fc51-4571-93c6-bf58d54e2faa,035c47c9-fc51-4571-93c6-bf58d54e2faa,2026-10-06T16:29:53+00:00,"[""W03""]","[""series_status"",""collab_work""]"
v1-93a6a8b8d40e754a,1.0,2026-10-08T02:45:18+00:00,【283プロのヒナ】,idol_6,田中摩美々,S,R,unit_2,アンティーカ,2018-04-24,permanent_gacha,[],unknown,,https://wikiwiki.jp/shinycolors/%E3%80%90283%E3%83%97%E3%83%AD%E3%81%AE%E3%83%92%E3%83%8A%E3%80%91%E7%94%B0%E4%B8%AD%E6%91%A9%E7%BE%8E%E3%80%85,observed,base,wiki_only,shinycolors_enza,03733d00-71b7-4d07-88e0-2e0d10ffd0a3,03733d00-71b7-4d07-88e0-2e0d10ffd0a3,2026-10-06T16:29:54+00:00,"[""W03""]","[""series_status"",""collab_work""]"
v1-93a6a8b8d40e754a,1.0,2026-10-08T02:45:18+00:00,【きゅん♡コメ】,idol_d4177c5c-4600-4381-b5da-758f87fc23d7,八宮めぐる,P,SSR,unit_1,イルミネーションスターズ,2022-01-31,limited_gacha,[],unknown,,https://wikiwiki.jp/shinycolors/%E3%80%90%E3%81%8D%E3%82%85%E3%82%93%E2%99%A1%E3%82%B3%E3%83%A1%E3%80%91%E5%85%AB%E5%AE%AE%E3%82%81%E3%81%90%E3%82%8B,observed,base,wiki_only,shinycolors_enza,03aad2c5-e838-486c-b392-ff68a8ff1c00,03aad2c5-e838-486c-b392-ff68a8ff1c00,2026-10-06T16:29:53+00:00,"[""W02""]","[""series_status"",""collab_work""]"
v1-93a6a8b8d40e754a,1.0,2026-10-08T02:45:18+00:00,【ウォーム・スノウ】,idol_52544385-3ea1-42e6-bb47-faff2c6f9b4f,桑山千雪,S,SSR,unit_4,アルストロメリア,2019-11-30,limited_gacha,[],unknown,,https://wikiwiki.jp/shinycolors/%E3%80%90%E3%82%A6%E3%82%A9%E3%83%BC%E3%83%A0%E3%83%BB%E3%82%B9%E3%83%8E%E3%82%A6%E3%80%91%E6%A1%91%E5%B1%B1%E5%8D%83%E9%9B%AA,observed,base,wiki_only,shinycolors_enza,03da00e5-67a8-40a1-aa65-010fafa9331e,03da00e5-67a8-40a1-aa65-010fafa9331e,2026-10-06T16:29:53+00:00,"[""W03""]","[""series_status"",""collab_work""]"
v1-93a6a8b8d40e754a,1.0,2026-10-08T02:45:18+00:00,【♡AKQJ10】,idol_92b8326c-72f5-4a2e-8581-7110738045f3,有栖川夏葉,P,SSR,unit_3,放課後クライマックスガールズ,2020-03-19,permanent_gacha,[],unknown,,https://wikiwiki.jp/shinycolors/%E3%80%90AKQJ10%E3%80%91%E6%9C%89%E6%A0%96%E5%B7%9D%E5%A4%8F%E8%91%89,observed,base,wiki_only,shinycolors_enza,03e0a64a-8cf8-4f07-acea-96a64a7fe609,03e0a64a-8cf8-4f07-acea-96a64a7fe609,2026-10-06T16:29:53+00:00,"[""W02""]","[""series_status"",""collab_work""]"
v1-93a6a8b8d40e754a,1.0,2026-10-08T02:45:18+00:00,【MADE】,idol_6874153a-a7f6-426a-98f0-815f121eeca4,緋田美琴,S,SSR,unit_7,シーズ,2023-01-01,exchange,[],unknown,,https://wikiwiki.jp/shinycolors/%E3%80%90MADE%E3%80%91%E7%B7%8B%E7%94%B0%E7%BE%8E%E7%90%B4,observed,base,wiki_only,shinycolors_enza,03e4490a-840d-4fb5-af09-5db54cffc70b,03e4490a-840d-4fb5-af09-5db54cffc70b,2026-10-06T16:29:53+00:00,"[""W03""]","[""series_status"",""collab_work""]"
v1-93a6a8b8d40e754a,1.0,2026-10-08T02:45:18+00:00,【Noir】,idol_52544385-3ea1-42e6-bb47-faff2c6f9b4f,桑山千雪,S,SR,unit_4,アルストロメリア,2023-02-10,event_reward,[],unknown,,https://wikiwiki.jp/shinycolors/%E3%80%90Noir%E3%80%91%E6%A1%91%E5%B1%B1%E5%8D%83%E9%9B%AA,observed,base,wiki_only,shinycolors_enza,03e74aaa-75fa-4076-bc41-e8b10d038d40,03e74aaa-75fa-4076-bc41-e8b10d038d40,2026-10-06T16:29:53+00:00,"[""W03""]","[""series_status"",""collab_work""]"
v1-93a6a8b8d40e754a,1.0,2026-10-08T02:45:18+00:00,【ひな♡まつり】,idol_72d6d5b6-dc2b-4e7c-90be-eb4770ba589b,市川雛菜,S,SSR,unit_6,ノクチル,2025-03-03,limited_gacha,[],unknown,,https://wikiwiki.jp/shinycolors/%E3%80%90%E3%81%B2%E3%81%AA%E2%99%A1%E3%81%BE%E3%81%A4%E3%82%8A%E3%80%91%E5%B8%82%E5%B7%9D%E9%9B%9B%E8%8F%9C,observed,base,wiki_only,shinycolors_enza,03fd6cb7-b235-4a92-bd1d-62abbb3674e7,03fd6cb7-b235-4a92-bd1d-62abbb3674e7,2026-10-06T16:29:53+00:00,"[""W03""]","[""series_status"",""collab_work""]"
v1-93a6a8b8d40e754a,1.0,2026-10-08T02:45:18+00:00,【楽園に背く】,idol_b1cc8f6f-feab-4add-b5d9-d8777add7f60,大崎甜花,S,SR,unit_4,アルストロメリア,2019-03-22,permanent_gacha,[],unknown,,https://wikiwiki.jp/shinycolors/%E3%80%90%E6%A5%BD%E5%9C%92%E3%81%AB%E8%83%8C%E3%81%8F%E3%80%91%E5%A4%A7%E5%B4%8E%E7%94%9C%E8%8A%B1,observed,base,wiki_only,shinycolors_enza,04881352-2e1f-47c4-84d9-6bc178e3cdae,04881352-2e1f-47c4-84d9-6bc178e3cdae,2026-10-06T16:29:54+00:00,"[""W03""]","[""series_status"",""collab_work""]"
v1-93a6a8b8d40e754a,1.0,2026-10-08T02:45:18+00:00,【雨情】,idol_2,樋口円香,S,SSR,unit_6,ノクチル,2021-05-31,limited_gacha,[],unknown,,https://wikiwiki.jp/shinycolors/%E3%80%90%E9%9B%A8%E6%83%85%E3%80%91%E6%A8%8B%E5%8F%A3%E5%86%86%E9%A6%99,observed,base,wiki_only,shinycolors_enza,048ca4e3-a154-4475-8a47-11d068dd29c2,048ca4e3-a154-4475-8a47-11d068dd29c2,2026-10-06T16:29:53+00:00,"[""W03""]","[""series_status"",""collab_work""]"
v1-93a6a8b8d40e754a,1.0,2026-10-08T02:45:18+00:00,【マジカル＊スカイレース】,idol_ef328a51-2928-4d2d-a44f-5e3b92d305cf,白瀬咲耶,S,SR,unit_2,アンティーカ,2018-09-30,event_reward,[],unknown,,https://wikiwiki.jp/shinycolors/%E3%80%90%E3%83%9E%E3%82%B8%E3%82%AB%E3%83%AB%EF%BC%8A%E3%82%B9%E3%82%AB%E3%82%A4%E3%83%AC%E3%83%BC%E3%82%B9%E3%80%91%E7%99%BD%E7%80%AC%E5%92%B2%E8%80%B6,observed,base,wiki_only,shinycolors_enza,04a3d6c7-9ecf-459c-8deb-8ff466aef8c0,04a3d6c7-9ecf-459c-8deb-8ff466aef8c0,2026-10-06T16:29:53+00:00,"[""W03""]","[""series_status"",""collab_work""]"
v1-93a6a8b8d40e754a,1.0,2026-10-08T02:45:18+00:00,【アバウト-ナイト-ライト】,idol_6,田中摩美々,P,SSR,unit_2,アンティーカ,2021-07-10,permanent_gacha,[],unknown,,https://wikiwiki.jp/shinycolors/%E3%80%90%E3%82%A2%E3%83%90%E3%82%A6%E3%83%88-%E3%83%8A%E3%82%A4%E3%83%88-%E3%83%A9%E3%82%A4%E3%83%88%E3%80%91%E7%94%B0%E4%B8%AD%E6%91%A9%E7%BE%8E%E3%80%85,observed,base,wiki_only,shinycolors_enza,05564469-bd6a-4af2-9264-e1589571695f,05564469-bd6a-4af2-9264-e1589571695f,2026-10-06T16:29:53+00:00,"[""W02""]","[""series_status"",""collab_work""]"
v1-93a6a8b8d40e754a,1.0,2026-10-08T02:45:18+00:00,【A】,idol_6874153a-a7f6-426a-98f0-815f121eeca4,緋田美琴,S,SSR,unit_7,シーズ,2021-06-21,permanent_gacha,[],unknown,,https://wikiwiki.jp/shinycolors/%E3%80%90A%E3%80%91%E7%B7%8B%E7%94%B0%E7%BE%8E%E7%90%B4,observed,base,wiki_only,shinycolors_enza,055c8ab1-a676-49dc-a291-40ba1a74f052,055c8ab1-a676-49dc-a291-40ba1a74f052,2026-10-06T16:29:53+00:00,"[""W03""]","[""series_status"",""collab_work""]"
v1-93a6a8b8d40e754a,1.0,2026-10-08T02:45:18+00:00,【傍白のあいだ】,idol_e5ce74fd-2caf-4c1d-a696-0b1f17f7a53e,福丸小糸,S,SSR,unit_6,ノクチル,2021-08-31,event_reward,[],unknown,,https://wikiwiki.jp/shinycolors/%E3%80%90%E5%82%8D%E7%99%BD%E3%81%AE%E3%81%82%E3%81%84%E3%81%A0%E3%80%91%E7%A6%8F%E4%B8%B8%E5%B0%8F%E7%B3%B8,observed,base,wiki_only,shinycolors_enza,05aa308e-e3d8-4c35-bfac-1d25aee406b8,05aa308e-e3d8-4c35-bfac-1d25aee406b8,2026-10-06T16:29:53+00:00,"[""W03""]","[""series_status"",""collab_work""]"
v1-93a6a8b8d40e754a,1.0,2026-10-08T02:45:18+00:00,【さんびゃくろくじゅうご！】,idol_df07e98b-12f2-4984-b8f6-8da0a47c0cc7,小宮果穂,S,SSR,unit_3,放課後クライマックスガールズ,2025-07-29,limited_gacha,"[""birthday""]",known,,https://wikiwiki.jp/shinycolors/%E3%80%90%E3%81%95%E3%82%93%E3%81%B3%E3%82%83%E3%81%8F%E3%82%8D%E3%81%8F%E3%81%98%E3%82%85%E3%81%86%E3%81%94%EF%BC%81%E3%80%91%E5%B0%8F%E5%AE%AE%E6%9E%9C%E7%A9%82,observed,base,wiki_only,shinycolors_enza,05d5c1f2-e4e4-4cb5-84ae-1f2272947ca2,05d5c1f2-e4e4-4cb5-84ae-1f2272947ca2,2026-10-06T16:29:53+00:00,"[""W03""]","[""collab_work""]"
v1-93a6a8b8d40e754a,1.0,2026-10-08T02:45:18+00:00,【'25Pカップ】,idol_d4177c5c-4600-4381-b5da-758f87fc23d7,八宮めぐる,S,SR,unit_1,イルミネーションスターズ,2025-04-15,event_reward,[],unknown,,https://wikiwiki.jp/shinycolors/%E3%80%90%2725P%E3%82%AB%E3%83%83%E3%83%97%E3%80%91%E5%85%AB%E5%AE%AE%E3%82%81%E3%81%90%E3%82%8B,observed,base,wiki_only,shinycolors_enza,05f28cc2-cd50-49ba-9b6f-3e7b71fbc8d9,05f28cc2-cd50-49ba-9b6f-3e7b71fbc8d9,2026-10-06T16:29:53+00:00,"[""W03""]","[""series_status"",""collab_work""]"
v1-93a6a8b8d40e754a,1.0,2026-10-08T02:45:18+00:00,【分光-4-】,idol_786e9b98-d1e4-4419-a69a-3281d07dd4fb,和泉愛依,S,SSR,unit_5,ストレイライト,2025-03-28,other_bonus,[],unknown,,https://wikiwiki.jp/shinycolors/%E3%80%90%E5%88%86%E5%85%89-4-%E3%80%91%E5%92%8C%E6%B3%89%E6%84%9B%E4%BE%9D,observed,base,wiki_only,shinycolors_enza,066a03e9-9f1b-494b-ad48-1d3a5696b613,066a03e9-9f1b-494b-ad48-1d3a5696b613,2026-10-06T16:33:41+00:00,"[""W03""]","[""series_status"",""collab_work""]"
v1-93a6a8b8d40e754a,1.0,2026-10-08T02:45:18+00:00,【洒落】,idol_2,樋口円香,S,SSR,unit_6,ノクチル,2022-05-31,event_reward,[],unknown,,https://wikiwiki.jp/shinycolors/%E3%80%90%E6%B4%92%E8%90%BD%E3%80%91%E6%A8%8B%E5%8F%A3%E5%86%86%E9%A6%99,observed,base,wiki_only,shinycolors_enza,069d6fc5-3e3d-4246-87f7-fc6073e4ebf1,069d6fc5-3e3d-4246-87f7-fc6073e4ebf1,2026-10-06T16:29:53+00:00,"[""W03""]","[""series_status"",""collab_work""]"
v1-93a6a8b8d40e754a,1.0,2026-10-08T02:45:18+00:00,【星が見上げた空】,idol_8c18b422-295c-4259-9e14-413685deb7f8,大崎甘奈,S,SR,unit_4,アルストロメリア,2023-10-22,gacha_bonus,[],unknown,,https://wikiwiki.jp/shinycolors/%E3%80%90%E6%98%9F%E3%81%8C%E8%A6%8B%E4%B8%8A%E3%81%92%E3%81%9F%E7%A9%BA%E3%80%91%E5%A4%A7%E5%B4%8E%E7%94%98%E5%A5%88,observed,base,wiki_only,shinycolors_enza,069e9fdc-3568-41a9-94f2-7850effb4a52,069e9fdc-3568-41a9-94f2-7850effb4a52,2026-10-06T16:29:54+00:00,"[""W03""]","[""series_status"",""collab_work""]"
v1-93a6a8b8d40e754a,1.0,2026-10-08T02:45:18+00:00,【Re:パラレル！】,idol_e91e6363-2dc9-42c1-bbf1-a759e797c2d1,月岡恋鐘,S,SSR,unit_2,アンティーカ,2026-09-29,event_reward,[],unknown,,https://wikiwiki.jp/shinycolors/%E3%80%90Re%EF%BC%9A%E3%83%91%E3%83%A9%E3%83%AC%E3%83%AB%EF%BC%81%E3%80%91%E6%9C%88%E5%B2%A1%E6%81%8B%E9%90%98,observed,base,wiki_only,shinycolors_enza,06aa62be-633f-455c-9dd1-d4bf9be87e01,06aa62be-633f-455c-9dd1-d4bf9be87e01,2026-10-06T16:29:53+00:00,"[""W03""]","[""series_status"",""collab_work""]"
v1-93a6a8b8d40e754a,1.0,2026-10-08T02:45:18+00:00,【kimagure全力ビート！】,idol_7,園田智代子,S,SSR,unit_3,放課後クライマックスガールズ,2020-08-31,limited_gacha,[],unknown,,https://wikiwiki.jp/shinycolors/%E3%80%90kimagure%E5%85%A8%E5%8A%9B%E3%83%93%E3%83%BC%E3%83%88%EF%BC%81%E3%80%91%E5%9C%92%E7%94%B0%E6%99%BA%E4%BB%A3%E5%AD%90,observed,base,wiki_only,shinycolors_enza,06bda72c-87bd-42e5-8907-f09a811ca4e5,06bda72c-87bd-42e5-8907-f09a811ca4e5,2026-10-06T16:29:53+00:00,"[""W03""]","[""series_status"",""collab_work""]"
v1-93a6a8b8d40e754a,1.0,2026-10-08T02:45:18+00:00,【マジック☆ガーディアンズ】,idol_8c18b422-295c-4259-9e14-413685deb7f8,大崎甘奈,S,SSR,unit_4,アルストロメリア,2023-10-30,exchange,[],unknown,,https://wikiwiki.jp/shinycolors/%E3%80%90%E3%83%9E%E3%82%B8%E3%83%83%E3%82%AF%E2%98%86%E3%82%AC%E3%83%BC%E3%83%87%E3%82%A3%E3%82%A2%E3%83%B3%E3%82%BA%E3%80%91%E5%A4%A7%E5%B4%8E%E7%94%98%E5%A5%88,observed,base,wiki_only,shinycolors_enza,06d4d784-f77d-4915-a2ab-b96fdc52174a,06d4d784-f77d-4915-a2ab-b96fdc52174a,2026-10-06T16:29:53+00:00,"[""W03""]","[""series_status"",""collab_work""]"
v1-93a6a8b8d40e754a,1.0,2026-10-08T02:45:18+00:00,【こころに恋】,idol_52544385-3ea1-42e6-bb47-faff2c6f9b4f,桑山千雪,S,SR,unit_4,アルストロメリア,2019-06-30,permanent_gacha,[],unknown,,https://wikiwiki.jp/shinycolors/%E3%80%90%E3%81%93%E3%81%93%E3%82%8D%E3%81%AB%E6%81%8B%E3%80%91%E6%A1%91%E5%B1%B1%E5%8D%83%E9%9B%AA,observed,base,wiki_only,shinycolors_enza,073e9d43-6bd4-4929-95ad-c5c68d448b83,073e9d43-6bd4-4929-95ad-c5c68d448b83,2026-10-06T16:29:54+00:00,"[""W03""]","[""series_status"",""collab_work""]"
v1-93a6a8b8d40e754a,1.0,2026-10-08T02:45:18+00:00,【縷・縷・屡・来】,idol_e579db5c-0930-4984-aa40-ebe5a00e8a4f,幽谷霧子,P,SSR,unit_2,アンティーカ,2022-08-19,collection_gacha,"[""twilights""]",known,,https://wikiwiki.jp/shinycolors/%E3%80%90%E7%B8%B7%E3%83%BB%E7%B8%B7%E3%83%BB%E5%B1%A1%E3%83%BB%E6%9D%A5%E3%80%91%E5%B9%BD%E8%B0%B7%E9%9C%A7%E5%AD%90,observed,base,wiki_only,shinycolors_enza,075abaa2-f56b-403e-9aae-f7619e26f08c,075abaa2-f56b-403e-9aae-f7619e26f08c,2026-10-06T16:29:53+00:00,"[""W02""]","[""collab_work""]"
v1-93a6a8b8d40e754a,1.0,2026-10-08T02:45:18+00:00,【'25Pカップランクイン】,idol_1,櫻木真乃,S,SSR,unit_1,イルミネーションスターズ,2025-04-15,event_reward,[],unknown,,,not_found,base,wiki_only,shinycolors_enza,07b56795-4dac-4e22-a33e-a936e7602bbe,07b56795-4dac-4e22-a33e-a936e7602bbe,2026-10-06T16:29:53+00:00,"[""W03""]","[""series_status"",""collab_work"",""wiki_url""]"
v1-93a6a8b8d40e754a,1.0,2026-10-08T02:45:18+00:00,【'25Pカップランクイン】,idol_2,樋口円香,S,SSR,unit_6,ノクチル,2025-04-15,event_reward,[],unknown,,https://wikiwiki.jp/shinycolors/%E3%80%90%2725P%E3%82%AB%E3%83%83%E3%83%97%E3%83%A9%E3%83%B3%E3%82%AF%E3%82%A4%E3%83%B3%E3%80%91%E6%A8%8B%E5%8F%A3%E5%86%86%E9%A6%99,observed,base,wiki_only,shinycolors_enza,07bef0e2-9597-45aa-b748-c8155e448d71,07bef0e2-9597-45aa-b748-c8155e448d71,2026-10-06T16:29:53+00:00,"[""W03""]","[""series_status"",""collab_work""]"
v1-93a6a8b8d40e754a,1.0,2026-10-08T02:45:18+00:00,【思い出を重ねて】,idol_e91e6363-2dc9-42c1-bbf1-a759e797c2d1,月岡恋鐘,S,SSR,unit_2,アンティーカ,2026-01-01,event_reward,[],unknown,,https://wikiwiki.jp/shinycolors/%E3%80%90%E6%80%9D%E3%81%84%E5%87%BA%E3%82%92%E9%87%8D%E3%81%AD%E3%81%A6%E3%80%91%E6%9C%88%E5%B2%A1%E6%81%8B%E9%90%98,observed,base,wiki_only,shinycolors_enza,07cf40c0-cb37-40ee-9561-9fd292071fc9,07cf40c0-cb37-40ee-9561-9fd292071fc9,2026-10-06T16:29:53+00:00,"[""W03""]","[""series_status"",""collab_work""]"
v1-93a6a8b8d40e754a,1.0,2026-10-08T02:45:18+00:00,【'25Pカップ】,idol_92b8326c-72f5-4a2e-8581-7110738045f3,有栖川夏葉,S,SR,unit_3,放課後クライマックスガールズ,2025-04-15,event_reward,[],unknown,,https://wikiwiki.jp/shinycolors/%E3%80%90%2725P%E3%82%AB%E3%83%83%E3%83%97%E3%80%91%E6%9C%89%E6%A0%96%E5%B7%9D%E5%A4%8F%E8%91%89,observed,base,wiki_only,shinycolors_enza,0847ddce-ffe6-4c98-8341-55ff1e87f4a4,0847ddce-ffe6-4c98-8341-55ff1e87f4a4,2026-10-06T16:29:53+00:00,"[""W03""]","[""series_status"",""collab_work""]"
v1-93a6a8b8d40e754a,1.0,2026-10-08T02:45:18+00:00,【今日の手は空を切らない】,idol_3c398182-7760-439e-8c77-3c09d173aa4c,芹沢あさひ,S,SSR,unit_5,ストレイライト,2020-05-31,limited_gacha,[],unknown,,https://wikiwiki.jp/shinycolors/%E3%80%90%E4%BB%8A%E6%97%A5%E3%81%AE%E6%89%8B%E3%81%AF%E7%A9%BA%E3%82%92%E5%88%87%E3%82%89%E3%81%AA%E3%81%84%E3%80%91%E8%8A%B9%E6%B2%A2%E3%81%82%E3%81%95%E3%81%B2,observed,base,wiki_only,shinycolors_enza,0855fc71-10bd-4a0e-aea7-9aebb7cec3bc,0855fc71-10bd-4a0e-aea7-9aebb7cec3bc,2026-10-06T16:29:53+00:00,"[""W03""]","[""series_status"",""collab_work""]"
v1-93a6a8b8d40e754a,1.0,2026-10-08T02:45:18+00:00,【さよならメランコリー】,idol_e5ce74fd-2caf-4c1d-a696-0b1f17f7a53e,福丸小糸,S,SSR,unit_6,ノクチル,2024-09-09,limited_gacha,[],unknown,,https://wikiwiki.jp/shinycolors/%E3%80%90%E3%81%95%E3%82%88%E3%81%AA%E3%82%89%E3%83%A1%E3%83%A9%E3%83%B3%E3%82%B3%E3%83%AA%E3%83%BC%E3%80%91%E7%A6%8F%E4%B8%B8%E5%B0%8F%E7%B3%B8,observed,base,wiki_only,shinycolors_enza,085fd016-b221-4919-abf9-9c9eaceb044d,085fd016-b221-4919-abf9-9c9eaceb044d,2026-10-06T16:29:53+00:00,"[""W03""]","[""series_status"",""collab_work""]"
v1-93a6a8b8d40e754a,1.0,2026-10-08T02:45:18+00:00,【晴れ、よかばい～！】,idol_e91e6363-2dc9-42c1-bbf1-a759e797c2d1,月岡恋鐘,S,SSR,unit_2,アンティーカ,2020-04-30,limited_gacha,[],unknown,,https://wikiwiki.jp/shinycolors/%E3%80%90%E6%99%B4%E3%82%8C%E3%80%81%E3%82%88%E3%81%8B%E3%81%B0%E3%81%84%EF%BD%9E%EF%BC%81%E3%80%91%E6%9C%88%E5%B2%A1%E6%81%8B%E9%90%98,observed,base,wiki_only,shinycolors_enza,088ab9c1-9cb9-4a70-934a-06043b5be584,088ab9c1-9cb9-4a70-934a-06043b5be584,2026-10-06T16:29:53+00:00,"[""W03""]","[""series_status"",""collab_work""]"
v1-93a6a8b8d40e754a,1.0,2026-10-08T02:45:18+00:00,【いつかのアルファルドへ】,idol_ef328a51-2928-4d2d-a44f-5e3b92d305cf,白瀬咲耶,P,SSR,unit_2,アンティーカ,2025-07-30,collection_gacha,"[""parallel""]",known,,https://wikiwiki.jp/shinycolors/%E3%80%90%E3%81%84%E3%81%A4%E3%81%8B%E3%81%AE%E3%82%A2%E3%83%AB%E3%83%95%E3%82%A1%E3%83%AB%E3%83%89%E3%81%B8%E3%80%91%E7%99%BD%E7%80%AC%E5%92%B2%E8%80%B6,observed,base,wiki_only,shinycolors_enza,0902c0d7-ddc9-4b79-b4ea-ed4a521df032,0902c0d7-ddc9-4b79-b4ea-ed4a521df032,2026-10-06T16:29:53+00:00,"[""W02""]","[""collab_work""]"
v1-93a6a8b8d40e754a,1.0,2026-10-08T02:45:18+00:00,【ヘブンリーブルーをつかまえて】,idol_3,浅倉透,P,SSR,unit_6,ノクチル,2024-10-09,limited_gacha,[],unknown,,https://wikiwiki.jp/shinycolors/%E3%80%90%E3%83%98%E3%83%96%E3%83%B3%E3%83%AA%E3%83%BC%E3%83%96%E3%83%AB%E3%83%BC%E3%82%92%E3%81%A4%E3%81%8B%E3%81%BE%E3%81%88%E3%81%A6%E3%80%91%E6%B5%85%E5%80%89%E9%80%8F,observed,base,wiki_only,shinycolors_enza,093dff8e-103d-4468-9335-41051205d1af,093dff8e-103d-4468-9335-41051205d1af,2026-10-06T16:29:53+00:00,"[""W02""]","[""series_status"",""collab_work""]"
v1-93a6a8b8d40e754a,1.0,2026-10-08T02:45:18+00:00,【曲がり角のランウェイ】,idol_813a7356-e821-43e7-b25f-c104ca28870d,西城樹里,P,SSR,unit_3,放課後クライマックスガールズ,2019-07-10,permanent_gacha,[],unknown,,https://wikiwiki.jp/shinycolors/%E3%80%90%E6%9B%B2%E3%81%8C%E3%82%8A%E8%A7%92%E3%81%AE%E3%83%A9%E3%83%B3%E3%82%A6%E3%82%A7%E3%82%A4%E3%80%91%E8%A5%BF%E5%9F%8E%E6%A8%B9%E9%87%8C,observed,base,wiki_only,shinycolors_enza,09766c18-737d-41a6-8426-4f6cc14be591,09766c18-737d-41a6-8426-4f6cc14be591,2026-10-06T16:29:53+00:00,"[""W02""]","[""series_status"",""collab_work""]"
v1-93a6a8b8d40e754a,1.0,2026-10-08T02:45:18+00:00,【染光満月】,idol_51651b60-7996-412b-bd16-5c1c3f3faebf,杜野凛世,P,SSR,unit_3,放課後クライマックスガールズ,2023-12-03,collection_gacha,"[""mysongs""]",known,,https://wikiwiki.jp/shinycolors/%E3%80%90%E6%9F%93%E5%85%89%E6%BA%80%E6%9C%88%E3%80%91%E6%9D%9C%E9%87%8E%E5%87%9B%E4%B8%96,observed,base,wiki_only,shinycolors_enza,09c2572b-a9e4-4c8b-a163-72f9a70035ee,09c2572b-a9e4-4c8b-a163-72f9a70035ee,2026-10-06T16:29:53+00:00,"[""W02""]","[""collab_work""]"
v1-93a6a8b8d40e754a,1.0,2026-10-08T02:45:18+00:00,【'25Pカップ】,idol_df07e98b-12f2-4984-b8f6-8da0a47c0cc7,小宮果穂,S,SR,unit_3,放課後クライマックスガールズ,2025-04-15,event_reward,[],unknown,,https://wikiwiki.jp/shinycolors/%E3%80%90%2725P%E3%82%AB%E3%83%83%E3%83%97%E3%80%91%E5%B0%8F%E5%AE%AE%E6%9E%9C%E7%A9%82,observed,base,wiki_only,shinycolors_enza,0aaf71ec-09fa-49cd-9799-2955fe9e15b5,0aaf71ec-09fa-49cd-9799-2955fe9e15b5,2026-10-06T16:29:53+00:00,"[""W03""]","[""series_status"",""collab_work""]"
v1-93a6a8b8d40e754a,1.0,2026-10-08T02:45:18+00:00,【ふたつの雨】,idol_8c18b422-295c-4259-9e14-413685deb7f8,大崎甘奈,P,SR,unit_4,アルストロメリア,2019-06-20,event_reward,[],unknown,,https://wikiwiki.jp/shinycolors/%E3%80%90%E3%81%B5%E3%81%9F%E3%81%A4%E3%81%AE%E9%9B%A8%E3%80%91%E5%A4%A7%E5%B4%8E%E7%94%98%E5%A5%88,observed,base,wiki_only,shinycolors_enza,0ab96c77-055e-41b9-baed-aec078035f55,0ab96c77-055e-41b9-baed-aec078035f55,2026-10-06T16:29:53+00:00,"[""W02""]","[""series_status"",""collab_work""]"
v1-93a6a8b8d40e754a,1.0,2026-10-08T02:45:18+00:00,【あたし流・かわいい】,idol_786e9b98-d1e4-4419-a69a-3281d07dd4fb,和泉愛依,S,SR,unit_5,ストレイライト,2025-11-11,event_reward,[],unknown,,https://wikiwiki.jp/shinycolors/%E3%80%90%E3%81%82%E3%81%9F%E3%81%97%E6%B5%81%E3%83%BB%E3%81%8B%E3%82%8F%E3%81%84%E3%81%84%E3%80%91%E5%92%8C%E6%B3%89%E6%84%9B%E4%BE%9D,observed,base,wiki_only,shinycolors_enza,0b098773-f304-487a-9126-c7d181194dc1,0b098773-f304-487a-9126-c7d181194dc1,2026-10-06T16:29:53+00:00,"[""W03""]","[""series_status"",""collab_work""]"
v1-93a6a8b8d40e754a,1.0,2026-10-08T02:45:18+00:00,【一人分の空、一枚の羽】,idol_6,田中摩美々,S,SSR,unit_2,アンティーカ,2023-10-27,other_bonus,[],unknown,,https://wikiwiki.jp/shinycolors/%E3%80%90%E4%B8%80%E4%BA%BA%E5%88%86%E3%81%AE%E7%A9%BA%E3%80%81%E4%B8%80%E6%9E%9A%E3%81%AE%E7%BE%BD%E3%80%91%E7%94%B0%E4%B8%AD%E6%91%A9%E7%BE%8E%E3%80%85,observed,base,wiki_only,shinycolors_enza,0b1750bb-252b-4fa3-b9e5-f9deaee88f1b,0b1750bb-252b-4fa3-b9e5-f9deaee88f1b,2026-10-06T16:33:42+00:00,"[""W03""]","[""series_status"",""collab_work""]"
v1-93a6a8b8d40e754a,1.0,2026-10-08T02:45:18+00:00,【やさしい夜に】,idol_1,櫻木真乃,S,SR,unit_1,イルミネーションスターズ,2024-10-09,event_reward,[],unknown,,https://wikiwiki.jp/shinycolors/%E3%80%90%E3%82%84%E3%81%95%E3%81%97%E3%81%84%E5%A4%9C%E3%81%AB%E3%80%91%E6%AB%BB%E6%9C%A8%E7%9C%9F%E4%B9%83,observed,base,wiki_only,shinycolors_enza,0b75f1b7-c8c9-488b-9b19-6fea8f10e5b9,0b75f1b7-c8c9-488b-9b19-6fea8f10e5b9,2026-10-06T16:29:53+00:00,"[""W03""]","[""series_status"",""collab_work""]"
v1-93a6a8b8d40e754a,1.0,2026-10-08T02:45:18+00:00,【夏、イエー】,idol_52544385-3ea1-42e6-bb47-faff2c6f9b4f,桑山千雪,P,SR,unit_4,アルストロメリア,2021-09-10,event_reward,[],unknown,,https://wikiwiki.jp/shinycolors/%E3%80%90%E5%A4%8F%E3%80%81%E3%82%A4%E3%82%A8%E3%83%BC%E3%80%91%E6%A1%91%E5%B1%B1%E5%8D%83%E9%9B%AA,observed,base,wiki_only,shinycolors_enza,0be254b1-1ac9-48dc-9e6b-7ee5433b06ec,0be254b1-1ac9-48dc-9e6b-7ee5433b06ec,2026-10-06T16:29:53+00:00,"[""W02""]","[""series_status"",""collab_work""]"
v1-93a6a8b8d40e754a,1.0,2026-10-08T02:45:18+00:00,【水×天カイヤナイト】,idol_a2f858c3-da6e-4d6f-b777-5367a2671399,黛冬優子,P,SR,unit_5,ストレイライト,2019-07-19,event_reward,[],unknown,,https://wikiwiki.jp/shinycolors/%E3%80%90%E6%B0%B4%C3%97%E5%A4%A9%E3%82%AB%E3%82%A4%E3%83%A4%E3%83%8A%E3%82%A4%E3%83%88%E3%80%91%E9%BB%9B%E5%86%AC%E5%84%AA%E5%AD%90,observed,base,wiki_only,shinycolors_enza,0bfc63b0-a102-4222-a0fd-da753f95a7ed,0bfc63b0-a102-4222-a0fd-da753f95a7ed,2026-10-06T16:29:53+00:00,"[""W02""]","[""series_status"",""collab_work""]"
v1-93a6a8b8d40e754a,1.0,2026-10-08T02:45:18+00:00,【空・風・明・鳴】,idol_e579db5c-0930-4984-aa40-ebe5a00e8a4f,幽谷霧子,P,SSR,unit_2,アンティーカ,2023-05-31,limited_gacha,[],unknown,,https://wikiwiki.jp/shinycolors/%E3%80%90%E7%A9%BA%E3%83%BB%E9%A2%A8%E3%83%BB%E6%98%8E%E3%83%BB%E9%B3%B4%E3%80%91%E5%B9%BD%E8%B0%B7%E9%9C%A7%E5%AD%90,observed,base,wiki_only,shinycolors_enza,0c22a4da-2c09-4c4c-811a-665e7f641a57,0c22a4da-2c09-4c4c-811a-665e7f641a57,2026-10-06T16:29:53+00:00,"[""W02""]","[""series_status"",""collab_work""]"
v1-93a6a8b8d40e754a,1.0,2026-10-08T02:45:18+00:00,【fourth quadrant】,idol_72d6d5b6-dc2b-4e7c-90be-eb4770ba589b,市川雛菜,S,SR,unit_6,ノクチル,2025-09-27,campaign,[],unknown,,https://wikiwiki.jp/shinycolors/%E3%80%90fourth%20quadrant%E3%80%91%E5%B8%82%E5%B7%9D%E9%9B%9B%E8%8F%9C,observed,base,wiki_only,shinycolors_enza,0c56d7e1-67af-411c-8e1a-58a2c2f39b11,0c56d7e1-67af-411c-8e1a-58a2c2f39b11,2026-10-06T16:29:53+00:00,"[""W03""]","[""series_status"",""collab_work""]"
v1-93a6a8b8d40e754a,1.0,2026-10-08T02:45:18+00:00,【Episode05】,idol_ef328a51-2928-4d2d-a44f-5e3b92d305cf,白瀬咲耶,P,SSR,unit_2,アンティーカ,2026-04-29,limited_gacha,[],unknown,,https://wikiwiki.jp/shinycolors/%E3%80%90Episode05%E3%80%91%E7%99%BD%E7%80%AC%E5%92%B2%E8%80%B6,observed,base,wiki_only,shinycolors_enza,0c609f88-8e34-4e00-bbad-b635c6d06865,0c609f88-8e34-4e00-bbad-b635c6d06865,2026-10-06T16:29:53+00:00,"[""W02""]","[""series_status"",""collab_work""]"
v1-93a6a8b8d40e754a,1.0,2026-10-08T02:45:18+00:00,【ノー墨・勝者フェイス】,idol_a2f858c3-da6e-4d6f-b777-5367a2671399,黛冬優子,S,SSR,unit_5,ストレイライト,2020-01-01,limited_gacha,[],unknown,,https://wikiwiki.jp/shinycolors/%E3%80%90%E3%83%8E%E3%83%BC%E5%A2%A8%E3%83%BB%E5%8B%9D%E8%80%85%E3%83%95%E3%82%A7%E3%82%A4%E3%82%B9%E3%80%91%E9%BB%9B%E5%86%AC%E5%84%AA%E5%AD%90,observed,base,wiki_only,shinycolors_enza,0c736c45-056f-44cf-94ca-00f5655051ca,0c736c45-056f-44cf-94ca-00f5655051ca,2026-10-06T16:29:53+00:00,"[""W03""]","[""series_status"",""collab_work""]"
v1-93a6a8b8d40e754a,1.0,2026-10-08T02:45:18+00:00,【Master ShowPiece】,idol_813a7356-e821-43e7-b25f-c104ca28870d,西城樹里,S,SSR,unit_3,放課後クライマックスガールズ,2026-09-27,gacha_bonus,[],unknown,,https://wikiwiki.jp/shinycolors/%E3%80%90Master%20ShowPiece%E3%80%91%E8%A5%BF%E5%9F%8E%E6%A8%B9%E9%87%8C,observed,base,wiki_only,shinycolors_enza,0cce4996-6cff-435e-ac10-4040fb0f2637,0cce4996-6cff-435e-ac10-4040fb0f2637,2026-10-06T16:29:53+00:00,"[""W03""]","[""series_status"",""collab_work""]"
v1-93a6a8b8d40e754a,1.0,2026-10-08T02:45:18+00:00,【283プロのヒナ】,idol_8c18b422-295c-4259-9e14-413685deb7f8,大崎甘奈,S,R,unit_4,アルストロメリア,2018-04-24,permanent_gacha,[],unknown,,https://wikiwiki.jp/shinycolors/%E3%80%90283%E3%83%97%E3%83%AD%E3%81%AE%E3%83%92%E3%83%8A%E3%80%91%E5%A4%A7%E5%B4%8E%E7%94%98%E5%A5%88,observed,base,wiki_only,shinycolors_enza,0d0c3378-992f-4b57-ba72-62e77e1eb0e6,0d0c3378-992f-4b57-ba72-62e77e1eb0e6,2026-10-06T16:29:54+00:00,"[""W03""]","[""series_status"",""collab_work""]"
v1-93a6a8b8d40e754a,1.0,2026-10-08T02:45:18+00:00,【紡ぐ黄昏】,idol_813a7356-e821-43e7-b25f-c104ca28870d,西城樹里,S,SSR,unit_3,放課後クライマックスガールズ,2024-09-29,event_reward,[],unknown,,https://wikiwiki.jp/shinycolors/%E3%80%90%E7%B4%A1%E3%81%90%E9%BB%84%E6%98%8F%E3%80%91%E8%A5%BF%E5%9F%8E%E6%A8%B9%E9%87%8C,observed,base,wiki_only,shinycolors_enza,0d846c9c-e6d0-4097-9347-d5d77990fb2e,0d846c9c-e6d0-4097-9347-d5d77990fb2e,2026-10-06T16:29:53+00:00,"[""W03""]","[""series_status"",""collab_work""]"
v1-93a6a8b8d40e754a,1.0,2026-10-08T02:45:18+00:00,【ウォーターパーク☆リポート】,idol_8c18b422-295c-4259-9e14-413685deb7f8,大崎甘奈,S,SSR,unit_4,アルストロメリア,2024-06-29,limited_gacha,[],unknown,,https://wikiwiki.jp/shinycolors/%E3%80%90%E3%82%A6%E3%82%A9%E3%83%BC%E3%82%BF%E3%83%BC%E3%83%91%E3%83%BC%E3%82%AF%E2%98%86%E3%83%AA%E3%83%9D%E3%83%BC%E3%83%88%E3%80%91%E5%A4%A7%E5%B4%8E%E7%94%98%E5%A5%88,observed,base,wiki_only,shinycolors_enza,0dcdf776-e10f-4999-ad01-473d161496f1,0dcdf776-e10f-4999-ad01-473d161496f1,2026-10-06T16:29:53+00:00,"[""W03""]","[""series_status"",""collab_work""]"
v1-93a6a8b8d40e754a,1.0,2026-10-08T02:45:18+00:00,【パッチ・リコレクション】,idol_6,田中摩美々,S,SSR,unit_2,アンティーカ,2024-04-10,limited_gacha,[],unknown,,https://wikiwiki.jp/shinycolors/%E3%80%90%E3%83%91%E3%83%83%E3%83%81%E3%83%BB%E3%83%AA%E3%82%B3%E3%83%AC%E3%82%AF%E3%82%B7%E3%83%A7%E3%83%B3%E3%80%91%E7%94%B0%E4%B8%AD%E6%91%A9%E7%BE%8E%E3%80%85,observed,base,wiki_only,shinycolors_enza,0e2db3c6-6b25-44f3-88cf-3b756216048d,0e2db3c6-6b25-44f3-88cf-3b756216048d,2026-10-06T16:29:53+00:00,"[""W03""]","[""series_status"",""collab_work""]"
v1-93a6a8b8d40e754a,1.0,2026-10-08T02:45:18+00:00,【アイドルのたまご】,idol_b1cc8f6f-feab-4add-b5d9-d8777add7f60,大崎甜花,S,N,unit_4,アルストロメリア,2018-04-24,initial,[],unknown,,https://wikiwiki.jp/shinycolors/%E3%80%90%E3%82%A2%E3%82%A4%E3%83%89%E3%83%AB%E3%81%AE%E3%81%9F%E3%81%BE%E3%81%94%E3%80%91%E5%A4%A7%E5%B4%8E%E7%94%9C%E8%8A%B1,observed,base,wiki_only,shinycolors_enza,0e3c5a51-90d0-4c32-b31d-0c66e4b3c6df,0e3c5a51-90d0-4c32-b31d-0c66e4b3c6df,2026-10-06T16:29:54+00:00,"[""W03""]","[""series_status"",""collab_work""]"
v1-93a6a8b8d40e754a,1.0,2026-10-08T02:45:18+00:00,【お試し／みつゴコロ】,idol_81093365-1df1-4e6c-a252-27625c47ab96,三峰結華,P,SSR,unit_2,アンティーカ,2018-09-30,permanent_gacha,[],unknown,,https://wikiwiki.jp/shinycolors/%E3%80%90%E3%81%8A%E8%A9%A6%E3%81%97%EF%BC%8F%E3%81%BF%E3%81%A4%E3%82%B4%E3%82%B3%E3%83%AD%E3%80%91%E4%B8%89%E5%B3%B0%E7%B5%90%E8%8F%AF,observed,base,wiki_only,shinycolors_enza,0e70c53a-1569-4caa-982b-cf50a6dc27ab,0e70c53a-1569-4caa-982b-cf50a6dc27ab,2026-10-06T16:29:53+00:00,"[""W02""]","[""series_status"",""collab_work""]"
v1-93a6a8b8d40e754a,1.0,2026-10-08T02:45:18+00:00,【うち来る～！？】,idol_786e9b98-d1e4-4419-a69a-3281d07dd4fb,和泉愛依,S,SSR,unit_5,ストレイライト,2020-04-01,limited_gacha,[],unknown,,https://wikiwiki.jp/shinycolors/%E3%80%90%E3%81%86%E3%81%A1%E6%9D%A5%E3%82%8B%EF%BD%9E%EF%BC%81%EF%BC%9F%E3%80%91%E5%92%8C%E6%B3%89%E6%84%9B%E4%BE%9D,observed,base,wiki_only,shinycolors_enza,0ecae6db-75d6-4348-81db-0f7e2f47765b,0ecae6db-75d6-4348-81db-0f7e2f47765b,2026-10-06T16:29:53+00:00,"[""W03""]","[""series_status"",""collab_work""]"
v1-93a6a8b8d40e754a,1.0,2026-10-08T02:45:18+00:00,【Midnight parade!】,idol_6,田中摩美々,S,SSR,unit_2,アンティーカ,2024-10-26,gacha_bonus,[],unknown,,https://wikiwiki.jp/shinycolors/%E3%80%90Midnight%20parade%21%E3%80%91%E7%94%B0%E4%B8%AD%E6%91%A9%E7%BE%8E%E3%80%85,observed,base,wiki_only,shinycolors_enza,0eeec887-3366-45ee-b24c-3801ae2a80b7,0eeec887-3366-45ee-b24c-3801ae2a80b7,2026-10-06T16:29:53+00:00,"[""W03""]","[""series_status"",""collab_work""]"
v1-93a6a8b8d40e754a,1.0,2026-10-08T02:45:18+00:00,【サマーアイドル2022】,idol_736d3fca-9560-4156-96fc-66cc0159ea42,七草にちか,S,SR,unit_7,シーズ,2024-07-18,gacha_bonus,[],unknown,,https://wikiwiki.jp/shinycolors/%E3%80%90%E3%82%B5%E3%83%9E%E3%83%BC%E3%82%A2%E3%82%A4%E3%83%89%E3%83%AB2022%E3%80%91%E4%B8%83%E8%8D%89%E3%81%AB%E3%81%A1%E3%81%8B,observed,base,wiki_only,shinycolors_enza,0eefabe1-cb02-497a-a7af-2083aead3698,0eefabe1-cb02-497a-a7af-2083aead3698,2026-10-06T16:29:54+00:00,"[""W03""]","[""series_status"",""collab_work""]"
v1-93a6a8b8d40e754a,1.0,2026-10-08T02:45:18+00:00,【song for you】,idol_f0b34f52-342b-4fdd-8231-816605449447,郁田はるき,P,SSR,unit_8,コメティック,2025-05-20,collection_gacha,"[""parallel""]",known,,https://wikiwiki.jp/shinycolors/%E3%80%90song%20for%20you%E3%80%91%E9%83%81%E7%94%B0%E3%81%AF%E3%82%8B%E3%81%8D,observed,base,wiki_only,shinycolors_enza,0f09f6f6-8db2-4c3b-91a3-3ebc52e7fa62,0f09f6f6-8db2-4c3b-91a3-3ebc52e7fa62,2026-10-06T16:29:53+00:00,"[""W02""]","[""collab_work""]"
v1-93a6a8b8d40e754a,1.0,2026-10-08T02:45:18+00:00,【きっと色褪せるけど】,idol_e5ce74fd-2caf-4c1d-a696-0b1f17f7a53e,福丸小糸,S,SSR,unit_6,ノクチル,2022-10-11,permanent_gacha,[],unknown,,https://wikiwiki.jp/shinycolors/%E3%80%90%E3%81%8D%E3%81%A3%E3%81%A8%E8%89%B2%E8%A4%AA%E3%81%9B%E3%82%8B%E3%81%91%E3%81%A9%E3%80%91%E7%A6%8F%E4%B8%B8%E5%B0%8F%E7%B3%B8,observed,base,wiki_only,shinycolors_enza,0f1aa807-b4d0-473e-9711-1c7392f1c6c3,0f1aa807-b4d0-473e-9711-1c7392f1c6c3,2026-10-06T16:29:53+00:00,"[""W03""]","[""series_status"",""collab_work""]"
v1-93a6a8b8d40e754a,1.0,2026-10-08T02:45:18+00:00,【ダイブ・My・ハート】,idol_6,田中摩美々,P,SSR,unit_2,アンティーカ,2026-08-28,collection_gacha,"[""casting""]",known,,https://wikiwiki.jp/shinycolors/%E3%80%90%E3%83%80%E3%82%A4%E3%83%96%E3%83%BBMy%E3%83%BB%E3%83%8F%E3%83%BC%E3%83%88%E3%80%91%E7%94%B0%E4%B8%AD%E6%91%A9%E7%BE%8E%E3%80%85,observed,base,wiki_only,shinycolors_enza,0f1e9373-8b67-4519-8fbf-daf95e8922a0,0f1e9373-8b67-4519-8fbf-daf95e8922a0,2026-10-06T16:29:52+00:00,"[""W02""]","[""collab_work""]"
v1-93a6a8b8d40e754a,1.0,2026-10-08T02:45:18+00:00,【行こうって言ったら】,idol_72d6d5b6-dc2b-4e7c-90be-eb4770ba589b,市川雛菜,S,SR,unit_6,ノクチル,2024-11-02,campaign,[],unknown,,https://wikiwiki.jp/shinycolors/%E3%80%90%E8%A1%8C%E3%81%93%E3%81%86%E3%81%A3%E3%81%A6%E8%A8%80%E3%81%A3%E3%81%9F%E3%82%89%E3%80%91%E5%B8%82%E5%B7%9D%E9%9B%9B%E8%8F%9C,observed,base,wiki_only,shinycolors_enza,0f5500ab-7010-45f7-8072-90e0e4d13181,0f5500ab-7010-45f7-8072-90e0e4d13181,2026-10-06T16:29:54+00:00,"[""W03""]","[""series_status"",""collab_work""]"
v1-93a6a8b8d40e754a,1.0,2026-10-08T02:45:18+00:00,【アオハルランナーズ】,idol_92b8326c-72f5-4a2e-8581-7110738045f3,有栖川夏葉,S,SR,unit_3,放課後クライマックスガールズ,2023-04-12,event_reward,[],unknown,,https://wikiwiki.jp/shinycolors/%E3%80%90%E3%82%A2%E3%82%AA%E3%83%8F%E3%83%AB%E3%83%A9%E3%83%B3%E3%83%8A%E3%83%BC%E3%82%BA%E3%80%91%E6%9C%89%E6%A0%96%E5%B7%9D%E5%A4%8F%E8%91%89,observed,base,wiki_only,shinycolors_enza,0f80b082-927b-45f9-aaf4-de3c2d5ad4db,0f80b082-927b-45f9-aaf4-de3c2d5ad4db,2026-10-06T16:29:53+00:00,"[""W03""]","[""series_status"",""collab_work""]"
v1-93a6a8b8d40e754a,1.0,2026-10-08T02:45:18+00:00,【UNCHARTE:D】,idol_72d6d5b6-dc2b-4e7c-90be-eb4770ba589b,市川雛菜,P,SSR,unit_6,ノクチル,2023-03-22,collection_gacha,"[""mysongs""]",known,,https://wikiwiki.jp/shinycolors/%E3%80%90UNCHARTE%EF%BC%9AD%E3%80%91%E5%B8%82%E5%B7%9D%E9%9B%9B%E8%8F%9C,observed,base,wiki_only,shinycolors_enza,1008503f-e90a-4973-8ee1-fa210f858fc5,1008503f-e90a-4973-8ee1-fa210f858fc5,2026-10-06T16:29:53+00:00,"[""W02""]","[""collab_work""]"
v1-93a6a8b8d40e754a,1.0,2026-10-08T02:45:18+00:00,【イケてた！？】,idol_786e9b98-d1e4-4419-a69a-3281d07dd4fb,和泉愛依,S,SR,unit_5,ストレイライト,2021-03-12,event_reward,[],unknown,,https://wikiwiki.jp/shinycolors/%E3%80%90%E3%82%A4%E3%82%B1%E3%81%A6%E3%81%9F%EF%BC%81%EF%BC%9F%E3%80%91%E5%92%8C%E6%B3%89%E6%84%9B%E4%BE%9D,observed,base,wiki_only,shinycolors_enza,100a23f4-839c-44ac-8a5c-7bc3ed4dc8fb,100a23f4-839c-44ac-8a5c-7bc3ed4dc8fb,2026-10-06T16:29:53+00:00,"[""W03""]","[""series_status"",""collab_work""]"
v1-93a6a8b8d40e754a,1.0,2026-10-08T02:45:18+00:00,【Live/ing Light】,idol_786e9b98-d1e4-4419-a69a-3281d07dd4fb,和泉愛依,S,SSR,unit_5,ストレイライト,2025-06-07,collaboration_gacha,[],unknown,,https://wikiwiki.jp/shinycolors/%E3%80%90Live%EF%BC%8Fing%20Light%E3%80%91%E5%92%8C%E6%B3%89%E6%84%9B%E4%BE%9D,observed,base,wiki_only,shinycolors_enza,10636ce1-8e16-400e-a229-3560f9a5e65b,10636ce1-8e16-400e-a229-3560f9a5e65b,2026-10-06T16:29:53+00:00,"[""W03""]","[""series_status"",""collab_work""]"
v1-93a6a8b8d40e754a,1.0,2026-10-08T02:45:18+00:00,【腹が減っては遊びはできぬ】,idol_3c398182-7760-439e-8c77-3c09d173aa4c,芹沢あさひ,S,SR,unit_5,ストレイライト,2019-08-21,permanent_gacha,[],unknown,,https://wikiwiki.jp/shinycolors/%E3%80%90%E8%85%B9%E3%81%8C%E6%B8%9B%E3%81%A3%E3%81%A6%E3%81%AF%E9%81%8A%E3%81%B3%E3%81%AF%E3%81%A7%E3%81%8D%E3%81%AC%E3%80%91%E8%8A%B9%E6%B2%A2%E3%81%82%E3%81%95%E3%81%B2,observed,base,wiki_only,shinycolors_enza,106c6ba3-1646-4d43-a57b-0adf608f5438,106c6ba3-1646-4d43-a57b-0adf608f5438,2026-10-06T16:29:54+00:00,"[""W03""]","[""series_status"",""collab_work""]"
v1-93a6a8b8d40e754a,1.0,2026-10-08T02:45:18+00:00,【甜ing Room】,idol_b1cc8f6f-feab-4add-b5d9-d8777add7f60,大崎甜花,P,SSR,unit_4,アルストロメリア,2023-02-19,collection_gacha,"[""twilights""]",known,,https://wikiwiki.jp/shinycolors/%E3%80%90%E7%94%9Cing%20Room%E3%80%91%E5%A4%A7%E5%B4%8E%E7%94%9C%E8%8A%B1,observed,base,wiki_only,shinycolors_enza,108437f1-dd77-49e8-92c5-a9751bca1763,108437f1-dd77-49e8-92c5-a9751bca1763,2026-10-06T16:29:53+00:00,"[""W02""]","[""collab_work""]"
v1-93a6a8b8d40e754a,1.0,2026-10-08T02:45:18+00:00,【caaaaaaall】,idol_3,浅倉透,S,SSR,unit_6,ノクチル,2025-02-28,event_reward,[],unknown,,https://wikiwiki.jp/shinycolors/%E3%80%90caaaaaaall%E3%80%91%E6%B5%85%E5%80%89%E9%80%8F,observed,base,wiki_only,shinycolors_enza,10b5e551-f61f-4642-93e9-448607230a76,10b5e551-f61f-4642-93e9-448607230a76,2026-10-06T16:29:53+00:00,"[""W03""]","[""series_status"",""collab_work""]"
v1-93a6a8b8d40e754a,1.0,2026-10-08T02:45:18+00:00,【唯・唯・寧・詠】,idol_e579db5c-0930-4984-aa40-ebe5a00e8a4f,幽谷霧子,P,SSR,unit_2,アンティーカ,2024-01-26,collection_gacha,"[""mysongs""]",known,,https://wikiwiki.jp/shinycolors/%E3%80%90%E5%94%AF%E3%83%BB%E5%94%AF%E3%83%BB%E5%AF%A7%E3%83%BB%E8%A9%A0%E3%80%91%E5%B9%BD%E8%B0%B7%E9%9C%A7%E5%AD%90,observed,base,wiki_only,shinycolors_enza,10d618ff-bded-4547-bd03-4dd9224ef3b5,10d618ff-bded-4547-bd03-4dd9224ef3b5,2026-10-06T16:29:53+00:00,"[""W02""]","[""collab_work""]"
v1-93a6a8b8d40e754a,1.0,2026-10-08T02:45:18+00:00,【Master ShowPiece】,idol_0e2d3420-7295-4510-929d-01bf8378e12a,風野灯織,S,SSR,unit_1,イルミネーションスターズ,2026-09-26,gacha_bonus,[],unknown,,https://wikiwiki.jp/shinycolors/%E3%80%90Master%20ShowPiece%E3%80%91%E9%A2%A8%E9%87%8E%E7%81%AF%E7%B9%94,observed,base,wiki_only,shinycolors_enza,10e2edf8-6897-41dc-a47d-d2af1fb793ba,10e2edf8-6897-41dc-a47d-d2af1fb793ba,2026-10-06T16:29:53+00:00,"[""W03""]","[""series_status"",""collab_work""]"
v1-93a6a8b8d40e754a,1.0,2026-10-08T02:45:18+00:00,【それなら目をつぶりましょう】,idol_81093365-1df1-4e6c-a252-27625c47ab96,三峰結華,P,SSR,unit_2,アンティーカ,2019-05-10,permanent_gacha,[],unknown,,https://wikiwiki.jp/shinycolors/%E3%80%90%E3%81%9D%E3%82%8C%E3%81%AA%E3%82%89%E7%9B%AE%E3%82%92%E3%81%A4%E3%81%B6%E3%82%8A%E3%81%BE%E3%81%97%E3%82%87%E3%81%86%E3%80%91%E4%B8%89%E5%B3%B0%E7%B5%90%E8%8F%AF,observed,base,wiki_only,shinycolors_enza,113519e6-a69f-4247-b83b-43ad120be205,113519e6-a69f-4247-b83b-43ad120be205,2026-10-06T16:29:53+00:00,"[""W02""]","[""series_status"",""collab_work""]"
v1-93a6a8b8d40e754a,1.0,2026-10-08T02:45:18+00:00,【ジューンブライド2024】,idol_3,浅倉透,S,SSR,unit_6,ノクチル,2024-07-30,limited_gacha,"[""vote_selection""]",known,,https://wikiwiki.jp/shinycolors/%E3%80%90%E3%82%B8%E3%83%A5%E3%83%BC%E3%83%B3%E3%83%96%E3%83%A9%E3%82%A4%E3%83%892024%E3%80%91%E6%B5%85%E5%80%89%E9%80%8F,observed,base,wiki_only,shinycolors_enza,113d800e-e791-43f3-921b-797b5ca72778,113d800e-e791-43f3-921b-797b5ca72778,2026-10-07T00:59:08+00:00,"[""W03""]","[""collab_work""]"
v1-93a6a8b8d40e754a,1.0,2026-10-08T02:45:18+00:00,【犬・猿・雉・霧】,idol_e579db5c-0930-4984-aa40-ebe5a00e8a4f,幽谷霧子,S,SR,unit_2,アンティーカ,2023-01-10,collaboration_gacha,[],unknown,,https://wikiwiki.jp/shinycolors/%E3%80%90%E7%8A%AC%E3%83%BB%E7%8C%BF%E3%83%BB%E9%9B%89%E3%83%BB%E9%9C%A7%E3%80%91%E5%B9%BD%E8%B0%B7%E9%9C%A7%E5%AD%90,observed,base,wiki_only,shinycolors_enza,11764f76-bdba-4279-a06e-b4a752757d4d,11764f76-bdba-4279-a06e-b4a752757d4d,2026-10-06T16:29:53+00:00,"[""W03""]","[""series_status"",""collab_work""]"
v1-93a6a8b8d40e754a,1.0,2026-10-08T02:45:18+00:00,【specially made】,idol_f0b34f52-342b-4fdd-8231-816605449447,郁田はるき,S,SR,unit_8,コメティック,2024-01-01,gacha_bonus,[],unknown,,https://wikiwiki.jp/shinycolors/%E3%80%90specially%20made%E3%80%91%E9%83%81%E7%94%B0%E3%81%AF%E3%82%8B%E3%81%8D,observed,base,wiki_only,shinycolors_enza,118d5807-982b-4d8f-953b-edf37d22042a,118d5807-982b-4d8f-953b-edf37d22042a,2026-10-06T16:29:54+00:00,"[""W03""]","[""series_status"",""collab_work""]"
v1-93a6a8b8d40e754a,1.0,2026-10-08T02:45:18+00:00,【さかさまハート】,idol_8c18b422-295c-4259-9e14-413685deb7f8,大崎甘奈,P,SSR,unit_4,アルストロメリア,2025-12-17,collection_gacha,"[""casting""]",known,,https://wikiwiki.jp/shinycolors/%E3%80%90%E3%81%95%E3%81%8B%E3%81%95%E3%81%BE%E3%83%8F%E3%83%BC%E3%83%88%E3%80%91%E5%A4%A7%E5%B4%8E%E7%94%98%E5%A5%88,observed,base,wiki_only,shinycolors_enza,11b2711f-bb29-4ac7-9f5d-77a09d2d7ac4,11b2711f-bb29-4ac7-9f5d-77a09d2d7ac4,2026-10-06T16:29:53+00:00,"[""W02""]","[""collab_work""]"
v1-93a6a8b8d40e754a,1.0,2026-10-08T02:45:18+00:00,【お菓子なティータイム】,idol_8c18b422-295c-4259-9e14-413685deb7f8,大崎甘奈,S,SSR,unit_4,アルストロメリア,2019-01-31,permanent_gacha,[],unknown,,https://wikiwiki.jp/shinycolors/%E3%80%90%E3%81%8A%E8%8F%93%E5%AD%90%E3%81%AA%E3%83%86%E3%82%A3%E3%83%BC%E3%82%BF%E3%82%A4%E3%83%A0%E3%80%91%E5%A4%A7%E5%B4%8E%E7%94%98%E5%A5%88,observed,base,wiki_only,shinycolors_enza,11ceaeb7-769e-43a8-a5f8-520f80e84125,11ceaeb7-769e-43a8-a5f8-520f80e84125,2026-10-06T16:29:53+00:00,"[""W03""]","[""series_status"",""collab_work""]"
v1-93a6a8b8d40e754a,1.0,2026-10-08T02:45:18+00:00,【会いに行かんば～！】,idol_e91e6363-2dc9-42c1-bbf1-a759e797c2d1,月岡恋鐘,S,SSR,unit_2,アンティーカ,2021-03-12,limited_gacha,[],unknown,,https://wikiwiki.jp/shinycolors/%E3%80%90%E4%BC%9A%E3%81%84%E3%81%AB%E8%A1%8C%E3%81%8B%E3%82%93%E3%81%B0%EF%BD%9E%EF%BC%81%E3%80%91%E6%9C%88%E5%B2%A1%E6%81%8B%E9%90%98,observed,base,wiki_only,shinycolors_enza,11dbd245-eb2b-4acb-8e1b-b77f164f99c5,11dbd245-eb2b-4acb-8e1b-b77f164f99c5,2026-10-06T16:29:53+00:00,"[""W03""]","[""series_status"",""collab_work""]"
v1-93a6a8b8d40e754a,1.0,2026-10-08T02:45:18+00:00,【NoNoNo:Bunny】,idol_0c19be81-d3e3-4383-b5d4-0a94b290dba9,斑鳩ルカ,P,SSR,unit_8,コメティック,2025-08-20,limited_gacha,"[""expansion""]",known,,https://wikiwiki.jp/shinycolors/%E3%80%90NoNoNo%EF%BC%9ABunny%E3%80%91%E6%96%91%E9%B3%A9%E3%83%AB%E3%82%AB,observed,base,wiki_only,shinycolors_enza,11e33870-d1e1-423d-82ec-54a712fbabe1,11e33870-d1e1-423d-82ec-54a712fbabe1,2026-10-07T00:59:08+00:00,"[""W02""]","[""collab_work""]"
v1-93a6a8b8d40e754a,1.0,2026-10-08T02:45:18+00:00,【ジューンブライド2026】,idol_736d3fca-9560-4156-96fc-66cc0159ea42,七草にちか,S,SSR,unit_7,シーズ,2026-07-30,limited_gacha,[],unknown,,https://wikiwiki.jp/shinycolors/%E3%80%90%E3%82%B8%E3%83%A5%E3%83%BC%E3%83%B3%E3%83%96%E3%83%A9%E3%82%A4%E3%83%892026%E3%80%91%E4%B8%83%E8%8D%89%E3%81%AB%E3%81%A1%E3%81%8B,observed,base,wiki_only,shinycolors_enza,123308d5-fd15-4e20-b9c7-8879286ed615,123308d5-fd15-4e20-b9c7-8879286ed615,2026-10-06T16:29:53+00:00,"[""W03""]","[""series_status"",""collab_work""]"
v1-93a6a8b8d40e754a,1.0,2026-10-08T02:45:18+00:00,【幸福のリズム】,idol_ef328a51-2928-4d2d-a44f-5e3b92d305cf,白瀬咲耶,P,SSR,unit_2,アンティーカ,2019-06-10,permanent_gacha,[],unknown,,https://wikiwiki.jp/shinycolors/%E3%80%90%E5%B9%B8%E7%A6%8F%E3%81%AE%E3%83%AA%E3%82%BA%E3%83%A0%E3%80%91%E7%99%BD%E7%80%AC%E5%92%B2%E8%80%B6,observed,base,wiki_only,shinycolors_enza,126888fe-c6c0-4066-88e9-88b7ec4b4558,126888fe-c6c0-4066-88e9-88b7ec4b4558,2026-10-06T16:29:53+00:00,"[""W02""]","[""series_status"",""collab_work""]"
v1-93a6a8b8d40e754a,1.0,2026-10-08T02:45:18+00:00,【283プロのヒナ】,idol_7,園田智代子,S,R,unit_3,放課後クライマックスガールズ,2018-04-24,permanent_gacha,[],unknown,,https://wikiwiki.jp/shinycolors/%E3%80%90283%E3%83%97%E3%83%AD%E3%81%AE%E3%83%92%E3%83%8A%E3%80%91%E5%9C%92%E7%94%B0%E6%99%BA%E4%BB%A3%E5%AD%90,observed,base,wiki_only,shinycolors_enza,126aecb9-cd23-4e5b-98aa-4001c6553c83,126aecb9-cd23-4e5b-98aa-4001c6553c83,2026-10-06T16:29:54+00:00,"[""W03""]","[""series_status"",""collab_work""]"
v1-93a6a8b8d40e754a,1.0,2026-10-08T02:45:18+00:00,【白いツバサ】,idol_0e2d3420-7295-4510-929d-01bf8378e12a,風野灯織,P,SR,unit_1,イルミネーションスターズ,,mission,[],unknown,,https://wikiwiki.jp/shinycolors/%E3%80%90%E7%99%BD%E3%81%84%E3%83%84%E3%83%90%E3%82%B5%E3%80%91%E9%A2%A8%E9%87%8E%E7%81%AF%E7%B9%94,observed,idol_road_sr,wiki_only,shinycolors_enza,12717e2f-3294-4f1e-855c-68e9505e07b3,f51af479-4c50-42d4-a13f-7a7c8618774e,2026-10-06T16:29:54+00:00,"[""W08""]","[""first_implemented_on"",""series_status"",""collab_work""]"
v1-93a6a8b8d40e754a,1.0,2026-10-08T02:45:18+00:00,【花結びゆくゆく】,idol_1,櫻木真乃,P,SR,unit_1,イルミネーションスターズ,2020-03-10,permanent_gacha,[],unknown,,https://wikiwiki.jp/shinycolors/%E3%80%90%E8%8A%B1%E7%B5%90%E3%81%B3%E3%82%86%E3%81%8F%E3%82%86%E3%81%8F%E3%80%91%E6%AB%BB%E6%9C%A8%E7%9C%9F%E4%B9%83,observed,base,wiki_only,shinycolors_enza,12c17352-6bb3-47ee-abf4-f1018a2545e7,12c17352-6bb3-47ee-abf4-f1018a2545e7,2026-10-06T16:29:53+00:00,"[""W02""]","[""series_status"",""collab_work""]"
v1-93a6a8b8d40e754a,1.0,2026-10-08T02:45:18+00:00,【私にできること】,idol_3,浅倉透,S,SR,unit_6,ノクチル,2024-12-14,campaign,[],unknown,,https://wikiwiki.jp/shinycolors/%E3%80%90%E7%A7%81%E3%81%AB%E3%81%A7%E3%81%8D%E3%82%8B%E3%81%93%E3%81%A8%E3%80%91%E6%B5%85%E5%80%89%E9%80%8F,observed,base,wiki_only,shinycolors_enza,12da0b73-8837-4b68-be57-1961ad3c1fb5,12da0b73-8837-4b68-be57-1961ad3c1fb5,2026-10-06T16:29:53+00:00,"[""W03""]","[""series_status"",""collab_work""]"
v1-93a6a8b8d40e754a,1.0,2026-10-08T02:45:18+00:00,【食堂のリトルアイドル】,idol_e91e6363-2dc9-42c1-bbf1-a759e797c2d1,月岡恋鐘,S,SSR,unit_2,アンティーカ,2026-08-07,collection_gacha,"[""prelude""]",known,,https://wikiwiki.jp/shinycolors/%E3%80%90%E9%A3%9F%E5%A0%82%E3%81%AE%E3%83%AA%E3%83%88%E3%83%AB%E3%82%A2%E3%82%A4%E3%83%89%E3%83%AB%E3%80%91%E6%9C%88%E5%B2%A1%E6%81%8B%E9%90%98,observed,base,wiki_only,shinycolors_enza,12fce52f-7d61-4b74-95da-3c02533953be,12fce52f-7d61-4b74-95da-3c02533953be,2026-10-06T16:29:53+00:00,"[""W03""]","[""collab_work""]"
v1-93a6a8b8d40e754a,1.0,2026-10-08T02:45:18+00:00,【かっこよさの定義】,idol_ef328a51-2928-4d2d-a44f-5e3b92d305cf,白瀬咲耶,S,SSR,unit_2,アンティーカ,2026-08-19,collection_gacha,"[""twilights""]",known,,https://wikiwiki.jp/shinycolors/%E3%80%90%E3%81%8B%E3%81%A3%E3%81%93%E3%82%88%E3%81%95%E3%81%AE%E5%AE%9A%E7%BE%A9%E3%80%91%E7%99%BD%E7%80%AC%E5%92%B2%E8%80%B6,observed,base,wiki_only,shinycolors_enza,132de9fb-3b7f-461c-a0bd-96e1799d2fe1,132de9fb-3b7f-461c-a0bd-96e1799d2fe1,2026-10-06T16:29:53+00:00,"[""W03""]","[""collab_work""]"
v1-93a6a8b8d40e754a,1.0,2026-10-08T02:45:18+00:00,【シェア・シェア・ハピネス】,idol_d4177c5c-4600-4381-b5da-758f87fc23d7,八宮めぐる,S,SSR,unit_1,イルミネーションスターズ,2022-09-30,exchange,[],unknown,,https://wikiwiki.jp/shinycolors/%E3%80%90%E3%82%B7%E3%82%A7%E3%82%A2%E3%83%BB%E3%82%B7%E3%82%A7%E3%82%A2%E3%83%BB%E3%83%8F%E3%83%94%E3%83%8D%E3%82%B9%E3%80%91%E5%85%AB%E5%AE%AE%E3%82%81%E3%81%90%E3%82%8B,observed,base,wiki_only,shinycolors_enza,143d85eb-6854-4319-ad30-a8d0f1b71e59,143d85eb-6854-4319-ad30-a8d0f1b71e59,2026-10-06T16:29:53+00:00,"[""W03""]","[""series_status"",""collab_work""]"
v1-93a6a8b8d40e754a,1.0,2026-10-08T02:45:18+00:00,【あわく、とけて】,idol_ef328a51-2928-4d2d-a44f-5e3b92d305cf,白瀬咲耶,S,SSR,unit_2,アンティーカ,2026-07-30,exchange,[],unknown,,https://wikiwiki.jp/shinycolors/%E3%80%90%E3%81%82%E3%82%8F%E3%81%8F%E3%80%81%E3%81%A8%E3%81%91%E3%81%A6%E3%80%91%E7%99%BD%E7%80%AC%E5%92%B2%E8%80%B6,observed,base,wiki_only,shinycolors_enza,145864c1-c49e-43c0-beba-1a10354d463f,145864c1-c49e-43c0-beba-1a10354d463f,2026-10-06T16:29:53+00:00,"[""W03""]","[""series_status"",""collab_work""]"
v1-93a6a8b8d40e754a,1.0,2026-10-08T02:45:18+00:00,【ホーカゴ・ア・ゴーゴー！】,idol_df07e98b-12f2-4984-b8f6-8da0a47c0cc7,小宮果穂,S,SR,unit_3,放課後クライマックスガールズ,2020-05-13,event_reward,[],unknown,,https://wikiwiki.jp/shinycolors/%E3%80%90%E3%83%9B%E3%83%BC%E3%82%AB%E3%82%B4%E3%83%BB%E3%82%A2%E3%83%BB%E3%82%B4%E3%83%BC%E3%82%B4%E3%83%BC%EF%BC%81%E3%80%91%E5%B0%8F%E5%AE%AE%E6%9E%9C%E7%A9%82,observed,base,wiki_only,shinycolors_enza,1492cddf-fd33-41e0-b5dc-6df8c0c9836b,1492cddf-fd33-41e0-b5dc-6df8c0c9836b,2026-10-06T16:29:53+00:00,"[""W03""]","[""series_status"",""collab_work""]"
v1-93a6a8b8d40e754a,1.0,2026-10-08T02:45:18+00:00,【最初の勇気】,idol_e91e6363-2dc9-42c1-bbf1-a759e797c2d1,月岡恋鐘,S,SR,unit_2,アンティーカ,2024-06-01,campaign,[],unknown,,https://wikiwiki.jp/shinycolors/%E3%80%90%E6%9C%80%E5%88%9D%E3%81%AE%E5%8B%87%E6%B0%97%E3%80%91%E6%9C%88%E5%B2%A1%E6%81%8B%E9%90%98,observed,base,wiki_only,shinycolors_enza,14b39171-2b9d-4312-b043-397f84de844e,14b39171-2b9d-4312-b043-397f84de844e,2026-10-06T16:29:54+00:00,"[""W03""]","[""series_status"",""collab_work""]"
v1-93a6a8b8d40e754a,1.0,2026-10-08T02:45:18+00:00,【心の交わる場所】,idol_e579db5c-0930-4984-aa40-ebe5a00e8a4f,幽谷霧子,S,SSR,unit_2,アンティーカ,2026-09-23,limited_gacha,"[""birthday""]",known,,https://wikiwiki.jp/shinycolors/%E3%80%90%E5%BF%83%E3%81%AE%E4%BA%A4%E3%82%8F%E3%82%8B%E5%A0%B4%E6%89%80%E3%80%91%E5%B9%BD%E8%B0%B7%E9%9C%A7%E5%AD%90,observed,base,wiki_only,shinycolors_enza,14d6ab44-903b-4c43-b21c-f1d33da4f211,14d6ab44-903b-4c43-b21c-f1d33da4f211,2026-10-06T16:29:53+00:00,"[""W03""]","[""collab_work""]"
v1-93a6a8b8d40e754a,1.0,2026-10-08T02:45:18+00:00,【白いツバサ】,idol_2,樋口円香,P,SR,unit_6,ノクチル,,mission,[],unknown,,https://wikiwiki.jp/shinycolors/%E3%80%90%E7%99%BD%E3%81%84%E3%83%84%E3%83%90%E3%82%B5%E3%80%91%E6%A8%8B%E5%8F%A3%E5%86%86%E9%A6%99,observed,idol_road_sr,wiki_only,shinycolors_enza,150a5156-78db-4a91-aec3-54dce69abb1c,a867ea64-a4cd-4feb-9f0a-8dffd7085518,2026-10-06T16:29:54+00:00,"[""W08""]","[""first_implemented_on"",""series_status"",""collab_work""]"
v1-93a6a8b8d40e754a,1.0,2026-10-08T02:45:18+00:00,【HAPPY-!NG】,idol_72d6d5b6-dc2b-4e7c-90be-eb4770ba589b,市川雛菜,P,SSR,unit_6,ノクチル,2020-06-19,permanent_gacha,[],unknown,,https://wikiwiki.jp/shinycolors/%E3%80%90HAPPY-%21NG%E3%80%91%E5%B8%82%E5%B7%9D%E9%9B%9B%E8%8F%9C,observed,base,wiki_only,shinycolors_enza,150f2502-979c-44b4-ba13-fb61f7be88a4,150f2502-979c-44b4-ba13-fb61f7be88a4,2026-10-06T16:29:53+00:00,"[""W02""]","[""series_status"",""collab_work""]"
v1-93a6a8b8d40e754a,1.0,2026-10-08T02:45:18+00:00,【'25Pカップ】,idol_52544385-3ea1-42e6-bb47-faff2c6f9b4f,桑山千雪,S,SR,unit_4,アルストロメリア,2025-04-15,event_reward,[],unknown,,https://wikiwiki.jp/shinycolors/%E3%80%90%2725P%E3%82%AB%E3%83%83%E3%83%97%E3%80%91%E6%A1%91%E5%B1%B1%E5%8D%83%E9%9B%AA,observed,base,wiki_only,shinycolors_enza,151b0864-9a36-48ee-aaef-550ec1a58893,151b0864-9a36-48ee-aaef-550ec1a58893,2026-10-06T16:29:53+00:00,"[""W03""]","[""series_status"",""collab_work""]"
v1-93a6a8b8d40e754a,1.0,2026-10-08T02:45:18+00:00,【としたてば旅】,idol_1,櫻木真乃,P,SSR,unit_1,イルミネーションスターズ,2026-01-09,limited_gacha,[],unknown,,https://wikiwiki.jp/shinycolors/%E3%80%90%E3%81%A8%E3%81%97%E3%81%9F%E3%81%A6%E3%81%B0%E6%97%85%E3%80%91%E6%AB%BB%E6%9C%A8%E7%9C%9F%E4%B9%83,observed,base,wiki_only,shinycolors_enza,151e3e78-20c3-418e-9546-d7a57a2e5b38,151e3e78-20c3-418e-9546-d7a57a2e5b38,2026-10-06T16:29:53+00:00,"[""W02""]","[""series_status"",""collab_work""]"
v1-93a6a8b8d40e754a,1.0,2026-10-08T02:45:18+00:00,【潮騒のシーショア】,idol_df07e98b-12f2-4984-b8f6-8da0a47c0cc7,小宮果穂,P,SSR,unit_3,放課後クライマックスガールズ,2019-08-21,permanent_gacha,[],unknown,,https://wikiwiki.jp/shinycolors/%E3%80%90%E6%BD%AE%E9%A8%92%E3%81%AE%E3%82%B7%E3%83%BC%E3%82%B7%E3%83%A7%E3%82%A2%E3%80%91%E5%B0%8F%E5%AE%AE%E6%9E%9C%E7%A9%82,observed,base,wiki_only,shinycolors_enza,152a8b9c-282c-4eb3-9065-36be11c6f3ff,152a8b9c-282c-4eb3-9065-36be11c6f3ff,2026-10-06T16:29:53+00:00,"[""W02""]","[""series_status"",""collab_work""]"
v1-93a6a8b8d40e754a,1.0,2026-10-08T02:45:18+00:00,【かっとばし党の長い夏】,idol_3,浅倉透,S,SSR,unit_6,ノクチル,2022-08-10,permanent_gacha,[],unknown,,https://wikiwiki.jp/shinycolors/%E3%80%90%E3%81%8B%E3%81%A3%E3%81%A8%E3%81%B0%E3%81%97%E5%85%9A%E3%81%AE%E9%95%B7%E3%81%84%E5%A4%8F%E3%80%91%E6%B5%85%E5%80%89%E9%80%8F,observed,base,wiki_only,shinycolors_enza,152d4610-1bd7-41ec-b732-6c04f213cd02,152d4610-1bd7-41ec-b732-6c04f213cd02,2026-10-06T16:29:53+00:00,"[""W03""]","[""series_status"",""collab_work""]"
v1-93a6a8b8d40e754a,1.0,2026-10-08T02:45:18+00:00,【夏服にWIND YOU！】,idol_813a7356-e821-43e7-b25f-c104ca28870d,西城樹里,P,SR,unit_3,放課後クライマックスガールズ,2020-06-19,collaboration_gacha,[],unknown,,https://wikiwiki.jp/shinycolors/%E3%80%90%E5%A4%8F%E6%9C%8D%E3%81%ABWIND%20YOU%EF%BC%81%E3%80%91%E8%A5%BF%E5%9F%8E%E6%A8%B9%E9%87%8C,observed,base,wiki_only,shinycolors_enza,156ef1da-4fc0-4fb5-bb70-3ea21601fd99,156ef1da-4fc0-4fb5-bb70-3ea21601fd99,2026-10-06T16:29:53+00:00,"[""W02""]","[""series_status"",""collab_work""]"
v1-93a6a8b8d40e754a,1.0,2026-10-08T02:45:18+00:00,【間違いそうだ】,idol_736d3fca-9560-4156-96fc-66cc0159ea42,七草にちか,S,SSR,unit_7,シーズ,2021-09-10,permanent_gacha,[],unknown,,https://wikiwiki.jp/shinycolors/%E3%80%90%E9%96%93%E9%81%95%E3%81%84%E3%81%9D%E3%81%86%E3%81%A0%E3%80%91%E4%B8%83%E8%8D%89%E3%81%AB%E3%81%A1%E3%81%8B,observed,base,wiki_only,shinycolors_enza,1583d473-2e47-4cd5-b1ba-b2a43f87a38b,1583d473-2e47-4cd5-b1ba-b2a43f87a38b,2026-10-06T16:29:53+00:00,"[""W03""]","[""series_status"",""collab_work""]"
v1-93a6a8b8d40e754a,1.0,2026-10-08T02:45:18+00:00,【♡まっクろはムウサぎ♡】,idol_736d3fca-9560-4156-96fc-66cc0159ea42,七草にちか,P,SSR,unit_7,シーズ,2021-05-10,permanent_gacha,[],unknown,,https://wikiwiki.jp/shinycolors/%E3%80%90%E3%81%BE%E3%81%A3%E3%82%AF%E3%82%8D%E3%81%AF%E3%83%A0%E3%82%A6%E3%82%B5%E3%81%8E%E3%80%91%E4%B8%83%E8%8D%89%E3%81%AB%E3%81%A1%E3%81%8B,observed,base,wiki_only,shinycolors_enza,168f56a2-64fd-4bf1-bc00-32884918f836,168f56a2-64fd-4bf1-bc00-32884918f836,2026-10-06T16:29:53+00:00,"[""W02""]","[""series_status"",""collab_work""]"
v1-93a6a8b8d40e754a,1.0,2026-10-08T02:45:18+00:00,【フルホンズ】,idol_3,浅倉透,S,SR,unit_6,ノクチル,2025-10-08,event_reward,[],unknown,,https://wikiwiki.jp/shinycolors/%E3%80%90%E3%83%95%E3%83%AB%E3%83%9B%E3%83%B3%E3%82%BA%E3%80%91%E6%B5%85%E5%80%89%E9%80%8F,observed,base,wiki_only,shinycolors_enza,16a590c2-f75a-4493-8f97-1654b5616e01,16a590c2-f75a-4493-8f97-1654b5616e01,2026-10-06T16:29:53+00:00,"[""W03""]","[""series_status"",""collab_work""]"
v1-93a6a8b8d40e754a,1.0,2026-10-08T02:45:18+00:00,【福倉口 雛】,idol_3,浅倉透,S,SR,unit_6,ノクチル,2026-04-01,gacha_bonus,[],unknown,,,not_found,base,wiki_only,shinycolors_enza,16c99e4f-e27c-4573-9084-83c0a1c7f8cd,16c99e4f-e27c-4573-9084-83c0a1c7f8cd,2026-10-06T16:29:53+00:00,"[""W03""]","[""series_status"",""collab_work"",""wiki_url""]"
v1-93a6a8b8d40e754a,1.0,2026-10-08T02:45:18+00:00,【Kn☆cking.Kn☆cking.】,idol_7,園田智代子,P,SSR,unit_3,放課後クライマックスガールズ,2023-11-21,permanent_gacha,[],unknown,,https://wikiwiki.jp/shinycolors/%E3%80%90Kn%E2%98%86cking.Kn%E2%98%86cking.%E3%80%91%E5%9C%92%E7%94%B0%E6%99%BA%E4%BB%A3%E5%AD%90,observed,base,wiki_only,shinycolors_enza,16e638bd-bf34-4a58-913b-551462d64ef4,16e638bd-bf34-4a58-913b-551462d64ef4,2026-10-06T16:29:53+00:00,"[""W02""]","[""series_status"",""collab_work""]"
v1-93a6a8b8d40e754a,1.0,2026-10-08T02:45:18+00:00,【常夏CLIMAX】,idol_51651b60-7996-412b-bd16-5c1c3f3faebf,杜野凛世,S,SSR,unit_3,放課後クライマックスガールズ,2019-07-31,event_reward,[],unknown,,https://wikiwiki.jp/shinycolors/%E3%80%90%E5%B8%B8%E5%A4%8FCLIMAX%E3%80%91%E6%9D%9C%E9%87%8E%E5%87%9B%E4%B8%96,observed,base,wiki_only,shinycolors_enza,16fe09be-07dc-41f7-a452-c60e38f06e52,16fe09be-07dc-41f7-a452-c60e38f06e52,2026-10-06T16:29:53+00:00,"[""W03""]","[""series_status"",""collab_work""]"
v1-93a6a8b8d40e754a,1.0,2026-10-08T02:45:18+00:00,【アンシーン・ダブルキャスト】,idol_a2f858c3-da6e-4d6f-b777-5367a2671399,黛冬優子,P,SSR,unit_5,ストレイライト,2020-07-21,limited_gacha,[],unknown,,https://wikiwiki.jp/shinycolors/%E3%80%90%E3%82%A2%E3%83%B3%E3%82%B7%E3%83%BC%E3%83%B3%E3%83%BB%E3%83%80%E3%83%96%E3%83%AB%E3%82%AD%E3%83%A3%E3%82%B9%E3%83%88%E3%80%91%E9%BB%9B%E5%86%AC%E5%84%AA%E5%AD%90,observed,base,wiki_only,shinycolors_enza,170593b1-e9f7-40eb-8952-7ed2c1829d8e,170593b1-e9f7-40eb-8952-7ed2c1829d8e,2026-10-06T16:29:53+00:00,"[""W02""]","[""series_status"",""collab_work""]"
v1-93a6a8b8d40e754a,1.0,2026-10-08T02:45:18+00:00,【金色の元気いっぱいガール】,idol_d4177c5c-4600-4381-b5da-758f87fc23d7,八宮めぐる,P,SSR,unit_1,イルミネーションスターズ,2018-04-24,permanent_gacha,[],unknown,,https://wikiwiki.jp/shinycolors/%E3%80%90%E9%87%91%E8%89%B2%E3%81%AE%E5%85%83%E6%B0%97%E3%81%84%E3%81%A3%E3%81%B1%E3%81%84%E3%82%AC%E3%83%BC%E3%83%AB%E3%80%91%E5%85%AB%E5%AE%AE%E3%82%81%E3%81%90%E3%82%8B,observed,base,wiki_only,shinycolors_enza,171379c6-a95e-4743-9c5b-717fc660efb6,171379c6-a95e-4743-9c5b-717fc660efb6,2026-10-06T16:29:53+00:00,"[""W02""]","[""series_status"",""collab_work""]"
v1-93a6a8b8d40e754a,1.0,2026-10-08T02:45:18+00:00,【MY：♡ur Castle】,idol_72d6d5b6-dc2b-4e7c-90be-eb4770ba589b,市川雛菜,S,SR,unit_6,ノクチル,2025-02-07,event_reward,[],unknown,,https://wikiwiki.jp/shinycolors/%E3%80%90MY%EF%BC%9A%E2%99%A1ur%20Castle%E3%80%91%E5%B8%82%E5%B7%9D%E9%9B%9B%E8%8F%9C,observed,base,wiki_only,shinycolors_enza,17209c16-73c2-4fbc-9524-f168c03c2b8d,17209c16-73c2-4fbc-9524-f168c03c2b8d,2026-10-06T16:29:53+00:00,"[""W03""]","[""series_status"",""collab_work""]"
v1-93a6a8b8d40e754a,1.0,2026-10-08T02:45:18+00:00,【彩りファッションドール】,idol_b1cc8f6f-feab-4add-b5d9-d8777add7f60,大崎甜花,S,SSR,unit_4,アルストロメリア,2018-04-24,permanent_gacha,[],unknown,,https://wikiwiki.jp/shinycolors/%E3%80%90%E5%BD%A9%E3%82%8A%E3%83%95%E3%82%A1%E3%83%83%E3%82%B7%E3%83%A7%E3%83%B3%E3%83%89%E3%83%BC%E3%83%AB%E3%80%91%E5%A4%A7%E5%B4%8E%E7%94%9C%E8%8A%B1,observed,base,wiki_only,shinycolors_enza,1725e01e-9045-4e07-a1e5-51db23e51d94,1725e01e-9045-4e07-a1e5-51db23e51d94,2026-10-06T16:29:53+00:00,"[""W03""]","[""series_status"",""collab_work""]"
v1-93a6a8b8d40e754a,1.0,2026-10-08T02:45:18+00:00,【ラフ？ガール】,idol_7,園田智代子,S,SR,unit_3,放課後クライマックスガールズ,2024-01-12,collaboration_gacha,[],unknown,,https://wikiwiki.jp/shinycolors/%E3%80%90%E3%83%A9%E3%83%95%EF%BC%9F%E3%82%AC%E3%83%BC%E3%83%AB%E3%80%91%E5%9C%92%E7%94%B0%E6%99%BA%E4%BB%A3%E5%AD%90,observed,base,wiki_only,shinycolors_enza,1726764a-5aa2-4015-a739-1d7c5a29b05c,1726764a-5aa2-4015-a739-1d7c5a29b05c,2026-10-06T16:29:53+00:00,"[""W03""]","[""series_status"",""collab_work""]"
v1-93a6a8b8d40e754a,1.0,2026-10-08T02:45:18+00:00,【starring F】,idol_a2f858c3-da6e-4d6f-b777-5367a2671399,黛冬優子,P,SSR,unit_5,ストレイライト,2020-12-23,permanent_gacha,[],unknown,,https://wikiwiki.jp/shinycolors/%E3%80%90starring%20F%E3%80%91%E9%BB%9B%E5%86%AC%E5%84%AA%E5%AD%90,observed,base,wiki_only,shinycolors_enza,17322172-06f2-4de0-9126-b73e83dad1f1,17322172-06f2-4de0-9126-b73e83dad1f1,2026-10-06T16:29:53+00:00,"[""W02""]","[""series_status"",""collab_work""]"
v1-93a6a8b8d40e754a,1.0,2026-10-08T02:45:18+00:00,【２８３プロの日常】,idol_a1ecc291-124c-4aaa-8346-467a4386234b,七草はづき,S,SSR,,,2024-10-24,limited_gacha,[],unknown,,https://wikiwiki.jp/shinycolors/%E3%80%90%EF%BC%92%EF%BC%98%EF%BC%93%E3%83%97%E3%83%AD%E3%81%AE%E6%97%A5%E5%B8%B8%E3%80%91%E4%B8%83%E8%8D%89%E3%81%AF%E3%81%A5%E3%81%8D,observed,base,wiki_only,shinycolors_enza,174d7289-0d33-49fd-92a7-f034d3e85d90,174d7289-0d33-49fd-92a7-f034d3e85d90,2026-10-06T16:29:53+00:00,"[""W03""]","[""unit_id"",""unit_name"",""series_status"",""collab_work""]"
v1-93a6a8b8d40e754a,1.0,2026-10-08T02:45:18+00:00,【◎もちもちよこ◎】,idol_7,園田智代子,S,SSR,unit_3,放課後クライマックスガールズ,2023-01-01,limited_gacha,[],unknown,,https://wikiwiki.jp/shinycolors/%E3%80%90%E2%97%8E%E3%82%82%E3%81%A1%E3%82%82%E3%81%A1%E3%82%88%E3%81%93%E2%97%8E%E3%80%91%E5%9C%92%E7%94%B0%E6%99%BA%E4%BB%A3%E5%AD%90,observed,base,wiki_only,shinycolors_enza,1761fad4-5d1d-4faa-88a1-b24273250fed,1761fad4-5d1d-4faa-88a1-b24273250fed,2026-10-06T16:29:53+00:00,"[""W03""]","[""series_status"",""collab_work""]"
v1-93a6a8b8d40e754a,1.0,2026-10-08T02:45:18+00:00,【秘密のがんばり】,idol_8c18b422-295c-4259-9e14-413685deb7f8,大崎甘奈,S,SR,unit_4,アルストロメリア,2018-04-24,permanent_gacha,[],unknown,,https://wikiwiki.jp/shinycolors/%E3%80%90%E7%A7%98%E5%AF%86%E3%81%AE%E3%81%8C%E3%82%93%E3%81%B0%E3%82%8A%E3%80%91%E5%A4%A7%E5%B4%8E%E7%94%98%E5%A5%88,observed,base,wiki_only,shinycolors_enza,1781b132-55dd-41dc-bd13-89b757968654,1781b132-55dd-41dc-bd13-89b757968654,2026-10-06T16:29:54+00:00,"[""W03""]","[""series_status"",""collab_work""]"
v1-93a6a8b8d40e754a,1.0,2026-10-08T02:45:18+00:00,【'25Pカップランクイン】,idol_81093365-1df1-4e6c-a252-27625c47ab96,三峰結華,S,SSR,unit_2,アンティーカ,2025-04-15,event_reward,[],unknown,,https://wikiwiki.jp/shinycolors/%E3%80%90%2725P%E3%82%AB%E3%83%83%E3%83%97%E3%83%A9%E3%83%B3%E3%82%AF%E3%82%A4%E3%83%B3%E3%80%91%E4%B8%89%E5%B3%B0%E7%B5%90%E8%8F%AF,observed,base,wiki_only,shinycolors_enza,1793849d-6765-476c-853e-d4d20b850b8d,1793849d-6765-476c-853e-d4d20b850b8d,2026-10-06T16:29:53+00:00,"[""W03""]","[""series_status"",""collab_work""]"
v1-93a6a8b8d40e754a,1.0,2026-10-08T02:45:18+00:00,【夜が来ても】,idol_ef328a51-2928-4d2d-a44f-5e3b92d305cf,白瀬咲耶,P,SSR,unit_2,アンティーカ,2024-02-23,collection_gacha,"[""mysongs""]",known,,https://wikiwiki.jp/shinycolors/%E3%80%90%E5%A4%9C%E3%81%8C%E6%9D%A5%E3%81%A6%E3%82%82%E3%80%91%E7%99%BD%E7%80%AC%E5%92%B2%E8%80%B6,observed,base,wiki_only,shinycolors_enza,1798bb4a-ceb0-4728-8949-3491600c89ff,1798bb4a-ceb0-4728-8949-3491600c89ff,2026-10-06T16:29:53+00:00,"[""W02""]","[""collab_work""]"
v1-93a6a8b8d40e754a,1.0,2026-10-08T02:45:18+00:00,【irodori-corridor】,idol_6,田中摩美々,P,SR,unit_2,アンティーカ,2022-06-20,event_reward,[],unknown,,https://wikiwiki.jp/shinycolors/%E3%80%90irodori-corridor%E3%80%91%E7%94%B0%E4%B8%AD%E6%91%A9%E7%BE%8E%E3%80%85,observed,base,wiki_only,shinycolors_enza,17aba37f-9e3b-43d6-a720-655dcd9cec92,17aba37f-9e3b-43d6-a720-655dcd9cec92,2026-10-06T16:29:53+00:00,"[""W02""]","[""series_status"",""collab_work""]"
v1-93a6a8b8d40e754a,1.0,2026-10-08T02:45:18+00:00,"【One, Two...♡】",idol_a2f858c3-da6e-4d6f-b777-5367a2671399,黛冬優子,S,SSR,unit_5,ストレイライト,2021-07-20,exchange,[],unknown,,https://wikiwiki.jp/shinycolors/%E3%80%90One%2C%20Two...%E2%99%A1%E3%80%91%E9%BB%9B%E5%86%AC%E5%84%AA%E5%AD%90,observed,base,wiki_only,shinycolors_enza,17ac7935-fb0e-43c3-a124-a72b049d94ea,17ac7935-fb0e-43c3-a124-a72b049d94ea,2026-10-06T16:29:53+00:00,"[""W03""]","[""series_status"",""collab_work""]"
v1-93a6a8b8d40e754a,1.0,2026-10-08T02:45:18+00:00,【路地裏のRhyme】,idol_3c398182-7760-439e-8c77-3c09d173aa4c,芹沢あさひ,S,SSR,unit_5,ストレイライト,2024-03-29,limited_gacha,"[""vote_selection""]",known,,https://wikiwiki.jp/shinycolors/%E3%80%90%E8%B7%AF%E5%9C%B0%E8%A3%8F%E3%81%AERhyme%E3%80%91%E8%8A%B9%E6%B2%A2%E3%81%82%E3%81%95%E3%81%B2,observed,base,wiki_only,shinycolors_enza,17adbbaa-8b1c-463d-a8fd-8d558fb7e388,17adbbaa-8b1c-463d-a8fd-8d558fb7e388,2026-10-07T00:59:08+00:00,"[""W03""]","[""collab_work""]"
v1-93a6a8b8d40e754a,1.0,2026-10-08T02:45:18+00:00,【アイドルロード】,idol_f0b34f52-342b-4fdd-8231-816605449447,郁田はるき,P,SSR,unit_8,コメティック,,mission,[],unknown,,https://wikiwiki.jp/shinycolors/%E3%80%90%E7%99%BD%E3%81%84%E3%83%84%E3%83%90%E3%82%B5%E3%80%91%E9%83%81%E7%94%B0%E3%81%AF%E3%82%8B%E3%81%8D,observed,idol_road_ssr,wiki_only,shinycolors_enza,186d08f7-c39a-40da-b3c5-a6927e32b713,3a350302-cb44-49dd-9060-4d9aba836629,2026-10-06T16:29:54+00:00,"[""W08""]","[""first_implemented_on"",""series_status"",""collab_work""]"
v1-93a6a8b8d40e754a,1.0,2026-10-08T02:45:18+00:00,【つづいていくものがたり】,idol_8c18b422-295c-4259-9e14-413685deb7f8,大崎甘奈,S,SSR,unit_4,アルストロメリア,2025-05-30,event_reward,[],unknown,,https://wikiwiki.jp/shinycolors/%E3%80%90%E3%81%A4%E3%81%A5%E3%81%84%E3%81%A6%E3%81%84%E3%81%8F%E3%82%82%E3%81%AE%E3%81%8C%E3%81%9F%E3%82%8A%E3%80%91%E5%A4%A7%E5%B4%8E%E7%94%98%E5%A5%88,observed,base,wiki_only,shinycolors_enza,1886fec2-326e-4263-97bf-67a0a3657752,1886fec2-326e-4263-97bf-67a0a3657752,2026-10-06T16:29:53+00:00,"[""W03""]","[""series_status"",""collab_work""]"
v1-93a6a8b8d40e754a,1.0,2026-10-08T02:45:18+00:00,【硝子少女】,idol_51651b60-7996-412b-bd16-5c1c3f3faebf,杜野凛世,P,SSR,unit_3,放課後クライマックスガールズ,2024-05-09,permanent_gacha,[],unknown,,https://wikiwiki.jp/shinycolors/%E3%80%90%E7%A1%9D%E5%AD%90%E5%B0%91%E5%A5%B3%E3%80%91%E6%9D%9C%E9%87%8E%E5%87%9B%E4%B8%96,observed,base,wiki_only,shinycolors_enza,188bd59d-fd24-47ac-88cf-d15dcfe3044f,188bd59d-fd24-47ac-88cf-d15dcfe3044f,2026-10-06T16:29:53+00:00,"[""W02""]","[""series_status"",""collab_work""]"
v1-93a6a8b8d40e754a,1.0,2026-10-08T02:45:18+00:00,【WtoW】,idol_0e2d3420-7295-4510-929d-01bf8378e12a,風野灯織,S,SSR,unit_1,イルミネーションスターズ,2022-01-31,event_reward,[],unknown,,https://wikiwiki.jp/shinycolors/%E3%80%90WtoW%E3%80%91%E9%A2%A8%E9%87%8E%E7%81%AF%E7%B9%94,observed,base,wiki_only,shinycolors_enza,1898743b-6452-4948-a207-b875a99a9d62,1898743b-6452-4948-a207-b875a99a9d62,2026-10-06T16:29:53+00:00,"[""W03""]","[""series_status"",""collab_work""]"
v1-93a6a8b8d40e754a,1.0,2026-10-08T02:45:18+00:00,【翻弄by♡time】,idol_81093365-1df1-4e6c-a252-27625c47ab96,三峰結華,S,SR,unit_2,アンティーカ,2022-08-10,event_reward,[],unknown,,https://wikiwiki.jp/shinycolors/%E3%80%90%E7%BF%BB%E5%BC%84by%E2%99%A1time%E3%80%91%E4%B8%89%E5%B3%B0%E7%B5%90%E8%8F%AF,observed,base,wiki_only,shinycolors_enza,18d884f4-bd23-4979-9eea-43f292cb4aac,18d884f4-bd23-4979-9eea-43f292cb4aac,2026-10-06T16:29:53+00:00,"[""W03""]","[""series_status"",""collab_work""]"
v1-93a6a8b8d40e754a,1.0,2026-10-08T02:45:18+00:00,【SPACE WHAT？】,idol_813a7356-e821-43e7-b25f-c104ca28870d,西城樹里,S,SSR,unit_3,放課後クライマックスガールズ,2020-05-22,permanent_gacha,[],unknown,,https://wikiwiki.jp/shinycolors/%E3%80%90SPACE%20WHAT%EF%BC%9F%E3%80%91%E8%A5%BF%E5%9F%8E%E6%A8%B9%E9%87%8C,observed,base,wiki_only,shinycolors_enza,18f799f3-8f68-44d3-9810-6fd2d34e4598,18f799f3-8f68-44d3-9810-6fd2d34e4598,2026-10-06T16:29:53+00:00,"[""W03""]","[""series_status"",""collab_work""]"
v1-93a6a8b8d40e754a,1.0,2026-10-08T02:45:18+00:00,【我・思・君・思】,idol_e579db5c-0930-4984-aa40-ebe5a00e8a4f,幽谷霧子,S,SR,unit_2,アンティーカ,2019-07-10,event_reward,[],unknown,,https://wikiwiki.jp/shinycolors/%E3%80%90%E6%88%91%E3%83%BB%E6%80%9D%E3%83%BB%E5%90%9B%E3%83%BB%E6%80%9D%E3%80%91%E5%B9%BD%E8%B0%B7%E9%9C%A7%E5%AD%90,observed,base,wiki_only,shinycolors_enza,1908faa0-a467-4ded-9bae-f5e010e593b2,1908faa0-a467-4ded-9bae-f5e010e593b2,2026-10-06T16:29:53+00:00,"[""W03""]","[""series_status"",""collab_work""]"
v1-93a6a8b8d40e754a,1.0,2026-10-08T02:45:18+00:00,【あなたと、メモリアル】,idol_e91e6363-2dc9-42c1-bbf1-a759e797c2d1,月岡恋鐘,P,SSR,unit_2,アンティーカ,2025-07-18,collection_gacha,"[""twilights""]",known,,https://wikiwiki.jp/shinycolors/%E3%80%90%E3%81%82%E3%81%AA%E3%81%9F%E3%81%A8%E3%80%81%E3%83%A1%E3%83%A2%E3%83%AA%E3%82%A2%E3%83%AB%E3%80%91%E6%9C%88%E5%B2%A1%E6%81%8B%E9%90%98,observed,base,wiki_only,shinycolors_enza,191f8055-9b3e-4574-8fac-387f15f50afd,191f8055-9b3e-4574-8fac-387f15f50afd,2026-10-06T16:29:53+00:00,"[""W02""]","[""collab_work""]"
v1-93a6a8b8d40e754a,1.0,2026-10-08T02:45:18+00:00,【「忘れないでね」】,idol_a2f858c3-da6e-4d6f-b777-5367a2671399,黛冬優子,S,SSR,unit_5,ストレイライト,2026-08-28,exchange,[],unknown,,https://wikiwiki.jp/shinycolors/%E3%80%90%E3%80%8C%E5%BF%98%E3%82%8C%E3%81%AA%E3%81%84%E3%81%A7%E3%81%AD%E3%80%8D%E3%80%91%E9%BB%9B%E5%86%AC%E5%84%AA%E5%AD%90,observed,base,wiki_only,shinycolors_enza,1927c0fd-e9a0-4727-b09f-7a68cd4d4f3d,1927c0fd-e9a0-4727-b09f-7a68cd4d4f3d,2026-10-06T16:29:53+00:00,"[""W03""]","[""series_status"",""collab_work""]"
v1-93a6a8b8d40e754a,1.0,2026-10-08T02:45:18+00:00,【spare☆☆☆☆time】,idol_72d6d5b6-dc2b-4e7c-90be-eb4770ba589b,市川雛菜,S,SSR,unit_6,ノクチル,2024-03-21,permanent_gacha,[],unknown,,https://wikiwiki.jp/shinycolors/%E3%80%90spare%E2%98%86%E2%98%86%E2%98%86%E2%98%86time%E3%80%91%E5%B8%82%E5%B7%9D%E9%9B%9B%E8%8F%9C,observed,base,wiki_only,shinycolors_enza,196d351f-2791-4752-9dec-a53a18dce0ce,196d351f-2791-4752-9dec-a53a18dce0ce,2026-10-06T16:29:53+00:00,"[""W03""]","[""series_status"",""collab_work""]"
v1-93a6a8b8d40e754a,1.0,2026-10-08T02:45:18+00:00,【夏彩フレア】,idol_51651b60-7996-412b-bd16-5c1c3f3faebf,杜野凛世,S,SSR,unit_3,放課後クライマックスガールズ,2023-07-20,permanent_gacha,[],unknown,,https://wikiwiki.jp/shinycolors/%E3%80%90%E5%A4%8F%E5%BD%A9%E3%83%95%E3%83%AC%E3%82%A2%E3%80%91%E6%9D%9C%E9%87%8E%E5%87%9B%E4%B8%96,observed,base,wiki_only,shinycolors_enza,199c14bf-a234-416f-9dac-1ff48d452237,199c14bf-a234-416f-9dac-1ff48d452237,2026-10-06T16:29:53+00:00,"[""W03""]","[""series_status"",""collab_work""]"
v1-93a6a8b8d40e754a,1.0,2026-10-08T02:45:18+00:00,【MUGEN BEAT】,idol_a2f858c3-da6e-4d6f-b777-5367a2671399,黛冬優子,S,SR,unit_5,ストレイライト,2022-10-22,gacha_bonus,[],unknown,,https://wikiwiki.jp/shinycolors/%E3%80%90MUGEN%20BEAT%E3%80%91%E9%BB%9B%E5%86%AC%E5%84%AA%E5%AD%90,observed,base,wiki_only,shinycolors_enza,19b256e7-aa0a-4bea-90bd-edc8697586fb,19b256e7-aa0a-4bea-90bd-edc8697586fb,2026-10-06T16:29:54+00:00,"[""W03""]","[""series_status"",""collab_work""]"
v1-93a6a8b8d40e754a,1.0,2026-10-08T02:45:18+00:00,【幕間、沸々と高温】,idol_a2f858c3-da6e-4d6f-b777-5367a2671399,黛冬優子,P,SSR,unit_5,ストレイライト,2022-10-20,collection_gacha,"[""twilights""]",known,,https://wikiwiki.jp/shinycolors/%E3%80%90%E5%B9%95%E9%96%93%E3%80%81%E6%B2%B8%E3%80%85%E3%81%A8%E9%AB%98%E6%B8%A9%E3%80%91%E9%BB%9B%E5%86%AC%E5%84%AA%E5%AD%90,observed,base,wiki_only,shinycolors_enza,1a6a86fc-5c03-4681-b914-f5b9e93ebbc7,1a6a86fc-5c03-4681-b914-f5b9e93ebbc7,2026-10-06T16:29:53+00:00,"[""W02""]","[""collab_work""]"
v1-93a6a8b8d40e754a,1.0,2026-10-08T02:45:18+00:00,【伸ばす手に乗せるのは】,idol_0e2d3420-7295-4510-929d-01bf8378e12a,風野灯織,P,SSR,unit_1,イルミネーションスターズ,2019-04-01,limited_gacha,[],unknown,,https://wikiwiki.jp/shinycolors/%E3%80%90%E4%BC%B8%E3%81%B0%E3%81%99%E6%89%8B%E3%81%AB%E4%B9%97%E3%81%9B%E3%82%8B%E3%81%AE%E3%81%AF%E3%80%91%E9%A2%A8%E9%87%8E%E7%81%AF%E7%B9%94,observed,base,wiki_only,shinycolors_enza,1a8c00e3-3be8-4c6a-bea0-675ec5e89955,1a8c00e3-3be8-4c6a-bea0-675ec5e89955,2026-10-06T16:29:53+00:00,"[""W02""]","[""series_status"",""collab_work""]"
v1-93a6a8b8d40e754a,1.0,2026-10-08T02:45:18+00:00,【オルター！】,idol_df07e98b-12f2-4984-b8f6-8da0a47c0cc7,小宮果穂,S,SSR,unit_3,放課後クライマックスガールズ,2023-04-30,limited_gacha,[],unknown,,https://wikiwiki.jp/shinycolors/%E3%80%90%E3%82%AA%E3%83%AB%E3%82%BF%E3%83%BC%EF%BC%81%E3%80%91%E5%B0%8F%E5%AE%AE%E6%9E%9C%E7%A9%82,observed,base,wiki_only,shinycolors_enza,1a8cb93f-9a0d-4bf2-b9d0-1801c462c0dd,1a8cb93f-9a0d-4bf2-b9d0-1801c462c0dd,2026-10-06T16:29:53+00:00,"[""W03""]","[""series_status"",""collab_work""]"
v1-93a6a8b8d40e754a,1.0,2026-10-08T02:45:18+00:00,【ザ・冬優子イズム】,idol_a2f858c3-da6e-4d6f-b777-5367a2671399,黛冬優子,P,SR,unit_5,ストレイライト,2019-04-29,permanent_gacha,[],unknown,,https://wikiwiki.jp/shinycolors/%E3%80%90%E3%82%B6%E3%83%BB%E5%86%AC%E5%84%AA%E5%AD%90%E3%82%A4%E3%82%BA%E3%83%A0%E3%80%91%E9%BB%9B%E5%86%AC%E5%84%AA%E5%AD%90,observed,base,wiki_only,shinycolors_enza,1ad1d621-192f-4114-ba28-5f7097249faa,1ad1d621-192f-4114-ba28-5f7097249faa,2026-10-06T16:29:53+00:00,"[""W02""]","[""series_status"",""collab_work""]"
v1-93a6a8b8d40e754a,1.0,2026-10-08T02:45:18+00:00,【新装備・バブルバスター！】,idol_df07e98b-12f2-4984-b8f6-8da0a47c0cc7,小宮果穂,P,SSR,unit_3,放課後クライマックスガールズ,2019-01-21,permanent_gacha,[],unknown,,https://wikiwiki.jp/shinycolors/%E3%80%90%E6%96%B0%E8%A3%85%E5%82%99%E3%83%BB%E3%83%90%E3%83%96%E3%83%AB%E3%83%90%E3%82%B9%E3%82%BF%E3%83%BC%EF%BC%81%E3%80%91%E5%B0%8F%E5%AE%AE%E6%9E%9C%E7%A9%82,observed,base,wiki_only,shinycolors_enza,1b21ebce-0832-40a7-8946-25b2c094570e,1b21ebce-0832-40a7-8946-25b2c094570e,2026-10-06T16:29:53+00:00,"[""W02""]","[""series_status"",""collab_work""]"
v1-93a6a8b8d40e754a,1.0,2026-10-08T02:45:18+00:00,【あなた色アンダンテ】,idol_813a7356-e821-43e7-b25f-c104ca28870d,西城樹里,P,SSR,unit_3,放課後クライマックスガールズ,2025-01-01,collection_gacha,"[""twilights""]",known,,https://wikiwiki.jp/shinycolors/%E3%80%90%E3%81%82%E3%81%AA%E3%81%9F%E8%89%B2%E3%82%A2%E3%83%B3%E3%83%80%E3%83%B3%E3%83%86%E3%80%91%E8%A5%BF%E5%9F%8E%E6%A8%B9%E9%87%8C,observed,base,wiki_only,shinycolors_enza,1b2db0e2-af99-405d-8661-c15af4492011,1b2db0e2-af99-405d-8661-c15af4492011,2026-10-06T16:29:53+00:00,"[""W02""]","[""collab_work""]"
v1-93a6a8b8d40e754a,1.0,2026-10-08T02:45:18+00:00,【憧憬リキュール】,idol_8c18b422-295c-4259-9e14-413685deb7f8,大崎甘奈,P,SSR,unit_4,アルストロメリア,2024-04-18,collection_gacha,"[""parallel""]",known,,https://wikiwiki.jp/shinycolors/%E3%80%90%E6%86%A7%E6%86%AC%E3%83%AA%E3%82%AD%E3%83%A5%E3%83%BC%E3%83%AB%E3%80%91%E5%A4%A7%E5%B4%8E%E7%94%98%E5%A5%88,observed,base,wiki_only,shinycolors_enza,1b6273fc-3f38-44a6-86fe-b87d2cb1d6ac,1b6273fc-3f38-44a6-86fe-b87d2cb1d6ac,2026-10-06T16:29:53+00:00,"[""W02""]","[""collab_work""]"
v1-93a6a8b8d40e754a,1.0,2026-10-08T02:45:18+00:00,【Fallin' Snow in】,idol_b1cc8f6f-feab-4add-b5d9-d8777add7f60,大崎甜花,S,SR,unit_4,アルストロメリア,2022-01-11,collaboration_gacha,[],unknown,,https://wikiwiki.jp/shinycolors/%E3%80%90Fallin%27%20Snow%20in%E3%80%91%E5%A4%A7%E5%B4%8E%E7%94%9C%E8%8A%B1,observed,base,wiki_only,shinycolors_enza,1b7f775c-3672-4a51-89eb-6cb1bbd3a4db,1b7f775c-3672-4a51-89eb-6cb1bbd3a4db,2026-10-06T16:29:53+00:00,"[""W03""]","[""series_status"",""collab_work""]"
v1-93a6a8b8d40e754a,1.0,2026-10-08T02:45:18+00:00,【うちと幸せ】,idol_786e9b98-d1e4-4419-a69a-3281d07dd4fb,和泉愛依,P,SSR,unit_5,ストレイライト,2023-05-22,permanent_gacha,[],unknown,,https://wikiwiki.jp/shinycolors/%E3%80%90%E3%81%86%E3%81%A1%E3%81%A8%E5%B9%B8%E3%81%9B%E3%80%91%E5%92%8C%E6%B3%89%E6%84%9B%E4%BE%9D,observed,base,wiki_only,shinycolors_enza,1b901958-8eb6-40c6-8048-c61eb95a56b7,1b901958-8eb6-40c6-8048-c61eb95a56b7,2026-10-06T16:29:53+00:00,"[""W02""]","[""series_status"",""collab_work""]"
v1-93a6a8b8d40e754a,1.0,2026-10-08T02:45:18+00:00,【ゆらゆらアクアリウム】,idol_8c18b422-295c-4259-9e14-413685deb7f8,大崎甘奈,P,SSR,unit_4,アルストロメリア,2018-12-21,permanent_gacha,[],unknown,,https://wikiwiki.jp/shinycolors/%E3%80%90%E3%82%86%E3%82%89%E3%82%86%E3%82%89%E3%82%A2%E3%82%AF%E3%82%A2%E3%83%AA%E3%82%A6%E3%83%A0%E3%80%91%E5%A4%A7%E5%B4%8E%E7%94%98%E5%A5%88,observed,base,wiki_only,shinycolors_enza,1b9d1a4d-a31b-4986-957d-d5eeec377a3b,1b9d1a4d-a31b-4986-957d-d5eeec377a3b,2026-10-06T16:29:53+00:00,"[""W02""]","[""series_status"",""collab_work""]"
v1-93a6a8b8d40e754a,1.0,2026-10-08T02:45:18+00:00,【Can't give up】,idol_0e2d3420-7295-4510-929d-01bf8378e12a,風野灯織,S,SSR,unit_1,イルミネーションスターズ,2022-09-10,permanent_gacha,[],unknown,,https://wikiwiki.jp/shinycolors/%E3%80%90Can%27t%20give%20up%E3%80%91%E9%A2%A8%E9%87%8E%E7%81%AF%E7%B9%94,observed,base,wiki_only,shinycolors_enza,1bb0aacc-eddd-4a89-b140-d391ace55775,1bb0aacc-eddd-4a89-b140-d391ace55775,2026-10-06T16:29:53+00:00,"[""W03""]","[""series_status"",""collab_work""]"
v1-93a6a8b8d40e754a,1.0,2026-10-08T02:45:18+00:00,【巡・巡・花・風】,idol_e579db5c-0930-4984-aa40-ebe5a00e8a4f,幽谷霧子,S,SSR,unit_2,アンティーカ,2024-02-28,event_reward,[],unknown,,https://wikiwiki.jp/shinycolors/%E3%80%90%E5%B7%A1%E3%83%BB%E5%B7%A1%E3%83%BB%E8%8A%B1%E3%83%BB%E9%A2%A8%E3%80%91%E5%B9%BD%E8%B0%B7%E9%9C%A7%E5%AD%90,observed,base,wiki_only,shinycolors_enza,1bf38bd4-7997-4e87-965b-402f52b8381e,1bf38bd4-7997-4e87-965b-402f52b8381e,2026-10-06T16:29:53+00:00,"[""W03""]","[""series_status"",""collab_work""]"
v1-93a6a8b8d40e754a,1.0,2026-10-08T02:45:18+00:00,【'25Pカップランクイン】,idol_72d6d5b6-dc2b-4e7c-90be-eb4770ba589b,市川雛菜,S,SSR,unit_6,ノクチル,2025-04-15,event_reward,[],unknown,,,not_found,base,wiki_only,shinycolors_enza,1c063f74-b09e-4932-9ed2-7a5a317f1d23,1c063f74-b09e-4932-9ed2-7a5a317f1d23,2026-10-06T16:29:53+00:00,"[""W03""]","[""series_status"",""collab_work"",""wiki_url""]"
v1-93a6a8b8d40e754a,1.0,2026-10-08T02:45:18+00:00,【Spread the Wings!!】,idol_0e2d3420-7295-4510-929d-01bf8378e12a,風野灯織,S,SR,unit_1,イルミネーションスターズ,2024-06-22,campaign,[],unknown,,https://wikiwiki.jp/shinycolors/%E3%80%90Spread%20the%20Wings%21%21%E3%80%91%E9%A2%A8%E9%87%8E%E7%81%AF%E7%B9%94,observed,base,wiki_only,shinycolors_enza,1c1d40a1-fba5-45a4-8cde-4c4c9e20914e,1c1d40a1-fba5-45a4-8cde-4c4c9e20914e,2026-10-06T16:29:54+00:00,"[""W03""]","[""series_status"",""collab_work""]"
v1-93a6a8b8d40e754a,1.0,2026-10-08T02:45:18+00:00,【夜明けの晩に】,idol_51651b60-7996-412b-bd16-5c1c3f3faebf,杜野凛世,S,SSR,unit_3,放課後クライマックスガールズ,2020-04-10,permanent_gacha,[],unknown,,https://wikiwiki.jp/shinycolors/%E3%80%90%E5%A4%9C%E6%98%8E%E3%81%91%E3%81%AE%E6%99%A9%E3%81%AB%E3%80%91%E6%9D%9C%E9%87%8E%E5%87%9B%E4%B8%96,observed,base,wiki_only,shinycolors_enza,1c3feb3b-03ff-4baa-88c5-8c4d20cb51ee,1c3feb3b-03ff-4baa-88c5-8c4d20cb51ee,2026-10-06T16:29:53+00:00,"[""W03""]","[""series_status"",""collab_work""]"
v1-93a6a8b8d40e754a,1.0,2026-10-08T02:45:18+00:00,【ひたすらウォーカー】,idol_6,田中摩美々,S,SR,unit_2,アンティーカ,2025-07-18,event_reward,[],unknown,,https://wikiwiki.jp/shinycolors/%E3%80%90%E3%81%B2%E3%81%9F%E3%81%99%E3%82%89%E3%82%A6%E3%82%A9%E3%83%BC%E3%82%AB%E3%83%BC%E3%80%91%E7%94%B0%E4%B8%AD%E6%91%A9%E7%BE%8E%E3%80%85,observed,base,wiki_only,shinycolors_enza,1c4251d4-7504-4e34-8dae-403ec4d1a601,1c4251d4-7504-4e34-8dae-403ec4d1a601,2026-10-06T16:29:53+00:00,"[""W03""]","[""series_status"",""collab_work""]"
v1-93a6a8b8d40e754a,1.0,2026-10-08T02:45:18+00:00,【泡沫の石たちに乾杯】,idol_1,櫻木真乃,S,SSR,unit_1,イルミネーションスターズ,2021-01-12,limited_gacha,[],unknown,,https://wikiwiki.jp/shinycolors/%E3%80%90%E6%B3%A1%E6%B2%AB%E3%81%AE%E7%9F%B3%E3%81%9F%E3%81%A1%E3%81%AB%E4%B9%BE%E6%9D%AF%E3%80%91%E6%AB%BB%E6%9C%A8%E7%9C%9F%E4%B9%83,observed,base,wiki_only,shinycolors_enza,1c7c8c69-b46c-4760-a6c1-8ae03e96b043,1c7c8c69-b46c-4760-a6c1-8ae03e96b043,2026-10-06T16:29:53+00:00,"[""W03""]","[""series_status"",""collab_work""]"
v1-93a6a8b8d40e754a,1.0,2026-10-08T02:45:18+00:00,【'25Pカップ】,idol_81093365-1df1-4e6c-a252-27625c47ab96,三峰結華,S,SR,unit_2,アンティーカ,2025-04-15,event_reward,[],unknown,,https://wikiwiki.jp/shinycolors/%E3%80%90%2725P%E3%82%AB%E3%83%83%E3%83%97%E3%80%91%E4%B8%89%E5%B3%B0%E7%B5%90%E8%8F%AF,observed,base,wiki_only,shinycolors_enza,1ca5adff-1eb3-4801-88ad-41f9c9672b50,1ca5adff-1eb3-4801-88ad-41f9c9672b50,2026-10-06T16:29:53+00:00,"[""W03""]","[""series_status"",""collab_work""]"
v1-93a6a8b8d40e754a,1.0,2026-10-08T02:45:18+00:00,【きっと、もう少し】,idol_736d3fca-9560-4156-96fc-66cc0159ea42,七草にちか,P,SSR,unit_7,シーズ,2026-02-27,collection_gacha,"[""casting""]",known,,https://wikiwiki.jp/shinycolors/%E3%80%90%E3%81%8D%E3%81%A3%E3%81%A8%E3%80%81%E3%82%82%E3%81%86%E5%B0%91%E3%81%97%E3%80%91%E4%B8%83%E8%8D%89%E3%81%AB%E3%81%A1%E3%81%8B,observed,base,wiki_only,shinycolors_enza,1ca6548b-f75b-4b68-bdcd-fdee8939cec6,1ca6548b-f75b-4b68-bdcd-fdee8939cec6,2026-10-06T16:29:53+00:00,"[""W02""]","[""collab_work""]"
v1-93a6a8b8d40e754a,1.0,2026-10-08T02:45:18+00:00,【涼】,idol_0e2d3420-7295-4510-929d-01bf8378e12a,風野灯織,P,SSR,unit_1,イルミネーションスターズ,2021-07-20,limited_gacha,[],unknown,,https://wikiwiki.jp/shinycolors/%E3%80%90%E6%B6%BC%E3%80%91%E9%A2%A8%E9%87%8E%E7%81%AF%E7%B9%94,observed,base,wiki_only,shinycolors_enza,1cae809c-2112-47c2-b834-1f243baa9ec7,1cae809c-2112-47c2-b834-1f243baa9ec7,2026-10-06T16:29:53+00:00,"[""W02""]","[""series_status"",""collab_work""]"
v1-93a6a8b8d40e754a,1.0,2026-10-08T02:45:18+00:00,【花は】,idol_51651b60-7996-412b-bd16-5c1c3f3faebf,杜野凛世,P,SSR,unit_3,放課後クライマックスガールズ,2023-04-21,collection_gacha,"[""twilights""]",known,,https://wikiwiki.jp/shinycolors/%E3%80%90%E8%8A%B1%E3%81%AF%E3%80%91%E6%9D%9C%E9%87%8E%E5%87%9B%E4%B8%96,observed,base,wiki_only,shinycolors_enza,1cb8b247-2c8c-4da9-8dab-afc7e2f8e472,1cb8b247-2c8c-4da9-8dab-afc7e2f8e472,2026-10-06T16:29:53+00:00,"[""W02""]","[""collab_work""]"
v1-93a6a8b8d40e754a,1.0,2026-10-08T02:45:18+00:00,【純雪エモーショナル】,idol_e91e6363-2dc9-42c1-bbf1-a759e797c2d1,月岡恋鐘,P,SSR,unit_2,アンティーカ,2025-01-09,permanent_gacha,[],unknown,,https://wikiwiki.jp/shinycolors/%E3%80%90%E7%B4%94%E9%9B%AA%E3%82%A8%E3%83%A2%E3%83%BC%E3%82%B7%E3%83%A7%E3%83%8A%E3%83%AB%E3%80%91%E6%9C%88%E5%B2%A1%E6%81%8B%E9%90%98,observed,base,wiki_only,shinycolors_enza,1ccdd51f-575b-4716-bd1f-91a1f4c74ca1,1ccdd51f-575b-4716-bd1f-91a1f4c74ca1,2026-10-06T16:29:53+00:00,"[""W02""]","[""series_status"",""collab_work""]"
v1-93a6a8b8d40e754a,1.0,2026-10-08T02:45:18+00:00,【'25Pカップ】,idol_2,樋口円香,S,SR,unit_6,ノクチル,2025-04-15,event_reward,[],unknown,,https://wikiwiki.jp/shinycolors/%E3%80%90%2725P%E3%82%AB%E3%83%83%E3%83%97%E3%80%91%E6%A8%8B%E5%8F%A3%E5%86%86%E9%A6%99,observed,base,wiki_only,shinycolors_enza,1cfa9ad2-8510-4563-9b3b-d0148ea3a9a4,1cfa9ad2-8510-4563-9b3b-d0148ea3a9a4,2026-10-06T16:29:53+00:00,"[""W03""]","[""series_status"",""collab_work""]"
v1-93a6a8b8d40e754a,1.0,2026-10-08T02:45:18+00:00,【春待ちララバイ】,idol_d4177c5c-4600-4381-b5da-758f87fc23d7,八宮めぐる,S,SSR,unit_1,イルミネーションスターズ,2024-01-01,limited_gacha,[],unknown,,https://wikiwiki.jp/shinycolors/%E3%80%90%E6%98%A5%E5%BE%85%E3%81%A1%E3%83%A9%E3%83%A9%E3%83%90%E3%82%A4%E3%80%91%E5%85%AB%E5%AE%AE%E3%82%81%E3%81%90%E3%82%8B,observed,base,wiki_only,shinycolors_enza,1d2abe32-5bba-4938-8dc1-ce64231b4964,1d2abe32-5bba-4938-8dc1-ce64231b4964,2026-10-06T16:29:53+00:00,"[""W03""]","[""series_status"",""collab_work""]"
v1-93a6a8b8d40e754a,1.0,2026-10-08T02:45:18+00:00,【'25Pカップランクイン】,idol_813a7356-e821-43e7-b25f-c104ca28870d,西城樹里,S,SSR,unit_3,放課後クライマックスガールズ,2025-04-15,event_reward,[],unknown,,,not_found,base,wiki_only,shinycolors_enza,1d2c286d-200a-4227-824b-4f5916011486,1d2c286d-200a-4227-824b-4f5916011486,2026-10-06T16:29:53+00:00,"[""W03""]","[""series_status"",""collab_work"",""wiki_url""]"
v1-93a6a8b8d40e754a,1.0,2026-10-08T02:45:18+00:00,【流星パレット】,idol_f0b34f52-342b-4fdd-8231-816605449447,郁田はるき,P,SSR,unit_8,コメティック,2024-12-13,collection_gacha,"[""mysongs""]",known,,https://wikiwiki.jp/shinycolors/%E3%80%90%E6%B5%81%E6%98%9F%E3%83%91%E3%83%AC%E3%83%83%E3%83%88%E3%80%91%E9%83%81%E7%94%B0%E3%81%AF%E3%82%8B%E3%81%8D,observed,base,wiki_only,shinycolors_enza,1dccc072-d180-4007-b653-d6b2b8282416,1dccc072-d180-4007-b653-d6b2b8282416,2026-10-06T16:29:53+00:00,"[""W02""]","[""collab_work""]"
v1-93a6a8b8d40e754a,1.0,2026-10-08T02:45:18+00:00,【ふいうちテンパチュア】,idol_d4177c5c-4600-4381-b5da-758f87fc23d7,八宮めぐる,S,SSR,unit_1,イルミネーションスターズ,2025-07-22,limited_gacha,"[""birthday""]",known,,https://wikiwiki.jp/shinycolors/%E3%80%90%E3%81%B5%E3%81%84%E3%81%86%E3%81%A1%E3%83%86%E3%83%B3%E3%83%91%E3%83%81%E3%83%A5%E3%82%A2%E3%80%91%E5%85%AB%E5%AE%AE%E3%82%81%E3%81%90%E3%82%8B,observed,base,wiki_only,shinycolors_enza,1dea511e-00e2-4691-a499-a2733c4a2098,1dea511e-00e2-4691-a499-a2733c4a2098,2026-10-06T16:29:53+00:00,"[""W03""]","[""collab_work""]"
v1-93a6a8b8d40e754a,1.0,2026-10-08T02:45:18+00:00,【氷上バンビーナ】,idol_b1cc8f6f-feab-4add-b5d9-d8777add7f60,大崎甜花,P,SR,unit_4,アルストロメリア,2018-11-30,permanent_gacha,[],unknown,,https://wikiwiki.jp/shinycolors/%E3%80%90%E6%B0%B7%E4%B8%8A%E3%83%90%E3%83%B3%E3%83%93%E3%83%BC%E3%83%8A%E3%80%91%E5%A4%A7%E5%B4%8E%E7%94%9C%E8%8A%B1,observed,base,wiki_only,shinycolors_enza,1e1b6084-46b7-4d16-a99e-1982aade7fcb,1e1b6084-46b7-4d16-a99e-1982aade7fcb,2026-10-06T16:29:53+00:00,"[""W02""]","[""series_status"",""collab_work""]"
v1-93a6a8b8d40e754a,1.0,2026-10-08T02:45:18+00:00,【数分だけのアナタに】,idol_ef328a51-2928-4d2d-a44f-5e3b92d305cf,白瀬咲耶,S,SSR,unit_2,アンティーカ,2025-06-27,limited_gacha,"[""birthday""]",known,,https://wikiwiki.jp/shinycolors/%E3%80%90%E6%95%B0%E5%88%86%E3%81%A0%E3%81%91%E3%81%AE%E3%82%A2%E3%83%8A%E3%82%BF%E3%81%AB%E3%80%91%E7%99%BD%E7%80%AC%E5%92%B2%E8%80%B6,observed,base,wiki_only,shinycolors_enza,1e3f36d6-a51c-4bca-a962-5fc7216d5223,1e3f36d6-a51c-4bca-a962-5fc7216d5223,2026-10-06T16:29:53+00:00,"[""W03""]","[""collab_work""]"
v1-93a6a8b8d40e754a,1.0,2026-10-08T02:45:18+00:00,【HoP PoP らびっつ】,idol_81093365-1df1-4e6c-a252-27625c47ab96,三峰結華,S,UR,unit_2,アンティーカ,2025-04-18,permanent_gacha,[],unknown,,https://wikiwiki.jp/shinycolors/%E3%80%90HoP%20PoP%20%E3%82%89%E3%81%B3%E3%81%A3%E3%81%A4%E3%80%91%E4%B8%89%E5%B3%B0%E7%B5%90%E8%8F%AF,observed,base,wiki_only,shinycolors_enza,1e457013-9c18-4d2e-bd33-e8483fdda5a9,1e457013-9c18-4d2e-bd33-e8483fdda5a9,2026-10-06T16:29:53+00:00,"[""W03""]","[""series_status"",""collab_work""]"
v1-93a6a8b8d40e754a,1.0,2026-10-08T02:45:18+00:00,【ムーンライト・ガーデン】,idol_3c398182-7760-439e-8c77-3c09d173aa4c,芹沢あさひ,P,SSR,unit_5,ストレイライト,2024-09-18,permanent_gacha,[],unknown,,https://wikiwiki.jp/shinycolors/%E3%80%90%E3%83%A0%E3%83%BC%E3%83%B3%E3%83%A9%E3%82%A4%E3%83%88%E3%83%BB%E3%82%AC%E3%83%BC%E3%83%87%E3%83%B3%E3%80%91%E8%8A%B9%E6%B2%A2%E3%81%82%E3%81%95%E3%81%B2,observed,base,wiki_only,shinycolors_enza,1e4a181b-f7ab-4618-ac9b-14496aaed82a,1e4a181b-f7ab-4618-ac9b-14496aaed82a,2026-10-06T16:29:53+00:00,"[""W02""]","[""series_status"",""collab_work""]"
v1-93a6a8b8d40e754a,1.0,2026-10-08T02:45:18+00:00,【Future Designer】,idol_786e9b98-d1e4-4419-a69a-3281d07dd4fb,和泉愛依,S,SSR,unit_5,ストレイライト,2024-11-30,gacha_bonus,[],unknown,,https://wikiwiki.jp/shinycolors/%E3%80%90Future%20Designer%E3%80%91%E5%92%8C%E6%B3%89%E6%84%9B%E4%BE%9D,observed,base,wiki_only,shinycolors_enza,1e4ad858-d55c-4d6a-9d9a-c8d02097598f,1e4ad858-d55c-4d6a-9d9a-c8d02097598f,2026-10-06T16:29:53+00:00,"[""W03""]","[""series_status"",""collab_work""]"
v1-93a6a8b8d40e754a,1.0,2026-10-08T02:45:18+00:00,【聞こえててよ、babe】,idol_3,浅倉透,P,SR,unit_6,ノクチル,2022-10-11,event_reward,[],unknown,,https://wikiwiki.jp/shinycolors/%E3%80%90%E8%81%9E%E3%81%93%E3%81%88%E3%81%A6%E3%81%A6%E3%82%88%E3%80%81babe%E3%80%91%E6%B5%85%E5%80%89%E9%80%8F,observed,base,wiki_only,shinycolors_enza,1e4bbdc5-fcc7-4476-9a25-3ba9b0429b59,1e4bbdc5-fcc7-4476-9a25-3ba9b0429b59,2026-10-06T16:29:53+00:00,"[""W02""]","[""series_status"",""collab_work""]"
v1-93a6a8b8d40e754a,1.0,2026-10-08T02:45:18+00:00,【心の鐘が鳴っとるけん】,idol_e91e6363-2dc9-42c1-bbf1-a759e797c2d1,月岡恋鐘,P,SSR,unit_2,アンティーカ,2020-11-30,limited_gacha,[],unknown,,https://wikiwiki.jp/shinycolors/%E3%80%90%E5%BF%83%E3%81%AE%E9%90%98%E3%81%8C%E9%B3%B4%E3%81%A3%E3%81%A8%E3%82%8B%E3%81%91%E3%82%93%E3%80%91%E6%9C%88%E5%B2%A1%E6%81%8B%E9%90%98,observed,base,wiki_only,shinycolors_enza,1e5d5786-8999-4830-afee-2e23893e02c8,1e5d5786-8999-4830-afee-2e23893e02c8,2026-10-06T16:29:53+00:00,"[""W02""]","[""series_status"",""collab_work""]"
v1-93a6a8b8d40e754a,1.0,2026-10-08T02:45:18+00:00,【幾星霜の先に】,idol_0e2d3420-7295-4510-929d-01bf8378e12a,風野灯織,S,SR,unit_1,イルミネーションスターズ,2021-05-10,event_reward,[],unknown,,https://wikiwiki.jp/shinycolors/%E3%80%90%E5%B9%BE%E6%98%9F%E9%9C%9C%E3%81%AE%E5%85%88%E3%81%AB%E3%80%91%E9%A2%A8%E9%87%8E%E7%81%AF%E7%B9%94,observed,base,wiki_only,shinycolors_enza,1e6ca264-a3d9-49e8-8a09-f59b277f53c6,1e6ca264-a3d9-49e8-8a09-f59b277f53c6,2026-10-06T16:29:53+00:00,"[""W03""]","[""series_status"",""collab_work""]"
v1-93a6a8b8d40e754a,1.0,2026-10-08T02:45:18+00:00,【おかえり、ギター】,idol_3,浅倉透,P,SR,unit_6,ノクチル,2021-07-10,permanent_gacha,[],unknown,,https://wikiwiki.jp/shinycolors/%E3%80%90%E3%81%8A%E3%81%8B%E3%81%88%E3%82%8A%E3%80%81%E3%82%AE%E3%82%BF%E3%83%BC%E3%80%91%E6%B5%85%E5%80%89%E9%80%8F,observed,base,wiki_only,shinycolors_enza,1e7f939d-c0b3-4c49-bb70-cf0287833e29,1e7f939d-c0b3-4c49-bb70-cf0287833e29,2026-10-06T16:29:53+00:00,"[""W02""]","[""series_status"",""collab_work""]"
v1-93a6a8b8d40e754a,1.0,2026-10-08T02:45:18+00:00,【うちのリボンは恋結び】,idol_e91e6363-2dc9-42c1-bbf1-a759e797c2d1,月岡恋鐘,P,SSR,unit_2,アンティーカ,2020-02-12,permanent_gacha,[],unknown,,https://wikiwiki.jp/shinycolors/%E3%80%90%E3%81%86%E3%81%A1%E3%81%AE%E3%83%AA%E3%83%9C%E3%83%B3%E3%81%AF%E6%81%8B%E7%B5%90%E3%81%B3%E3%80%91%E6%9C%88%E5%B2%A1%E6%81%8B%E9%90%98,observed,base,wiki_only,shinycolors_enza,1ec7f0de-7f91-475f-96d0-a5c7a2ee9973,1ec7f0de-7f91-475f-96d0-a5c7a2ee9973,2026-10-06T16:29:53+00:00,"[""W02""]","[""series_status"",""collab_work""]"
v1-93a6a8b8d40e754a,1.0,2026-10-08T02:45:18+00:00,【白いツバサ】,idol_786e9b98-d1e4-4419-a69a-3281d07dd4fb,和泉愛依,P,SR,unit_5,ストレイライト,,mission,[],unknown,,https://wikiwiki.jp/shinycolors/%E3%80%90%E7%99%BD%E3%81%84%E3%83%84%E3%83%90%E3%82%B5%E3%80%91%E5%92%8C%E6%B3%89%E6%84%9B%E4%BE%9D,observed,idol_road_sr,wiki_only,shinycolors_enza,1f192a6a-f266-4b99-9166-a22593ddec76,81b108e4-46a3-49ba-9e53-84f7b6d7a828,2026-10-06T16:29:54+00:00,"[""W08""]","[""first_implemented_on"",""series_status"",""collab_work""]"
v1-93a6a8b8d40e754a,1.0,2026-10-08T02:45:18+00:00,【意地っ張りサンセット】,idol_813a7356-e821-43e7-b25f-c104ca28870d,西城樹里,S,SR,unit_3,放課後クライマックスガールズ,2018-04-24,permanent_gacha,[],unknown,,https://wikiwiki.jp/shinycolors/%E3%80%90%E6%84%8F%E5%9C%B0%E3%81%A3%E5%BC%B5%E3%82%8A%E3%82%B5%E3%83%B3%E3%82%BB%E3%83%83%E3%83%88%E3%80%91%E8%A5%BF%E5%9F%8E%E6%A8%B9%E9%87%8C,observed,base,wiki_only,shinycolors_enza,1f3f9326-3e71-4ce0-855b-e9d550f013dd,1f3f9326-3e71-4ce0-855b-e9d550f013dd,2026-10-06T16:29:54+00:00,"[""W03""]","[""series_status"",""collab_work""]"
v1-93a6a8b8d40e754a,1.0,2026-10-08T02:45:18+00:00,【アイドルロード】,idol_1,櫻木真乃,P,SSR,unit_1,イルミネーションスターズ,,mission,[],unknown,,https://wikiwiki.jp/shinycolors/%E3%80%90%E7%99%BD%E3%81%84%E3%83%84%E3%83%90%E3%82%B5%E3%80%91%E6%AB%BB%E6%9C%A8%E7%9C%9F%E4%B9%83,observed,idol_road_ssr,wiki_only,shinycolors_enza,1f78f52c-965a-4a8c-8185-5f9993d72732,f1043dab-f520-4e7c-91d2-0fe3275061d5,2026-10-06T16:29:54+00:00,"[""W08""]","[""first_implemented_on"",""series_status"",""collab_work""]"
v1-93a6a8b8d40e754a,1.0,2026-10-08T02:45:18+00:00,【白いツバサ】,idol_3c398182-7760-439e-8c77-3c09d173aa4c,芹沢あさひ,P,R,unit_5,ストレイライト,2019-04-01,permanent_gacha,[],unknown,,https://wikiwiki.jp/shinycolors/%E3%80%90%E7%99%BD%E3%81%84%E3%83%84%E3%83%90%E3%82%B5%E3%80%91%E8%8A%B9%E6%B2%A2%E3%81%82%E3%81%95%E3%81%B2,observed,base,wiki_only,shinycolors_enza,1f8e9c3e-43c4-4625-8782-b343bd685c0a,1f8e9c3e-43c4-4625-8782-b343bd685c0a,2026-10-06T16:29:53+00:00,"[""W02""]","[""series_status"",""collab_work""]"
v1-93a6a8b8d40e754a,1.0,2026-10-08T02:45:18+00:00,【ジューンブライド2025】,idol_2,樋口円香,S,SSR,unit_6,ノクチル,2025-07-30,limited_gacha,"[""vote_selection""]",known,,https://wikiwiki.jp/shinycolors/%E3%80%90%E3%82%B8%E3%83%A5%E3%83%BC%E3%83%B3%E3%83%96%E3%83%A9%E3%82%A4%E3%83%892025%E3%80%91%E6%A8%8B%E5%8F%A3%E5%86%86%E9%A6%99,observed,base,wiki_only,shinycolors_enza,1f9da515-a4a2-4bba-b086-0643859a6148,1f9da515-a4a2-4bba-b086-0643859a6148,2026-10-07T00:59:08+00:00,"[""W03""]","[""collab_work""]"
v1-93a6a8b8d40e754a,1.0,2026-10-08T02:45:18+00:00,【COSTUME GALLERY】,idol_3c398182-7760-439e-8c77-3c09d173aa4c,芹沢あさひ,S,SR,unit_5,ストレイライト,2025-03-22,gacha_bonus,[],unknown,,,not_found,base,wiki_only,shinycolors_enza,1fb0d4fb-b0e2-42a7-b688-38c91dda21cc,1fb0d4fb-b0e2-42a7-b688-38c91dda21cc,2026-10-06T16:29:53+00:00,"[""W03""]","[""series_status"",""collab_work"",""wiki_url""]"
v1-93a6a8b8d40e754a,1.0,2026-10-08T02:45:18+00:00,【相アイ】,idol_2,樋口円香,S,SSR,unit_6,ノクチル,2026-08-22,limited_gacha,[],unknown,,https://wikiwiki.jp/shinycolors/%E3%80%90%E7%9B%B8%E3%82%A2%E3%82%A4%E3%80%91%E6%A8%8B%E5%8F%A3%E5%86%86%E9%A6%99,observed,base,wiki_only,shinycolors_enza,1ffd3972-919a-4e14-b479-ac6fbada2973,1ffd3972-919a-4e14-b479-ac6fbada2973,2026-10-06T16:29:53+00:00,"[""W03""]","[""series_status"",""collab_work""]"
v1-93a6a8b8d40e754a,1.0,2026-10-08T02:45:18+00:00,【桜花拾】,idol_f0b34f52-342b-4fdd-8231-816605449447,郁田はるき,P,SSR,unit_8,コメティック,2024-04-10,limited_gacha,[],unknown,,https://wikiwiki.jp/shinycolors/%E3%80%90%E6%A1%9C%E8%8A%B1%E6%8B%BE%E3%80%91%E9%83%81%E7%94%B0%E3%81%AF%E3%82%8B%E3%81%8D,observed,base,wiki_only,shinycolors_enza,20255452-1aaa-4f3e-b624-1827004f4cf0,20255452-1aaa-4f3e-b624-1827004f4cf0,2026-10-06T16:29:53+00:00,"[""W02""]","[""series_status"",""collab_work""]"
v1-93a6a8b8d40e754a,1.0,2026-10-08T02:45:18+00:00,【オフデーゲーム】,idol_813a7356-e821-43e7-b25f-c104ca28870d,西城樹里,P,SR,unit_3,放課後クライマックスガールズ,2018-05-31,permanent_gacha,[],unknown,,https://wikiwiki.jp/shinycolors/%E3%80%90%E3%82%AA%E3%83%95%E3%83%87%E3%83%BC%E3%82%B2%E3%83%BC%E3%83%A0%E3%80%91%E8%A5%BF%E5%9F%8E%E6%A8%B9%E9%87%8C,observed,base,wiki_only,shinycolors_enza,204b1141-06bb-4f05-baba-5f4f4ab24cc7,204b1141-06bb-4f05-baba-5f4f4ab24cc7,2026-10-06T16:29:53+00:00,"[""W02""]","[""series_status"",""collab_work""]"
v1-93a6a8b8d40e754a,1.0,2026-10-08T02:45:18+00:00,【アイドルロード】,idol_81093365-1df1-4e6c-a252-27625c47ab96,三峰結華,P,SSR,unit_2,アンティーカ,,mission,[],unknown,,https://wikiwiki.jp/shinycolors/%E3%80%90%E7%99%BD%E3%81%84%E3%83%84%E3%83%90%E3%82%B5%E3%80%91%E4%B8%89%E5%B3%B0%E7%B5%90%E8%8F%AF,observed,idol_road_ssr,wiki_only,shinycolors_enza,206dd27c-973b-421a-ba60-a0789f81a23d,ba1a011a-8998-440a-bf98-d2799f41ef41,2026-10-06T16:29:54+00:00,"[""W08""]","[""first_implemented_on"",""series_status"",""collab_work""]"
v1-93a6a8b8d40e754a,1.0,2026-10-08T02:45:18+00:00,【輪になって】,idol_81093365-1df1-4e6c-a252-27625c47ab96,三峰結華,S,SR,unit_2,アンティーカ,2018-05-04,event_reward,[],unknown,,https://wikiwiki.jp/shinycolors/%E3%80%90%E8%BC%AA%E3%81%AB%E3%81%AA%E3%81%A3%E3%81%A6%E3%80%91%E4%B8%89%E5%B3%B0%E7%B5%90%E8%8F%AF,observed,base,wiki_only,shinycolors_enza,20910d74-6662-49f9-ab81-50e17cc958cf,20910d74-6662-49f9-ab81-50e17cc958cf,2026-10-06T16:29:53+00:00,"[""W03""]","[""series_status"",""collab_work""]"
v1-93a6a8b8d40e754a,1.0,2026-10-08T02:45:18+00:00,【とても、とても静かな雨】,idol_3c398182-7760-439e-8c77-3c09d173aa4c,芹沢あさひ,S,SSR,unit_5,ストレイライト,2022-07-11,permanent_gacha,[],unknown,,https://wikiwiki.jp/shinycolors/%E3%80%90%E3%81%A8%E3%81%A6%E3%82%82%E3%80%81%E3%81%A8%E3%81%A6%E3%82%82%E9%9D%99%E3%81%8B%E3%81%AA%E9%9B%A8%E3%80%91%E8%8A%B9%E6%B2%A2%E3%81%82%E3%81%95%E3%81%B2,observed,base,wiki_only,shinycolors_enza,20e3e5a5-0ce5-44d4-82e2-57081911e4f1,20e3e5a5-0ce5-44d4-82e2-57081911e4f1,2026-10-06T16:29:53+00:00,"[""W03""]","[""series_status"",""collab_work""]"
v1-93a6a8b8d40e754a,1.0,2026-10-08T02:45:18+00:00,【寛・汗・幽・湯】,idol_e579db5c-0930-4984-aa40-ebe5a00e8a4f,幽谷霧子,S,SSR,unit_2,アンティーカ,2026-01-20,collection_gacha,"[""twilights""]",known,,https://wikiwiki.jp/shinycolors/%E3%80%90%E5%AF%9B%E3%83%BB%E6%B1%97%E3%83%BB%E5%B9%BD%E3%83%BB%E6%B9%AF%E3%80%91%E5%B9%BD%E8%B0%B7%E9%9C%A7%E5%AD%90,observed,base,wiki_only,shinycolors_enza,212ef4b1-1f85-4f62-bb3c-ca79ff57c049,212ef4b1-1f85-4f62-bb3c-ca79ff57c049,2026-10-06T16:29:53+00:00,"[""W03""]","[""collab_work""]"
v1-93a6a8b8d40e754a,1.0,2026-10-08T02:45:18+00:00,【COSTUME G＠LLERY】,idol_813a7356-e821-43e7-b25f-c104ca28870d,西城樹里,S,SSR,unit_3,放課後クライマックスガールズ,2026-03-13,limited_gacha,[],unknown,,https://wikiwiki.jp/shinycolors/%E3%80%90COSTUME%20G%EF%BC%A0LLERY%E3%80%91%E8%A5%BF%E5%9F%8E%E6%A8%B9%E9%87%8C,observed,base,wiki_only,shinycolors_enza,21368821-2599-4a8f-8d4c-4c5dd494b4b8,21368821-2599-4a8f-8d4c-4c5dd494b4b8,2026-10-06T16:29:53+00:00,"[""W03""]","[""series_status"",""collab_work""]"
v1-93a6a8b8d40e754a,1.0,2026-10-08T02:45:18+00:00,【夏空商店街】,idol_e91e6363-2dc9-42c1-bbf1-a759e797c2d1,月岡恋鐘,S,SR,unit_2,アンティーカ,2023-07-10,event_reward,[],unknown,,https://wikiwiki.jp/shinycolors/%E3%80%90%E5%A4%8F%E7%A9%BA%E5%95%86%E5%BA%97%E8%A1%97%E3%80%91%E6%9C%88%E5%B2%A1%E6%81%8B%E9%90%98,observed,base,wiki_only,shinycolors_enza,217ad5e1-d971-47e8-bdeb-50e6aff90691,217ad5e1-d971-47e8-bdeb-50e6aff90691,2026-10-06T16:29:53+00:00,"[""W03""]","[""series_status"",""collab_work""]"
v1-93a6a8b8d40e754a,1.0,2026-10-08T02:45:18+00:00,【'25Pカップ】,idol_6,田中摩美々,S,SR,unit_2,アンティーカ,2025-04-15,event_reward,[],unknown,,https://wikiwiki.jp/shinycolors/%E3%80%90%2725P%E3%82%AB%E3%83%83%E3%83%97%E3%80%91%E7%94%B0%E4%B8%AD%E6%91%A9%E7%BE%8E%E3%80%85,observed,base,wiki_only,shinycolors_enza,21b3f8c7-2932-4a5d-a2dc-7f0d3675e82b,21b3f8c7-2932-4a5d-a2dc-7f0d3675e82b,2026-10-06T16:29:53+00:00,"[""W03""]","[""series_status"",""collab_work""]"
v1-93a6a8b8d40e754a,1.0,2026-10-08T02:45:18+00:00,【カトレアの花言葉】,idol_92b8326c-72f5-4a2e-8581-7110738045f3,有栖川夏葉,P,SR,unit_3,放課後クライマックスガールズ,2018-10-31,event_reward,[],unknown,,https://wikiwiki.jp/shinycolors/%E3%80%90%E3%82%AB%E3%83%88%E3%83%AC%E3%82%A2%E3%81%AE%E8%8A%B1%E8%A8%80%E8%91%89%E3%80%91%E6%9C%89%E6%A0%96%E5%B7%9D%E5%A4%8F%E8%91%89,observed,base,wiki_only,shinycolors_enza,2222df85-6e9f-470b-8383-443ba0bb46fe,2222df85-6e9f-470b-8383-443ba0bb46fe,2026-10-06T16:29:53+00:00,"[""W02""]","[""series_status"",""collab_work""]"
v1-93a6a8b8d40e754a,1.0,2026-10-08T02:45:18+00:00,【COSTUME GALLERY】,idol_b1cc8f6f-feab-4add-b5d9-d8777add7f60,大崎甜花,S,SR,unit_4,アルストロメリア,2025-03-22,gacha_bonus,[],unknown,,,not_found,base,wiki_only,shinycolors_enza,222b3957-729b-458a-939b-03ecae8aa280,222b3957-729b-458a-939b-03ecae8aa280,2026-10-06T16:29:53+00:00,"[""W03""]","[""series_status"",""collab_work"",""wiki_url""]"
v1-93a6a8b8d40e754a,1.0,2026-10-08T02:45:18+00:00,【月映えのソワレ】,idol_ef328a51-2928-4d2d-a44f-5e3b92d305cf,白瀬咲耶,S,SSR,unit_2,アンティーカ,2019-08-31,event_reward,[],unknown,,https://wikiwiki.jp/shinycolors/%E3%80%90%E6%9C%88%E6%98%A0%E3%81%88%E3%81%AE%E3%82%BD%E3%83%AF%E3%83%AC%E3%80%91%E7%99%BD%E7%80%AC%E5%92%B2%E8%80%B6,observed,base,wiki_only,shinycolors_enza,22625cab-3dff-4bb6-a100-59e9970ffbde,22625cab-3dff-4bb6-a100-59e9970ffbde,2026-10-06T16:29:53+00:00,"[""W03""]","[""series_status"",""collab_work""]"
v1-93a6a8b8d40e754a,1.0,2026-10-08T02:45:18+00:00,【Be white】,idol_442d4ba1-d448-4939-b780-a4e0dc3b73d3,有馬かな,P,SSR,,,2023-07-20,collaboration_gacha,[],unknown,【推しの子】,https://wikiwiki.jp/shinycolors/%E3%80%90Be%20white%E3%80%91%E6%9C%89%E9%A6%AC%E3%81%8B%E3%81%AA,observed,base,wiki_only,shinycolors_enza,22fa8941-fb9e-4892-8c03-186980e25e3a,22fa8941-fb9e-4892-8c03-186980e25e3a,2026-10-06T16:29:53+00:00,"[""W02""]","[""unit_id"",""unit_name"",""series_status""]"
v1-93a6a8b8d40e754a,1.0,2026-10-08T02:45:18+00:00,【一瞬を閉じ込め、あなたに】,idol_52544385-3ea1-42e6-bb47-faff2c6f9b4f,桑山千雪,S,SSR,unit_4,アルストロメリア,2023-05-22,permanent_gacha,[],unknown,,https://wikiwiki.jp/shinycolors/%E3%80%90%E4%B8%80%E7%9E%AC%E3%82%92%E9%96%89%E3%81%98%E8%BE%BC%E3%82%81%E3%80%81%E3%81%82%E3%81%AA%E3%81%9F%E3%81%AB%E3%80%91%E6%A1%91%E5%B1%B1%E5%8D%83%E9%9B%AA,observed,base,wiki_only,shinycolors_enza,22fec761-47bc-4326-ad66-b7c960246686,22fec761-47bc-4326-ad66-b7c960246686,2026-10-06T16:29:53+00:00,"[""W03""]","[""series_status"",""collab_work""]"
v1-93a6a8b8d40e754a,1.0,2026-10-08T02:45:18+00:00,【ひとつ、はたたく】,idol_1,櫻木真乃,P,SSR,unit_1,イルミネーションスターズ,2022-01-20,permanent_gacha,[],unknown,,https://wikiwiki.jp/shinycolors/%E3%80%90%E3%81%B2%E3%81%A8%E3%81%A4%E3%80%81%E3%81%AF%E3%81%9F%E3%81%9F%E3%81%8F%E3%80%91%E6%AB%BB%E6%9C%A8%E7%9C%9F%E4%B9%83,observed,base,wiki_only,shinycolors_enza,2324b805-072c-46d2-a874-8c6f8a68fe0c,2324b805-072c-46d2-a874-8c6f8a68fe0c,2026-10-06T16:29:53+00:00,"[""W02""]","[""series_status"",""collab_work""]"
v1-93a6a8b8d40e754a,1.0,2026-10-08T02:45:18+00:00,【ハッピー・アイ・スクリーム】,idol_52544385-3ea1-42e6-bb47-faff2c6f9b4f,桑山千雪,P,SSR,unit_4,アルストロメリア,2021-05-31,limited_gacha,[],unknown,,https://wikiwiki.jp/shinycolors/%E3%80%90%E3%83%8F%E3%83%83%E3%83%94%E3%83%BC%E3%83%BB%E3%82%A2%E3%82%A4%E3%83%BB%E3%82%B9%E3%82%AF%E3%83%AA%E3%83%BC%E3%83%A0%E3%80%91%E6%A1%91%E5%B1%B1%E5%8D%83%E9%9B%AA,observed,base,wiki_only,shinycolors_enza,233e161b-141f-4c76-aa64-c1498c1853ce,233e161b-141f-4c76-aa64-c1498c1853ce,2026-10-06T16:29:53+00:00,"[""W02""]","[""series_status"",""collab_work""]"
v1-93a6a8b8d40e754a,1.0,2026-10-08T02:45:18+00:00,【そのまみみ無気力につき】,idol_6,田中摩美々,P,SR,unit_2,アンティーカ,2019-01-11,permanent_gacha,[],unknown,,https://wikiwiki.jp/shinycolors/%E3%80%90%E3%81%9D%E3%81%AE%E3%81%BE%E3%81%BF%E3%81%BF%E7%84%A1%E6%B0%97%E5%8A%9B%E3%81%AB%E3%81%A4%E3%81%8D%E3%80%91%E7%94%B0%E4%B8%AD%E6%91%A9%E7%BE%8E%E3%80%85,observed,base,wiki_only,shinycolors_enza,239011cd-7318-413d-9545-0fa8aa2766e9,239011cd-7318-413d-9545-0fa8aa2766e9,2026-10-06T16:29:53+00:00,"[""W02""]","[""series_status"",""collab_work""]"
v1-93a6a8b8d40e754a,1.0,2026-10-08T02:45:18+00:00,【notちょこっとbutどばっと】,idol_7,園田智代子,S,SSR,unit_3,放課後クライマックスガールズ,2026-02-24,limited_gacha,"[""birthday""]",known,,https://wikiwiki.jp/shinycolors/%E3%80%90not%E3%81%A1%E3%82%87%E3%81%93%E3%81%A3%E3%81%A8but%E3%81%A9%E3%81%B0%E3%81%A3%E3%81%A8%E3%80%91%E5%9C%92%E7%94%B0%E6%99%BA%E4%BB%A3%E5%AD%90,observed,base,wiki_only,shinycolors_enza,23d32884-38a5-431a-9a6f-46906b03544c,23d32884-38a5-431a-9a6f-46906b03544c,2026-10-06T16:29:53+00:00,"[""W03""]","[""collab_work""]"
v1-93a6a8b8d40e754a,1.0,2026-10-08T02:45:18+00:00,【FRIEND】,idol_6874153a-a7f6-426a-98f0-815f121eeca4,緋田美琴,S,SSR,unit_7,シーズ,2026-02-21,limited_gacha,"[""vote_selection""]",known,,https://wikiwiki.jp/shinycolors/%E3%80%90FRIEND%E3%80%91%E7%B7%8B%E7%94%B0%E7%BE%8E%E7%90%B4,observed,base,wiki_only,shinycolors_enza,24266ac1-ccf6-4cf2-8deb-bb48d9295ae5,24266ac1-ccf6-4cf2-8deb-bb48d9295ae5,2026-10-07T00:59:08+00:00,"[""W03""]","[""collab_work""]"
v1-93a6a8b8d40e754a,1.0,2026-10-08T02:45:18+00:00,【宝鈿玉釵】,idol_81093365-1df1-4e6c-a252-27625c47ab96,三峰結華,S,SSR,unit_2,アンティーカ,2024-04-29,limited_gacha,[],unknown,,https://wikiwiki.jp/shinycolors/%E3%80%90%E5%AE%9D%E9%88%BF%E7%8E%89%E9%87%B5%E3%80%91%E4%B8%89%E5%B3%B0%E7%B5%90%E8%8F%AF,observed,base,wiki_only,shinycolors_enza,24272872-5b75-4a3b-99e2-981753ef901c,24272872-5b75-4a3b-99e2-981753ef901c,2026-10-06T16:29:53+00:00,"[""W03""]","[""series_status"",""collab_work""]"
v1-93a6a8b8d40e754a,1.0,2026-10-08T02:45:18+00:00,【はるとあめ】,idol_e5ce74fd-2caf-4c1d-a696-0b1f17f7a53e,福丸小糸,S,SSR,unit_6,ノクチル,2022-04-01,limited_gacha,[],unknown,,https://wikiwiki.jp/shinycolors/%E3%80%90%E3%81%AF%E3%82%8B%E3%81%A8%E3%81%82%E3%82%81%E3%80%91%E7%A6%8F%E4%B8%B8%E5%B0%8F%E7%B3%B8,observed,base,wiki_only,shinycolors_enza,24339ed7-ebf8-4daf-bdea-d51809138357,24339ed7-ebf8-4daf-bdea-d51809138357,2026-10-06T16:29:53+00:00,"[""W03""]","[""series_status"",""collab_work""]"
v1-93a6a8b8d40e754a,1.0,2026-10-08T02:45:18+00:00,【露記】,idol_2,樋口円香,S,SSR,unit_6,ノクチル,2026-01-09,limited_gacha,[],unknown,,https://wikiwiki.jp/shinycolors/%E3%80%90%E9%9C%B2%E8%A8%98%E3%80%91%E6%A8%8B%E5%8F%A3%E5%86%86%E9%A6%99,observed,base,wiki_only,shinycolors_enza,2441a6eb-2992-4995-b124-dc43e1344037,2441a6eb-2992-4995-b124-dc43e1344037,2026-10-06T16:29:53+00:00,"[""W03""]","[""series_status"",""collab_work""]"
v1-93a6a8b8d40e754a,1.0,2026-10-08T02:45:18+00:00,【カラフルポップMIX】,idol_6,田中摩美々,S,SR,unit_2,アンティーカ,2018-04-24,permanent_gacha,[],unknown,,https://wikiwiki.jp/shinycolors/%E3%80%90%E3%82%AB%E3%83%A9%E3%83%95%E3%83%AB%E3%83%9D%E3%83%83%E3%83%97MIX%E3%80%91%E7%94%B0%E4%B8%AD%E6%91%A9%E7%BE%8E%E3%80%85,observed,base,wiki_only,shinycolors_enza,246c33a2-1a58-4b7d-a252-69238ea4690a,246c33a2-1a58-4b7d-a252-69238ea4690a,2026-10-06T16:29:54+00:00,"[""W03""]","[""series_status"",""collab_work""]"
v1-93a6a8b8d40e754a,1.0,2026-10-08T02:45:18+00:00,【BLUES】,idol_0c19be81-d3e3-4383-b5d4-0a94b290dba9,斑鳩ルカ,P,SSR,unit_8,コメティック,2024-04-13,collection_gacha,"[""mysongs""]",known,,https://wikiwiki.jp/shinycolors/%E3%80%90BLUES%E3%80%91%E6%96%91%E9%B3%A9%E3%83%AB%E3%82%AB,observed,base,wiki_only,shinycolors_enza,24733481-b7d6-49fd-9ef7-4cd58bb4d380,24733481-b7d6-49fd-9ef7-4cd58bb4d380,2026-10-06T16:29:53+00:00,"[""W02""]","[""collab_work""]"
v1-93a6a8b8d40e754a,1.0,2026-10-08T02:45:18+00:00,【茜色セレンディピティ】,idol_7,園田智代子,S,SR,unit_3,放課後クライマックスガールズ,2020-11-20,event_reward,[],unknown,,https://wikiwiki.jp/shinycolors/%E3%80%90%E8%8C%9C%E8%89%B2%E3%82%BB%E3%83%AC%E3%83%B3%E3%83%87%E3%82%A3%E3%83%94%E3%83%86%E3%82%A3%E3%80%91%E5%9C%92%E7%94%B0%E6%99%BA%E4%BB%A3%E5%AD%90,observed,base,wiki_only,shinycolors_enza,247b25ec-f212-4b67-bb32-76c8b42950d6,247b25ec-f212-4b67-bb32-76c8b42950d6,2026-10-06T16:29:53+00:00,"[""W03""]","[""series_status"",""collab_work""]"
v1-93a6a8b8d40e754a,1.0,2026-10-08T02:45:18+00:00,【メロウビート・スローダウン】,idol_81093365-1df1-4e6c-a252-27625c47ab96,三峰結華,S,SR,unit_2,アンティーカ,2018-08-20,permanent_gacha,[],unknown,,https://wikiwiki.jp/shinycolors/%E3%80%90%E3%83%A1%E3%83%AD%E3%82%A6%E3%83%93%E3%83%BC%E3%83%88%E3%83%BB%E3%82%B9%E3%83%AD%E3%83%BC%E3%83%80%E3%82%A6%E3%83%B3%E3%80%91%E4%B8%89%E5%B3%B0%E7%B5%90%E8%8F%AF,observed,base,wiki_only,shinycolors_enza,249e34df-8ca0-495f-a96b-2a69452ddcdc,249e34df-8ca0-495f-a96b-2a69452ddcdc,2026-10-06T16:29:54+00:00,"[""W03""]","[""series_status"",""collab_work""]"
v1-93a6a8b8d40e754a,1.0,2026-10-08T02:45:18+00:00,【フィドル・ファドル】,idol_6,田中摩美々,P,SSR,unit_2,アンティーカ,2019-11-30,limited_gacha,[],unknown,,https://wikiwiki.jp/shinycolors/%E3%80%90%E3%83%95%E3%82%A3%E3%83%89%E3%83%AB%E3%83%BB%E3%83%95%E3%82%A1%E3%83%89%E3%83%AB%E3%80%91%E7%94%B0%E4%B8%AD%E6%91%A9%E7%BE%8E%E3%80%85,observed,base,wiki_only,shinycolors_enza,24aea68f-e2fc-4668-8eee-b71830317c71,24aea68f-e2fc-4668-8eee-b71830317c71,2026-10-06T16:29:53+00:00,"[""W02""]","[""series_status"",""collab_work""]"
v1-93a6a8b8d40e754a,1.0,2026-10-08T02:45:18+00:00,【聞いてマイハート】,idol_8c18b422-295c-4259-9e14-413685deb7f8,大崎甘奈,P,SSR,unit_4,アルストロメリア,2023-04-13,collection_gacha,"[""mysongs""]",known,,https://wikiwiki.jp/shinycolors/%E3%80%90%E8%81%9E%E3%81%84%E3%81%A6%E3%83%9E%E3%82%A4%E3%83%8F%E3%83%BC%E3%83%88%E3%80%91%E5%A4%A7%E5%B4%8E%E7%94%98%E5%A5%88,observed,base,wiki_only,shinycolors_enza,24e7d518-70e4-4f4c-b277-f5224f6d552c,24e7d518-70e4-4f4c-b277-f5224f6d552c,2026-10-06T16:29:53+00:00,"[""W02""]","[""collab_work""]"
v1-93a6a8b8d40e754a,1.0,2026-10-08T02:45:18+00:00,【かわいいひと】,idol_ef328a51-2928-4d2d-a44f-5e3b92d305cf,白瀬咲耶,S,SSR,unit_2,アンティーカ,2022-05-31,limited_gacha,[],unknown,,https://wikiwiki.jp/shinycolors/%E3%80%90%E3%81%8B%E3%82%8F%E3%81%84%E3%81%84%E3%81%B2%E3%81%A8%E3%80%91%E7%99%BD%E7%80%AC%E5%92%B2%E8%80%B6,observed,base,wiki_only,shinycolors_enza,24edb2fd-ac89-4d1b-8971-700c14785950,24edb2fd-ac89-4d1b-8971-700c14785950,2026-10-06T16:29:53+00:00,"[""W03""]","[""series_status"",""collab_work""]"
v1-93a6a8b8d40e754a,1.0,2026-10-08T02:45:18+00:00,【杖たちの足跡】,idol_0c19be81-d3e3-4383-b5d4-0a94b290dba9,斑鳩ルカ,S,SSR,unit_8,コメティック,2023-08-21,event_reward,[],unknown,,https://wikiwiki.jp/shinycolors/%E3%80%90%E6%9D%96%E3%81%9F%E3%81%A1%E3%81%AE%E8%B6%B3%E8%B7%A1%E3%80%91%E6%96%91%E9%B3%A9%E3%83%AB%E3%82%AB,observed,base,wiki_only,shinycolors_enza,2514534a-d6c9-4520-ad1e-4e878d418ec0,2514534a-d6c9-4520-ad1e-4e878d418ec0,2026-10-06T16:29:53+00:00,"[""W03""]","[""series_status"",""collab_work""]"
v1-93a6a8b8d40e754a,1.0,2026-10-08T02:45:18+00:00,【あなた次第】,idol_a1ecc291-124c-4aaa-8346-467a4386234b,七草はづき,S,SSR,,,2025-10-22,collection_gacha,"[""parallel""]",known,,https://wikiwiki.jp/shinycolors/%E3%80%90%E3%81%82%E3%81%AA%E3%81%9F%E6%AC%A1%E7%AC%AC%E3%80%91%E4%B8%83%E8%8D%89%E3%81%AF%E3%81%A5%E3%81%8D,observed,base,wiki_only,shinycolors_enza,2538d593-d019-4607-8713-58ed4c336c0b,2538d593-d019-4607-8713-58ed4c336c0b,2026-10-06T16:29:53+00:00,"[""W03""]","[""unit_id"",""unit_name"",""collab_work""]"
v1-93a6a8b8d40e754a,1.0,2026-10-08T02:45:18+00:00,【サマーアイドル2019】,idol_81093365-1df1-4e6c-a252-27625c47ab96,三峰結華,S,SR,unit_2,アンティーカ,2025-07-18,gacha_bonus,[],unknown,,,not_found,base,wiki_only,shinycolors_enza,2541cd5f-aa7e-46a2-b951-14d1212f51fb,2541cd5f-aa7e-46a2-b951-14d1212f51fb,2026-10-06T16:29:53+00:00,"[""W03""]","[""series_status"",""collab_work"",""wiki_url""]"
v1-93a6a8b8d40e754a,1.0,2026-10-08T02:45:18+00:00,【君色オーバーラップ】,idol_d4177c5c-4600-4381-b5da-758f87fc23d7,八宮めぐる,S,UR,unit_1,イルミネーションスターズ,2025-07-08,permanent_gacha,[],unknown,,https://wikiwiki.jp/shinycolors/%E3%80%90%E5%90%9B%E8%89%B2%E3%82%AA%E3%83%BC%E3%83%90%E3%83%BC%E3%83%A9%E3%83%83%E3%83%97%E3%80%91%E5%85%AB%E5%AE%AE%E3%82%81%E3%81%90%E3%82%8B,observed,base,wiki_only,shinycolors_enza,254af6fa-a5da-4ee6-8fde-93f8d8095704,254af6fa-a5da-4ee6-8fde-93f8d8095704,2026-10-06T16:29:53+00:00,"[""W03""]","[""series_status"",""collab_work""]"
v1-93a6a8b8d40e754a,1.0,2026-10-08T02:45:18+00:00,【白いツバサ】,idol_52544385-3ea1-42e6-bb47-faff2c6f9b4f,桑山千雪,P,SR,unit_4,アルストロメリア,,mission,[],unknown,,https://wikiwiki.jp/shinycolors/%E3%80%90%E7%99%BD%E3%81%84%E3%83%84%E3%83%90%E3%82%B5%E3%80%91%E6%A1%91%E5%B1%B1%E5%8D%83%E9%9B%AA,observed,idol_road_sr,wiki_only,shinycolors_enza,25934724-1286-43fe-94de-ece9010b501e,c0f08096-7a86-41d5-a949-98aad0225b10,2026-10-06T16:29:54+00:00,"[""W08""]","[""first_implemented_on"",""series_status"",""collab_work""]"
v1-93a6a8b8d40e754a,1.0,2026-10-08T02:45:18+00:00,【'25Pカップ】,idol_72d6d5b6-dc2b-4e7c-90be-eb4770ba589b,市川雛菜,S,SR,unit_6,ノクチル,2025-04-15,event_reward,[],unknown,,https://wikiwiki.jp/shinycolors/%E3%80%90%2725P%E3%82%AB%E3%83%83%E3%83%97%E3%80%91%E5%B8%82%E5%B7%9D%E9%9B%9B%E8%8F%9C,observed,base,wiki_only,shinycolors_enza,259bfbf5-5682-4e1a-89be-f9a92692a41e,259bfbf5-5682-4e1a-89be-f9a92692a41e,2026-10-06T16:29:53+00:00,"[""W03""]","[""series_status"",""collab_work""]"
v1-93a6a8b8d40e754a,1.0,2026-10-08T02:45:18+00:00,【the origin on the axes】,idol_ef328a51-2928-4d2d-a44f-5e3b92d305cf,白瀬咲耶,S,SR,unit_2,アンティーカ,2025-10-25,campaign,[],unknown,,https://wikiwiki.jp/shinycolors/%E3%80%90the%20origin%20on%20the%20axes%E3%80%91%E7%99%BD%E7%80%AC%E5%92%B2%E8%80%B6,observed,base,wiki_only,shinycolors_enza,26760f78-291f-4b53-a9c7-f3c288c4692a,26760f78-291f-4b53-a9c7-f3c288c4692a,2026-10-06T16:29:53+00:00,"[""W03""]","[""series_status"",""collab_work""]"
v1-93a6a8b8d40e754a,1.0,2026-10-08T02:45:18+00:00,【獲るよ！】,idol_786e9b98-d1e4-4419-a69a-3281d07dd4fb,和泉愛依,S,SSR,unit_5,ストレイライト,2025-01-30,event_reward,[],unknown,,https://wikiwiki.jp/shinycolors/%E3%80%90%E7%8D%B2%E3%82%8B%E3%82%88%EF%BC%81%E3%80%91%E5%92%8C%E6%B3%89%E6%84%9B%E4%BE%9D,observed,base,wiki_only,shinycolors_enza,267abed3-e8bc-4f8d-9cc0-9425f0446a2d,267abed3-e8bc-4f8d-9cc0-9425f0446a2d,2026-10-06T16:29:53+00:00,"[""W03""]","[""series_status"",""collab_work""]"
v1-93a6a8b8d40e754a,1.0,2026-10-08T02:45:18+00:00,【なんでもない～】,idol_786e9b98-d1e4-4419-a69a-3281d07dd4fb,和泉愛依,S,SSR,unit_5,ストレイライト,2023-01-31,event_reward,[],unknown,,https://wikiwiki.jp/shinycolors/%E3%80%90%E3%81%AA%E3%82%93%E3%81%A7%E3%82%82%E3%81%AA%E3%81%84%EF%BD%9E%E3%80%91%E5%92%8C%E6%B3%89%E6%84%9B%E4%BE%9D,observed,base,wiki_only,shinycolors_enza,26810282-0a02-499f-a124-1f8014f4dc7f,26810282-0a02-499f-a124-1f8014f4dc7f,2026-10-06T16:29:53+00:00,"[""W03""]","[""series_status"",""collab_work""]"
v1-93a6a8b8d40e754a,1.0,2026-10-08T02:45:18+00:00,【君・空・我・空】,idol_e579db5c-0930-4984-aa40-ebe5a00e8a4f,幽谷霧子,S,SR,unit_2,アンティーカ,2020-04-10,collaboration_gacha,[],unknown,,https://wikiwiki.jp/shinycolors/%E3%80%90%E5%90%9B%E3%83%BB%E7%A9%BA%E3%83%BB%E6%88%91%E3%83%BB%E7%A9%BA%E3%80%91%E5%B9%BD%E8%B0%B7%E9%9C%A7%E5%AD%90,observed,base,wiki_only,shinycolors_enza,268322f8-8e99-4dbe-8c4c-859d204b3a7c,268322f8-8e99-4dbe-8c4c-859d204b3a7c,2026-10-06T16:29:53+00:00,"[""W03""]","[""series_status"",""collab_work""]"
v1-93a6a8b8d40e754a,1.0,2026-10-08T02:45:18+00:00,【スクーリー・フラッシュ】,idol_4,鈴木羽那,S,SSR,unit_8,コメティック,2025-03-19,limited_gacha,[],unknown,,https://wikiwiki.jp/shinycolors/%E3%80%90%E3%82%B9%E3%82%AF%E3%83%BC%E3%83%AA%E3%83%BC%E3%83%BB%E3%83%95%E3%83%A9%E3%83%83%E3%82%B7%E3%83%A5%E3%80%91%E9%88%B4%E6%9C%A8%E7%BE%BD%E9%82%A3,observed,base,wiki_only,shinycolors_enza,269feafa-e7fa-40bd-bbba-46afc7050c0e,269feafa-e7fa-40bd-bbba-46afc7050c0e,2026-10-06T16:29:53+00:00,"[""W03""]","[""series_status"",""collab_work""]"
v1-93a6a8b8d40e754a,1.0,2026-10-08T02:45:18+00:00,【滑走、躍るように】,idol_736d3fca-9560-4156-96fc-66cc0159ea42,七草にちか,S,SR,unit_7,シーズ,2025-12-08,event_reward,[],unknown,,https://wikiwiki.jp/shinycolors/%E3%80%90%E6%BB%91%E8%B5%B0%E3%80%81%E8%BA%8D%E3%82%8B%E3%82%88%E3%81%86%E3%81%AB%E3%80%91%E4%B8%83%E8%8D%89%E3%81%AB%E3%81%A1%E3%81%8B,observed,base,wiki_only,shinycolors_enza,26bd6d13-7c15-48cf-87d3-d0d69216cdea,26bd6d13-7c15-48cf-87d3-d0d69216cdea,2026-10-06T16:29:53+00:00,"[""W03""]","[""series_status"",""collab_work""]"
v1-93a6a8b8d40e754a,1.0,2026-10-08T02:45:18+00:00,【ノンセンス・プロンプ】,idol_a2f858c3-da6e-4d6f-b777-5367a2671399,黛冬優子,P,SSR,unit_5,ストレイライト,2024-02-08,permanent_gacha,[],unknown,,https://wikiwiki.jp/shinycolors/%E3%80%90%E3%83%8E%E3%83%B3%E3%82%BB%E3%83%B3%E3%82%B9%E3%83%BB%E3%83%97%E3%83%AD%E3%83%B3%E3%83%97%E3%80%91%E9%BB%9B%E5%86%AC%E5%84%AA%E5%AD%90,observed,base,wiki_only,shinycolors_enza,26c7fd0d-9898-402b-b63f-9b7718d0c535,26c7fd0d-9898-402b-b63f-9b7718d0c535,2026-10-06T16:29:53+00:00,"[""W02""]","[""series_status"",""collab_work""]"
v1-93a6a8b8d40e754a,1.0,2026-10-08T02:45:18+00:00,【翅がみえた】,idol_e5ce74fd-2caf-4c1d-a696-0b1f17f7a53e,福丸小糸,S,SR,unit_6,ノクチル,2024-09-18,event_reward,[],unknown,,https://wikiwiki.jp/shinycolors/%E3%80%90%E7%BF%85%E3%81%8C%E3%81%BF%E3%81%88%E3%81%9F%E3%80%91%E7%A6%8F%E4%B8%B8%E5%B0%8F%E7%B3%B8,observed,base,wiki_only,shinycolors_enza,270e7938-8ca1-4825-bcf2-eba026a3b1c1,270e7938-8ca1-4825-bcf2-eba026a3b1c1,2026-10-06T16:29:53+00:00,"[""W03""]","[""series_status"",""collab_work""]"
v1-93a6a8b8d40e754a,1.0,2026-10-08T02:45:18+00:00,【キス♡ミーなんて！？】,idol_7,園田智代子,S,SR,unit_3,放課後クライマックスガールズ,2024-11-08,event_reward,[],unknown,,https://wikiwiki.jp/shinycolors/%E3%80%90%E3%82%AD%E3%82%B9%E2%99%A1%E3%83%9F%E3%83%BC%E3%81%AA%E3%82%93%E3%81%A6%EF%BC%81%EF%BC%9F%E3%80%91%E5%9C%92%E7%94%B0%E6%99%BA%E4%BB%A3%E5%AD%90,observed,base,wiki_only,shinycolors_enza,27467d8b-83dd-4dd4-afcf-95e61a46c8ec,27467d8b-83dd-4dd4-afcf-95e61a46c8ec,2026-10-06T16:29:53+00:00,"[""W03""]","[""series_status"",""collab_work""]"
v1-93a6a8b8d40e754a,1.0,2026-10-08T02:45:18+00:00,【白いツバサ】,idol_8c18b422-295c-4259-9e14-413685deb7f8,大崎甘奈,P,SR,unit_4,アルストロメリア,,mission,[],unknown,,https://wikiwiki.jp/shinycolors/%E3%80%90%E7%99%BD%E3%81%84%E3%83%84%E3%83%90%E3%82%B5%E3%80%91%E5%A4%A7%E5%B4%8E%E7%94%98%E5%A5%88,observed,idol_road_sr,wiki_only,shinycolors_enza,27653a41-30d6-48a2-b41e-e818482323ed,b57b109e-9ec5-4e5a-bfa1-838aab879ef0,2026-10-06T16:29:54+00:00,"[""W08""]","[""first_implemented_on"",""series_status"",""collab_work""]"
v1-93a6a8b8d40e754a,1.0,2026-10-08T02:45:18+00:00,【円環 -Halo around-】,idol_7,園田智代子,S,SSR,unit_3,放課後クライマックスガールズ,2025-07-05,gacha_bonus,[],unknown,,https://wikiwiki.jp/shinycolors/%E3%80%90%E5%86%86%E7%92%B0%20-Halo%20around-%E3%80%91%E5%9C%92%E7%94%B0%E6%99%BA%E4%BB%A3%E5%AD%90,observed,base,wiki_only,shinycolors_enza,27817f8d-ea26-44c3-9e2a-bca09c161f0a,27817f8d-ea26-44c3-9e2a-bca09c161f0a,2026-10-06T16:29:53+00:00,"[""W03""]","[""series_status"",""collab_work""]"
v1-93a6a8b8d40e754a,1.0,2026-10-08T02:45:18+00:00,【Birdy BUddy】,idol_92b8326c-72f5-4a2e-8581-7110738045f3,有栖川夏葉,P,SSR,unit_3,放課後クライマックスガールズ,2023-06-09,permanent_gacha,[],unknown,,https://wikiwiki.jp/shinycolors/%E3%80%90Birdy%20BUddy%E3%80%91%E6%9C%89%E6%A0%96%E5%B7%9D%E5%A4%8F%E8%91%89,observed,base,wiki_only,shinycolors_enza,282087ef-1f52-4274-a53f-e4c184827674,282087ef-1f52-4274-a53f-e4c184827674,2026-10-06T16:29:53+00:00,"[""W02""]","[""series_status"",""collab_work""]"
v1-93a6a8b8d40e754a,1.0,2026-10-08T02:45:18+00:00,【SEASON】,idol_6874153a-a7f6-426a-98f0-815f121eeca4,緋田美琴,P,SR,unit_7,シーズ,2021-12-22,event_reward,[],unknown,,https://wikiwiki.jp/shinycolors/%E3%80%90SEASON%E3%80%91%E7%B7%8B%E7%94%B0%E7%BE%8E%E7%90%B4,observed,base,wiki_only,shinycolors_enza,282d118f-dcd8-49d8-9795-d54b5ec13fdb,282d118f-dcd8-49d8-9795-d54b5ec13fdb,2026-10-06T16:29:53+00:00,"[""W02""]","[""series_status"",""collab_work""]"
v1-93a6a8b8d40e754a,1.0,2026-10-08T02:45:18+00:00,【In yellow】,idol_83b48f3c-148e-4da6-be64-662f61d1c787,MEMちょ,P,SSR,,,2024-08-07,collaboration_gacha,[],unknown,【推しの子】,https://wikiwiki.jp/shinycolors/%E3%80%90In%20yellow%E3%80%91MEM%E3%81%A1%E3%82%87,observed,base,wiki_only,shinycolors_enza,2892e5b0-db13-4133-af6b-484e7551892f,2892e5b0-db13-4133-af6b-484e7551892f,2026-10-06T16:29:53+00:00,"[""W02""]","[""unit_id"",""unit_name"",""series_status""]"
v1-93a6a8b8d40e754a,1.0,2026-10-08T02:45:18+00:00,【loading...】,idol_72d6d5b6-dc2b-4e7c-90be-eb4770ba589b,市川雛菜,P,SSR,unit_6,ノクチル,2025-09-19,limited_gacha,[],unknown,,https://wikiwiki.jp/shinycolors/%E3%80%90loading...%E3%80%91%E5%B8%82%E5%B7%9D%E9%9B%9B%E8%8F%9C,observed,base,wiki_only,shinycolors_enza,28b0f37b-223f-4d7f-b16f-f9ea8b4ba9aa,28b0f37b-223f-4d7f-b16f-f9ea8b4ba9aa,2026-10-06T16:29:53+00:00,"[""W02""]","[""series_status"",""collab_work""]"
v1-93a6a8b8d40e754a,1.0,2026-10-08T02:45:18+00:00,【アイドルロード】,idol_813a7356-e821-43e7-b25f-c104ca28870d,西城樹里,P,SSR,unit_3,放課後クライマックスガールズ,,mission,[],unknown,,https://wikiwiki.jp/shinycolors/%E3%80%90%E7%99%BD%E3%81%84%E3%83%84%E3%83%90%E3%82%B5%E3%80%91%E8%A5%BF%E5%9F%8E%E6%A8%B9%E9%87%8C,observed,idol_road_ssr,wiki_only,shinycolors_enza,28b6bc70-8c2d-4143-bbdf-1cc361483c15,fb7775e6-ba46-40b5-9b16-4d96c4cc95bd,2026-10-06T16:29:54+00:00,"[""W08""]","[""first_implemented_on"",""series_status"",""collab_work""]"
v1-93a6a8b8d40e754a,1.0,2026-10-08T02:45:18+00:00,【月刊CLIMAX】,idol_92b8326c-72f5-4a2e-8581-7110738045f3,有栖川夏葉,S,SSR,unit_3,放課後クライマックスガールズ,2019-04-12,permanent_gacha,[],unknown,,https://wikiwiki.jp/shinycolors/%E3%80%90%E6%9C%88%E5%88%8ACLIMAX%E3%80%91%E6%9C%89%E6%A0%96%E5%B7%9D%E5%A4%8F%E8%91%89,observed,base,wiki_only,shinycolors_enza,28c08314-ab68-4d2f-9ffd-79f568e1da7c,28c08314-ab68-4d2f-9ffd-79f568e1da7c,2026-10-06T16:29:53+00:00,"[""W03""]","[""series_status"",""collab_work""]"
v1-93a6a8b8d40e754a,1.0,2026-10-08T02:45:18+00:00,【カラカラカラ】,idol_2,樋口円香,P,SSR,unit_6,ノクチル,2020-05-22,permanent_gacha,[],unknown,,https://wikiwiki.jp/shinycolors/%E3%80%90%E3%82%AB%E3%83%A9%E3%82%AB%E3%83%A9%E3%82%AB%E3%83%A9%E3%80%91%E6%A8%8B%E5%8F%A3%E5%86%86%E9%A6%99,observed,base,wiki_only,shinycolors_enza,28e1cc41-6abd-4ccb-9575-c2be4fde6da9,28e1cc41-6abd-4ccb-9575-c2be4fde6da9,2026-10-06T16:29:53+00:00,"[""W02""]","[""series_status"",""collab_work""]"
v1-93a6a8b8d40e754a,1.0,2026-10-08T02:45:18+00:00,【水色感情】,idol_51651b60-7996-412b-bd16-5c1c3f3faebf,杜野凛世,P,SSR,unit_3,放課後クライマックスガールズ,2019-09-20,permanent_gacha,[],unknown,,https://wikiwiki.jp/shinycolors/%E3%80%90%E6%B0%B4%E8%89%B2%E6%84%9F%E6%83%85%E3%80%91%E6%9D%9C%E9%87%8E%E5%87%9B%E4%B8%96,observed,base,wiki_only,shinycolors_enza,291c5746-e533-4e4b-8225-ab306a64d420,291c5746-e533-4e4b-8225-ab306a64d420,2026-10-06T16:29:53+00:00,"[""W02""]","[""series_status"",""collab_work""]"
v1-93a6a8b8d40e754a,1.0,2026-10-08T02:45:18+00:00,【春風、ふわり】,idol_1,櫻木真乃,S,SSR,unit_1,イルミネーションスターズ,2025-03-19,limited_gacha,[],unknown,,https://wikiwiki.jp/shinycolors/%E3%80%90%E6%98%A5%E9%A2%A8%E3%80%81%E3%81%B5%E3%82%8F%E3%82%8A%E3%80%91%E6%AB%BB%E6%9C%A8%E7%9C%9F%E4%B9%83,observed,base,wiki_only,shinycolors_enza,29383f35-bd5f-49fb-b3ad-05a762746316,29383f35-bd5f-49fb-b3ad-05a762746316,2026-10-06T16:29:53+00:00,"[""W03""]","[""series_status"",""collab_work""]"
v1-93a6a8b8d40e754a,1.0,2026-10-08T02:45:18+00:00,【ワン・モア・フラワリング】,idol_52544385-3ea1-42e6-bb47-faff2c6f9b4f,桑山千雪,P,SR,unit_4,アルストロメリア,2019-10-21,event_reward,[],unknown,,https://wikiwiki.jp/shinycolors/%E3%80%90%E3%83%AF%E3%83%B3%E3%83%BB%E3%83%A2%E3%82%A2%E3%83%BB%E3%83%95%E3%83%A9%E3%83%AF%E3%83%AA%E3%83%B3%E3%82%B0%E3%80%91%E6%A1%91%E5%B1%B1%E5%8D%83%E9%9B%AA,observed,base,wiki_only,shinycolors_enza,29519a01-94e5-4384-91ce-46cb5fde0d7b,29519a01-94e5-4384-91ce-46cb5fde0d7b,2026-10-06T16:29:53+00:00,"[""W02""]","[""series_status"",""collab_work""]"
v1-93a6a8b8d40e754a,1.0,2026-10-08T02:45:18+00:00,【おおきなひと口】,idol_e5ce74fd-2caf-4c1d-a696-0b1f17f7a53e,福丸小糸,S,SR,unit_6,ノクチル,2023-07-20,event_reward,[],unknown,,https://wikiwiki.jp/shinycolors/%E3%80%90%E3%81%8A%E3%81%8A%E3%81%8D%E3%81%AA%E3%81%B2%E3%81%A8%E5%8F%A3%E3%80%91%E7%A6%8F%E4%B8%B8%E5%B0%8F%E7%B3%B8,observed,base,wiki_only,shinycolors_enza,2963cd7d-9fea-42d1-a432-529789706e3b,2963cd7d-9fea-42d1-a432-529789706e3b,2026-10-06T16:29:53+00:00,"[""W03""]","[""series_status"",""collab_work""]"
v1-93a6a8b8d40e754a,1.0,2026-10-08T02:45:18+00:00,【ふラiとぅTHE】,idol_736d3fca-9560-4156-96fc-66cc0159ea42,七草にちか,P,SSR,unit_7,シーズ,2023-08-15,collection_gacha,"[""mysongs""]",known,,https://wikiwiki.jp/shinycolors/%E3%80%90%E3%81%B5%E3%83%A9i%E3%81%A8%E3%81%85THE%E3%80%91%E4%B8%83%E8%8D%89%E3%81%AB%E3%81%A1%E3%81%8B,observed,base,wiki_only,shinycolors_enza,29a0c734-c743-4b4d-beac-443c2c1085d9,29a0c734-c743-4b4d-beac-443c2c1085d9,2026-10-06T16:29:53+00:00,"[""W02""]","[""collab_work""]"
v1-93a6a8b8d40e754a,1.0,2026-10-08T02:45:18+00:00,【Happy Birthday】,idol_a1ecc291-124c-4aaa-8346-467a4386234b,七草はづき,S,SR,,,2025-02-03,limited_gacha,"[""birthday""]",known,,https://wikiwiki.jp/shinycolors/%E3%80%90Happy%20Birthday%E3%80%91%E4%B8%83%E8%8D%89%E3%81%AF%E3%81%A5%E3%81%8D,observed,base,wiki_only,shinycolors_enza,29b6b241-a9bb-47b6-9cdf-5be1f83cd5a6,29b6b241-a9bb-47b6-9cdf-5be1f83cd5a6,2026-10-06T16:29:54+00:00,"[""W03""]","[""unit_id"",""unit_name"",""collab_work""]"
v1-93a6a8b8d40e754a,1.0,2026-10-08T02:45:18+00:00,【トコハレ☀コメディ】,idol_7,園田智代子,P,SSR,unit_3,放課後クライマックスガールズ,2022-06-20,limited_gacha,[],unknown,,https://wikiwiki.jp/shinycolors/%E3%80%90%E3%83%88%E3%82%B3%E3%83%8F%E3%83%AC%E2%98%80%E3%82%B3%E3%83%A1%E3%83%87%E3%82%A3%E3%80%91%E5%9C%92%E7%94%B0%E6%99%BA%E4%BB%A3%E5%AD%90,observed,base,wiki_only,shinycolors_enza,29dd32d5-2630-4779-93e8-ded87adc7db1,29dd32d5-2630-4779-93e8-ded87adc7db1,2026-10-06T16:29:53+00:00,"[""W02""]","[""series_status"",""collab_work""]"
v1-93a6a8b8d40e754a,1.0,2026-10-08T02:45:18+00:00,【白いツバサ】,idol_d4177c5c-4600-4381-b5da-758f87fc23d7,八宮めぐる,P,SR,unit_1,イルミネーションスターズ,,mission,[],unknown,,https://wikiwiki.jp/shinycolors/%E3%80%90%E7%99%BD%E3%81%84%E3%83%84%E3%83%90%E3%82%B5%E3%80%91%E5%85%AB%E5%AE%AE%E3%82%81%E3%81%90%E3%82%8B,observed,idol_road_sr,wiki_only,shinycolors_enza,29edbc1a-c80f-4450-8a4d-01aeaf5044a5,3f6beaee-11c9-4d5b-9f93-94baf33e8a83,2026-10-06T16:29:54+00:00,"[""W08""]","[""first_implemented_on"",""series_status"",""collab_work""]"
v1-93a6a8b8d40e754a,1.0,2026-10-08T02:45:18+00:00,【スキを繋ぐ】,idol_81093365-1df1-4e6c-a252-27625c47ab96,三峰結華,S,SR,unit_2,アンティーカ,2025-09-09,event_reward,[],unknown,,https://wikiwiki.jp/shinycolors/%E3%80%90%E3%82%B9%E3%82%AD%E3%82%92%E7%B9%8B%E3%81%90%E3%80%91%E4%B8%89%E5%B3%B0%E7%B5%90%E8%8F%AF,observed,base,wiki_only,shinycolors_enza,2a0dac6c-acab-4931-bbb7-01d3dce05374,2a0dac6c-acab-4931-bbb7-01d3dce05374,2026-10-06T16:29:53+00:00,"[""W03""]","[""series_status"",""collab_work""]"
v1-93a6a8b8d40e754a,1.0,2026-10-08T02:45:18+00:00,【いたずら猫】,idol_81093365-1df1-4e6c-a252-27625c47ab96,三峰結華,S,SSR,unit_2,アンティーカ,2026-01-16,limited_gacha,"[""birthday""]",known,,https://wikiwiki.jp/shinycolors/%E3%80%90%E3%81%84%E3%81%9F%E3%81%9A%E3%82%89%E7%8C%AB%E3%80%91%E4%B8%89%E5%B3%B0%E7%B5%90%E8%8F%AF,observed,base,wiki_only,shinycolors_enza,2a1553bd-a84f-4649-a0ce-6cdb1f1c1ec2,2a1553bd-a84f-4649-a0ce-6cdb1f1c1ec2,2026-10-06T16:29:53+00:00,"[""W03""]","[""collab_work""]"
v1-93a6a8b8d40e754a,1.0,2026-10-08T02:45:18+00:00,【XXX= S/N-GUL4R1TY】,idol_a2f858c3-da6e-4d6f-b777-5367a2671399,黛冬優子,S,SSR,unit_5,ストレイライト,2026-04-11,gacha_bonus,[],unknown,,https://wikiwiki.jp/shinycolors/%E3%80%90XXX%3D%20S%EF%BC%8FN-GUL4R1TY%E3%80%91%E9%BB%9B%E5%86%AC%E5%84%AA%E5%AD%90,observed,base,wiki_only,shinycolors_enza,2a1b5a2d-e009-40c6-ab38-fdf4b9ccb3ba,2a1b5a2d-e009-40c6-ab38-fdf4b9ccb3ba,2026-10-06T16:29:53+00:00,"[""W03""]","[""series_status"",""collab_work""]"
v1-93a6a8b8d40e754a,1.0,2026-10-08T02:45:18+00:00,【アイドルロード】,idol_e5ce74fd-2caf-4c1d-a696-0b1f17f7a53e,福丸小糸,P,SSR,unit_6,ノクチル,,mission,[],unknown,,https://wikiwiki.jp/shinycolors/%E3%80%90%E7%99%BD%E3%81%84%E3%83%84%E3%83%90%E3%82%B5%E3%80%91%E7%A6%8F%E4%B8%B8%E5%B0%8F%E7%B3%B8,observed,idol_road_ssr,wiki_only,shinycolors_enza,2a9a43ae-cb77-41d0-8542-b4936ccb1669,67fc84c5-64c5-4d15-a7e4-1433b8982ea9,2026-10-06T16:29:54+00:00,"[""W08""]","[""first_implemented_on"",""series_status"",""collab_work""]"
v1-93a6a8b8d40e754a,1.0,2026-10-08T02:45:18+00:00,【白いツバサ】,idol_0c19be81-d3e3-4383-b5d4-0a94b290dba9,斑鳩ルカ,P,SR,unit_8,コメティック,,mission,[],unknown,,https://wikiwiki.jp/shinycolors/%E3%80%90%E7%99%BD%E3%81%84%E3%83%84%E3%83%90%E3%82%B5%E3%80%91%E6%96%91%E9%B3%A9%E3%83%AB%E3%82%AB,observed,idol_road_sr,wiki_only,shinycolors_enza,2aa180fe-0215-448a-9e3f-cf403108a51f,ff577c0a-3e51-4d45-9247-cc6b561d1fe4,2026-10-06T16:29:54+00:00,"[""W08""]","[""first_implemented_on"",""series_status"",""collab_work""]"
v1-93a6a8b8d40e754a,1.0,2026-10-08T02:45:18+00:00,【ないしょのスイーツ】,idol_8c18b422-295c-4259-9e14-413685deb7f8,大崎甘奈,P,SSR,unit_4,アルストロメリア,2019-10-21,limited_gacha,[],unknown,,https://wikiwiki.jp/shinycolors/%E3%80%90%E3%81%AA%E3%81%84%E3%81%97%E3%82%87%E3%81%AE%E3%82%B9%E3%82%A4%E3%83%BC%E3%83%84%E3%80%91%E5%A4%A7%E5%B4%8E%E7%94%98%E5%A5%88,observed,base,wiki_only,shinycolors_enza,2ac33bd4-f2fb-4e26-a71f-05631a737c40,2ac33bd4-f2fb-4e26-a71f-05631a737c40,2026-10-06T16:29:53+00:00,"[""W02""]","[""series_status"",""collab_work""]"
v1-93a6a8b8d40e754a,1.0,2026-10-08T02:45:18+00:00,【リトル・スターズ】,idol_b1cc8f6f-feab-4add-b5d9-d8777add7f60,大崎甜花,S,SSR,unit_4,アルストロメリア,2020-10-31,event_reward,[],unknown,,https://wikiwiki.jp/shinycolors/%E3%80%90%E3%83%AA%E3%83%88%E3%83%AB%E3%83%BB%E3%82%B9%E3%82%BF%E3%83%BC%E3%82%BA%E3%80%91%E5%A4%A7%E5%B4%8E%E7%94%9C%E8%8A%B1,observed,base,wiki_only,shinycolors_enza,2b0d423e-b2cb-4ce1-a7c8-7d14959384d9,2b0d423e-b2cb-4ce1-a7c8-7d14959384d9,2026-10-06T16:29:53+00:00,"[""W03""]","[""series_status"",""collab_work""]"
v1-93a6a8b8d40e754a,1.0,2026-10-08T02:45:18+00:00,【'25Pカップ】,idol_7,園田智代子,S,SR,unit_3,放課後クライマックスガールズ,2025-04-15,event_reward,[],unknown,,https://wikiwiki.jp/shinycolors/%E3%80%90%2725P%E3%82%AB%E3%83%83%E3%83%97%E3%80%91%E5%9C%92%E7%94%B0%E6%99%BA%E4%BB%A3%E5%AD%90,observed,base,wiki_only,shinycolors_enza,2b1899f4-28fa-4b6d-8840-59787ff27963,2b1899f4-28fa-4b6d-8840-59787ff27963,2026-10-06T16:29:53+00:00,"[""W03""]","[""series_status"",""collab_work""]"
v1-93a6a8b8d40e754a,1.0,2026-10-08T02:45:18+00:00,【超純情和菓子専科】,idol_51651b60-7996-412b-bd16-5c1c3f3faebf,杜野凛世,S,SR,unit_3,放課後クライマックスガールズ,2024-03-11,event_reward,[],unknown,,https://wikiwiki.jp/shinycolors/%E3%80%90%E8%B6%85%E7%B4%94%E6%83%85%E5%92%8C%E8%8F%93%E5%AD%90%E5%B0%82%E7%A7%91%E3%80%91%E6%9D%9C%E9%87%8E%E5%87%9B%E4%B8%96,observed,base,wiki_only,shinycolors_enza,2b2cfab8-4481-464f-b489-fa6ea2f3b9f9,2b2cfab8-4481-464f-b489-fa6ea2f3b9f9,2026-10-06T16:29:53+00:00,"[""W03""]","[""series_status"",""collab_work""]"
v1-93a6a8b8d40e754a,1.0,2026-10-08T02:45:18+00:00,【#ナッツ・チョコジェリー】,idol_92b8326c-72f5-4a2e-8581-7110738045f3,有栖川夏葉,S,SSR,unit_3,放課後クライマックスガールズ,2018-11-09,permanent_gacha,[],unknown,,https://wikiwiki.jp/shinycolors/%E3%80%90%EF%BC%83%E3%83%8A%E3%83%83%E3%83%84%E3%83%BB%E3%83%81%E3%83%A7%E3%82%B3%E3%82%B8%E3%82%A7%E3%83%AA%E3%83%BC%E3%80%91%E6%9C%89%E6%A0%96%E5%B7%9D%E5%A4%8F%E8%91%89,observed,base,wiki_only,shinycolors_enza,2b888439-0ee4-49ef-9a95-dcc69c0e7cfc,2b888439-0ee4-49ef-9a95-dcc69c0e7cfc,2026-10-06T16:29:53+00:00,"[""W03""]","[""series_status"",""collab_work""]"
v1-93a6a8b8d40e754a,1.0,2026-10-08T02:45:18+00:00,【咲耶と摩美々のぶらり旅】,idol_ef328a51-2928-4d2d-a44f-5e3b92d305cf,白瀬咲耶,S,SR,unit_2,アンティーカ,2019-01-21,permanent_gacha,[],unknown,,https://wikiwiki.jp/shinycolors/%E3%80%90%E5%92%B2%E8%80%B6%E3%81%A8%E6%91%A9%E7%BE%8E%E3%80%85%E3%81%AE%E3%81%B6%E3%82%89%E3%82%8A%E6%97%85%E3%80%91%E7%99%BD%E7%80%AC%E5%92%B2%E8%80%B6,observed,base,wiki_only,shinycolors_enza,2c5105c7-b2f0-4145-a2d6-5e9e45b4b3f7,2c5105c7-b2f0-4145-a2d6-5e9e45b4b3f7,2026-10-06T16:29:54+00:00,"[""W03""]","[""series_status"",""collab_work""]"
v1-93a6a8b8d40e754a,1.0,2026-10-08T02:45:18+00:00,【特別をめいっぱい】,idol_e5ce74fd-2caf-4c1d-a696-0b1f17f7a53e,福丸小糸,S,SSR,unit_6,ノクチル,2025-11-11,limited_gacha,"[""birthday""]",known,,https://wikiwiki.jp/shinycolors/%E3%80%90%E7%89%B9%E5%88%A5%E3%82%92%E3%82%81%E3%81%84%E3%81%A3%E3%81%B1%E3%81%84%E3%80%91%E7%A6%8F%E4%B8%B8%E5%B0%8F%E7%B3%B8,observed,base,wiki_only,shinycolors_enza,2c649edf-1435-478a-9342-08723114d798,2c649edf-1435-478a-9342-08723114d798,2026-10-06T16:29:53+00:00,"[""W03""]","[""collab_work""]"
v1-93a6a8b8d40e754a,1.0,2026-10-08T02:45:18+00:00,【たまゆらフレーミング】,idol_d4177c5c-4600-4381-b5da-758f87fc23d7,八宮めぐる,P,SSR,unit_1,イルミネーションスターズ,2021-06-21,permanent_gacha,[],unknown,,https://wikiwiki.jp/shinycolors/%E3%80%90%E3%81%9F%E3%81%BE%E3%82%86%E3%82%89%E3%83%95%E3%83%AC%E3%83%BC%E3%83%9F%E3%83%B3%E3%82%B0%E3%80%91%E5%85%AB%E5%AE%AE%E3%82%81%E3%81%90%E3%82%8B,observed,base,wiki_only,shinycolors_enza,2c7f37f5-9da7-49af-8833-a75cec79dbbc,2c7f37f5-9da7-49af-8833-a75cec79dbbc,2026-10-06T16:29:53+00:00,"[""W02""]","[""series_status"",""collab_work""]"
v1-93a6a8b8d40e754a,1.0,2026-10-08T02:45:18+00:00,【宝物はこの手の中に】,idol_813a7356-e821-43e7-b25f-c104ca28870d,西城樹里,S,SSR,unit_3,放課後クライマックスガールズ,2024-02-28,collection_gacha,"[""twilights""]",known,,https://wikiwiki.jp/shinycolors/%E3%80%90%E5%AE%9D%E7%89%A9%E3%81%AF%E3%81%93%E3%81%AE%E6%89%8B%E3%81%AE%E4%B8%AD%E3%81%AB%E3%80%91%E8%A5%BF%E5%9F%8E%E6%A8%B9%E9%87%8C,observed,base,wiki_only,shinycolors_enza,2c832702-f71a-412c-bdbc-b2865e22e031,2c832702-f71a-412c-bdbc-b2865e22e031,2026-10-06T16:29:53+00:00,"[""W03""]","[""collab_work""]"
v1-93a6a8b8d40e754a,1.0,2026-10-08T02:45:18+00:00,【誕生日のキャンバス】,idol_f0b34f52-342b-4fdd-8231-816605449447,郁田はるき,S,SSR,unit_8,コメティック,2026-04-05,limited_gacha,"[""birthday""]",known,,https://wikiwiki.jp/shinycolors/%E3%80%90%E8%AA%95%E7%94%9F%E6%97%A5%E3%81%AE%E3%82%AD%E3%83%A3%E3%83%B3%E3%83%90%E3%82%B9%E3%80%91%E9%83%81%E7%94%B0%E3%81%AF%E3%82%8B%E3%81%8D,observed,base,wiki_only,shinycolors_enza,2cb5d0e7-3fa6-4e2a-b5e4-555a478af511,2cb5d0e7-3fa6-4e2a-b5e4-555a478af511,2026-10-06T16:29:53+00:00,"[""W03""]","[""collab_work""]"
v1-93a6a8b8d40e754a,1.0,2026-10-08T02:45:18+00:00,【一人分の空、一枚の羽】,idol_813a7356-e821-43e7-b25f-c104ca28870d,西城樹里,S,SSR,unit_3,放課後クライマックスガールズ,2023-10-27,other_bonus,[],unknown,,https://wikiwiki.jp/shinycolors/%E3%80%90%E4%B8%80%E4%BA%BA%E5%88%86%E3%81%AE%E7%A9%BA%E3%80%81%E4%B8%80%E6%9E%9A%E3%81%AE%E7%BE%BD%E3%80%91%E8%A5%BF%E5%9F%8E%E6%A8%B9%E9%87%8C,observed,base,wiki_only,shinycolors_enza,2cc58ee1-566e-4505-97af-8b21503f4829,2cc58ee1-566e-4505-97af-8b21503f4829,2026-10-06T16:33:42+00:00,"[""W03""]","[""series_status"",""collab_work""]"
v1-93a6a8b8d40e754a,1.0,2026-10-08T02:45:18+00:00,【今、この時だけの輝き】,idol_e5ce74fd-2caf-4c1d-a696-0b1f17f7a53e,福丸小糸,S,SR,unit_6,ノクチル,2024-12-21,campaign,[],unknown,,https://wikiwiki.jp/shinycolors/%E3%80%90%E4%BB%8A%E3%80%81%E3%81%93%E3%81%AE%E6%99%82%E3%81%A0%E3%81%91%E3%81%AE%E8%BC%9D%E3%81%8D%E3%80%91%E7%A6%8F%E4%B8%B8%E5%B0%8F%E7%B3%B8,observed,base,wiki_only,shinycolors_enza,2d86c2f1-74fd-413b-b25f-0b29f4754f45,2d86c2f1-74fd-413b-b25f-0b29f4754f45,2026-10-06T16:29:53+00:00,"[""W03""]","[""series_status"",""collab_work""]"
v1-93a6a8b8d40e754a,1.0,2026-10-08T02:45:18+00:00,【283プロのヒナ】,idol_df07e98b-12f2-4984-b8f6-8da0a47c0cc7,小宮果穂,S,R,unit_3,放課後クライマックスガールズ,2018-04-24,permanent_gacha,[],unknown,,https://wikiwiki.jp/shinycolors/%E3%80%90283%E3%83%97%E3%83%AD%E3%81%AE%E3%83%92%E3%83%8A%E3%80%91%E5%B0%8F%E5%AE%AE%E6%9E%9C%E7%A9%82,observed,base,wiki_only,shinycolors_enza,2e03aead-ebcd-45a0-ac19-d5361079371f,2e03aead-ebcd-45a0-ac19-d5361079371f,2026-10-06T16:29:54+00:00,"[""W03""]","[""series_status"",""collab_work""]"
v1-93a6a8b8d40e754a,1.0,2026-10-08T02:45:18+00:00,【記憶が降る街】,idol_ef328a51-2928-4d2d-a44f-5e3b92d305cf,白瀬咲耶,P,SSR,unit_2,アンティーカ,2024-04-02,collection_gacha,"[""twilights""]",known,,https://wikiwiki.jp/shinycolors/%E3%80%90%E8%A8%98%E6%86%B6%E3%81%8C%E9%99%8D%E3%82%8B%E8%A1%97%E3%80%91%E7%99%BD%E7%80%AC%E5%92%B2%E8%80%B6,observed,base,wiki_only,shinycolors_enza,2e25bfd6-c31a-4489-b825-17a1dffb1af9,2e25bfd6-c31a-4489-b825-17a1dffb1af9,2026-10-06T16:29:53+00:00,"[""W02""]","[""collab_work""]"
v1-93a6a8b8d40e754a,1.0,2026-10-08T02:45:18+00:00,【羽をやすめて】,idol_e5ce74fd-2caf-4c1d-a696-0b1f17f7a53e,福丸小糸,P,SSR,unit_6,ノクチル,2025-04-29,limited_gacha,[],unknown,,https://wikiwiki.jp/shinycolors/%E3%80%90%E7%BE%BD%E3%82%92%E3%82%84%E3%81%99%E3%82%81%E3%81%A6%E3%80%91%E7%A6%8F%E4%B8%B8%E5%B0%8F%E7%B3%B8,observed,base,wiki_only,shinycolors_enza,2e5a0954-acba-46ad-9d54-fbc0720bf0ff,2e5a0954-acba-46ad-9d54-fbc0720bf0ff,2026-10-06T16:29:53+00:00,"[""W02""]","[""series_status"",""collab_work""]"
v1-93a6a8b8d40e754a,1.0,2026-10-08T02:45:18+00:00,【ヒトトキ／トワ】,idol_81093365-1df1-4e6c-a252-27625c47ab96,三峰結華,S,SSR,unit_2,アンティーカ,2021-12-10,event_reward,[],unknown,,https://wikiwiki.jp/shinycolors/%E3%80%90%E3%83%92%E3%83%88%E3%83%88%E3%82%AD%EF%BC%8F%E3%83%88%E3%83%AF%E3%80%91%E4%B8%89%E5%B3%B0%E7%B5%90%E8%8F%AF,observed,base,wiki_only,shinycolors_enza,2ead84e2-5763-4457-b928-622d4daeaf52,2ead84e2-5763-4457-b928-622d4daeaf52,2026-10-06T16:29:53+00:00,"[""W03""]","[""series_status"",""collab_work""]"
v1-93a6a8b8d40e754a,1.0,2026-10-08T02:45:18+00:00,【パープル・ミラージュ】,idol_6,田中摩美々,P,SSR,unit_2,アンティーカ,2019-07-19,limited_gacha,[],unknown,,https://wikiwiki.jp/shinycolors/%E3%80%90%E3%83%91%E3%83%BC%E3%83%97%E3%83%AB%E3%83%BB%E3%83%9F%E3%83%A9%E3%83%BC%E3%82%B8%E3%83%A5%E3%80%91%E7%94%B0%E4%B8%AD%E6%91%A9%E7%BE%8E%E3%80%85,observed,base,wiki_only,shinycolors_enza,2ebaeb2c-8b1e-4ccd-a8f4-9ca57179fbde,2ebaeb2c-8b1e-4ccd-a8f4-9ca57179fbde,2026-10-06T16:29:53+00:00,"[""W02""]","[""series_status"",""collab_work""]"
v1-93a6a8b8d40e754a,1.0,2026-10-08T02:45:18+00:00,【283プロのヒナ】,idol_0e2d3420-7295-4510-929d-01bf8378e12a,風野灯織,S,R,unit_1,イルミネーションスターズ,2018-04-24,permanent_gacha,[],unknown,,https://wikiwiki.jp/shinycolors/%E3%80%90283%E3%83%97%E3%83%AD%E3%81%AE%E3%83%92%E3%83%8A%E3%80%91%E9%A2%A8%E9%87%8E%E7%81%AF%E7%B9%94,observed,base,wiki_only,shinycolors_enza,2ec8fcff-7492-4e41-aed6-46160c49c1d6,2ec8fcff-7492-4e41-aed6-46160c49c1d6,2026-10-06T16:29:54+00:00,"[""W03""]","[""series_status"",""collab_work""]"
v1-93a6a8b8d40e754a,1.0,2026-10-08T02:45:18+00:00,【ワン・デイ】,idol_d4177c5c-4600-4381-b5da-758f87fc23d7,八宮めぐる,S,SSR,unit_1,イルミネーションスターズ,2021-12-22,permanent_gacha,[],unknown,,https://wikiwiki.jp/shinycolors/%E3%80%90%E3%83%AF%E3%83%B3%E3%83%BB%E3%83%87%E3%82%A4%E3%80%91%E5%85%AB%E5%AE%AE%E3%82%81%E3%81%90%E3%82%8B,observed,base,wiki_only,shinycolors_enza,2ef57312-823d-4b55-8e6a-6f8566cc30e3,2ef57312-823d-4b55-8e6a-6f8566cc30e3,2026-10-06T16:29:53+00:00,"[""W03""]","[""series_status"",""collab_work""]"
v1-93a6a8b8d40e754a,1.0,2026-10-08T02:45:18+00:00,【Keep→it up♡】,idol_72d6d5b6-dc2b-4e7c-90be-eb4770ba589b,市川雛菜,P,SSR,unit_6,ノクチル,2023-10-19,permanent_gacha,[],unknown,,https://wikiwiki.jp/shinycolors/%E3%80%90Keep%E2%86%92it%20up%E2%99%A1%E3%80%91%E5%B8%82%E5%B7%9D%E9%9B%9B%E8%8F%9C,observed,base,wiki_only,shinycolors_enza,2fa79d06-7e98-42d0-a422-e66362c919d0,2fa79d06-7e98-42d0-a422-e66362c919d0,2026-10-06T16:29:53+00:00,"[""W02""]","[""series_status"",""collab_work""]"
v1-93a6a8b8d40e754a,1.0,2026-10-08T02:45:18+00:00,【ご褒美、いるよね♪】,idol_786e9b98-d1e4-4419-a69a-3281d07dd4fb,和泉愛依,P,SR,unit_5,ストレイライト,2020-05-22,event_reward,[],unknown,,https://wikiwiki.jp/shinycolors/%E3%80%90%E3%81%94%E8%A4%92%E7%BE%8E%E3%80%81%E3%81%84%E3%82%8B%E3%82%88%E3%81%AD%E2%99%AA%E3%80%91%E5%92%8C%E6%B3%89%E6%84%9B%E4%BE%9D,observed,base,wiki_only,shinycolors_enza,305c2989-c947-4b33-b6a0-7692d113aacc,305c2989-c947-4b33-b6a0-7692d113aacc,2026-10-06T16:29:53+00:00,"[""W02""]","[""series_status"",""collab_work""]"
v1-93a6a8b8d40e754a,1.0,2026-10-08T02:45:18+00:00,【'25Pカップランクイン】,idol_e91e6363-2dc9-42c1-bbf1-a759e797c2d1,月岡恋鐘,S,SSR,unit_2,アンティーカ,2025-04-15,event_reward,[],unknown,,,not_found,base,wiki_only,shinycolors_enza,305e65c5-5f22-4c58-9ee0-77a60ebf3b27,305e65c5-5f22-4c58-9ee0-77a60ebf3b27,2026-10-06T16:29:53+00:00,"[""W03""]","[""series_status"",""collab_work"",""wiki_url""]"
v1-93a6a8b8d40e754a,1.0,2026-10-08T02:45:18+00:00,【BON・BON・DAY！】,idol_b1cc8f6f-feab-4add-b5d9-d8777add7f60,大崎甜花,P,SSR,unit_4,アルストロメリア,2021-02-10,permanent_gacha,[],unknown,,https://wikiwiki.jp/shinycolors/%E3%80%90BON%E3%83%BBBON%E3%83%BBDAY%EF%BC%81%E3%80%91%E5%A4%A7%E5%B4%8E%E7%94%9C%E8%8A%B1,observed,base,wiki_only,shinycolors_enza,3067a094-8dbc-4b4d-ac3e-6ce0a37da97a,3067a094-8dbc-4b4d-ac3e-6ce0a37da97a,2026-10-06T16:29:53+00:00,"[""W02""]","[""series_status"",""collab_work""]"
v1-93a6a8b8d40e754a,1.0,2026-10-08T02:45:18+00:00,【優雅に願いをかけて】,idol_0e2d3420-7295-4510-929d-01bf8378e12a,風野灯織,S,SR,unit_1,イルミネーションスターズ,2025-02-18,event_reward,[],unknown,,https://wikiwiki.jp/shinycolors/%E3%80%90%E5%84%AA%E9%9B%85%E3%81%AB%E9%A1%98%E3%81%84%E3%82%92%E3%81%8B%E3%81%91%E3%81%A6%E3%80%91%E9%A2%A8%E9%87%8E%E7%81%AF%E7%B9%94,observed,base,wiki_only,shinycolors_enza,30915737-90c8-400e-8e01-8602001cbeed,30915737-90c8-400e-8e01-8602001cbeed,2026-10-06T16:29:53+00:00,"[""W03""]","[""series_status"",""collab_work""]"
v1-93a6a8b8d40e754a,1.0,2026-10-08T02:45:18+00:00,【Be yellow】,idol_83b48f3c-148e-4da6-be64-662f61d1c787,MEMちょ,S,SSR,,,2023-07-10,event_reward,[],unknown,【推しの子】,https://wikiwiki.jp/shinycolors/%E3%80%90Be%20yellow%E3%80%91MEM%E3%81%A1%E3%82%87,observed,base,wiki_only,shinycolors_enza,30c0b704-3734-4953-96f0-a579db989f88,30c0b704-3734-4953-96f0-a579db989f88,2026-10-06T16:29:53+00:00,"[""W03""]","[""unit_id"",""unit_name"",""series_status""]"
v1-93a6a8b8d40e754a,1.0,2026-10-08T02:45:18+00:00,【Poison Berry Daughters】,idol_0e2d3420-7295-4510-929d-01bf8378e12a,風野灯織,S,SSR,unit_1,イルミネーションスターズ,2024-10-26,gacha_bonus,[],unknown,,https://wikiwiki.jp/shinycolors/%E3%80%90Poison%20Berry%20Daughters%E3%80%91%E9%A2%A8%E9%87%8E%E7%81%AF%E7%B9%94,observed,base,wiki_only,shinycolors_enza,30f9d504-ab6d-4d9c-b23c-d8f3d7201ed6,30f9d504-ab6d-4d9c-b23c-d8f3d7201ed6,2026-10-06T16:29:53+00:00,"[""W03""]","[""series_status"",""collab_work""]"
v1-93a6a8b8d40e754a,1.0,2026-10-08T02:45:18+00:00,【風がかけていくように】,idol_92b8326c-72f5-4a2e-8581-7110738045f3,有栖川夏葉,P,SR,unit_3,放課後クライマックスガールズ,2021-01-22,event_reward,[],unknown,,https://wikiwiki.jp/shinycolors/%E3%80%90%E9%A2%A8%E3%81%8C%E3%81%8B%E3%81%91%E3%81%A6%E3%81%84%E3%81%8F%E3%82%88%E3%81%86%E3%81%AB%E3%80%91%E6%9C%89%E6%A0%96%E5%B7%9D%E5%A4%8F%E8%91%89,observed,base,wiki_only,shinycolors_enza,30fe570f-5567-4677-86c6-e2b1ccc9cd37,30fe570f-5567-4677-86c6-e2b1ccc9cd37,2026-10-06T16:29:53+00:00,"[""W02""]","[""series_status"",""collab_work""]"
v1-93a6a8b8d40e754a,1.0,2026-10-08T02:45:18+00:00,【sa!l】,idol_72d6d5b6-dc2b-4e7c-90be-eb4770ba589b,市川雛菜,S,SSR,unit_6,ノクチル,2025-04-02,event_reward,[],unknown,,https://wikiwiki.jp/shinycolors/%E3%80%90sa%21l%E3%80%91%E5%B8%82%E5%B7%9D%E9%9B%9B%E8%8F%9C,observed,base,wiki_only,shinycolors_enza,30fe62fc-2282-4d66-84f0-35eb3c012fa1,30fe62fc-2282-4d66-84f0-35eb3c012fa1,2026-10-06T16:29:53+00:00,"[""W03""]","[""series_status"",""collab_work""]"
v1-93a6a8b8d40e754a,1.0,2026-10-08T02:45:18+00:00,【三つ数えて】,idol_a2f858c3-da6e-4d6f-b777-5367a2671399,黛冬優子,S,SR,unit_5,ストレイライト,2024-02-19,event_reward,[],unknown,,https://wikiwiki.jp/shinycolors/%E3%80%90%E4%B8%89%E3%81%A4%E6%95%B0%E3%81%88%E3%81%A6%E3%80%91%E9%BB%9B%E5%86%AC%E5%84%AA%E5%AD%90,observed,base,wiki_only,shinycolors_enza,3192c727-6466-4088-88d7-23a4e1072707,3192c727-6466-4088-88d7-23a4e1072707,2026-10-06T16:29:53+00:00,"[""W03""]","[""series_status"",""collab_work""]"
v1-93a6a8b8d40e754a,1.0,2026-10-08T02:45:18+00:00,【ソラを跳ね】,idol_1,櫻木真乃,P,SSR,unit_1,イルミネーションスターズ,2020-07-10,permanent_gacha,[],unknown,,https://wikiwiki.jp/shinycolors/%E3%80%90%E3%82%BD%E3%83%A9%E3%82%92%E8%B7%B3%E3%81%AD%E3%80%91%E6%AB%BB%E6%9C%A8%E7%9C%9F%E4%B9%83,observed,base,wiki_only,shinycolors_enza,319c10ba-2959-4699-ac3c-edae0b6a7ee1,319c10ba-2959-4699-ac3c-edae0b6a7ee1,2026-10-06T16:29:53+00:00,"[""W02""]","[""series_status"",""collab_work""]"
v1-93a6a8b8d40e754a,1.0,2026-10-08T02:45:18+00:00,【今夜限り】,idol_92b8326c-72f5-4a2e-8581-7110738045f3,有栖川夏葉,S,SSR,unit_3,放課後クライマックスガールズ,2025-08-16,limited_gacha,"[""birthday""]",known,,https://wikiwiki.jp/shinycolors/%E3%80%90%E4%BB%8A%E5%A4%9C%E9%99%90%E3%82%8A%E3%80%91%E6%9C%89%E6%A0%96%E5%B7%9D%E5%A4%8F%E8%91%89,observed,base,wiki_only,shinycolors_enza,3226fac7-ad0f-4772-9052-e56466646c3e,3226fac7-ad0f-4772-9052-e56466646c3e,2026-10-06T16:29:53+00:00,"[""W03""]","[""collab_work""]"
v1-93a6a8b8d40e754a,1.0,2026-10-08T02:45:18+00:00,【夕景スロータイム】,idol_ef328a51-2928-4d2d-a44f-5e3b92d305cf,白瀬咲耶,S,SR,unit_2,アンティーカ,2026-05-12,event_reward,[],unknown,,https://wikiwiki.jp/shinycolors/%E3%80%90%E5%A4%95%E6%99%AF%E3%82%B9%E3%83%AD%E3%83%BC%E3%82%BF%E3%82%A4%E3%83%A0%E3%80%91%E7%99%BD%E7%80%AC%E5%92%B2%E8%80%B6,observed,base,wiki_only,shinycolors_enza,325f1115-5625-47ae-9548-d9e3808d8cde,325f1115-5625-47ae-9548-d9e3808d8cde,2026-10-06T16:29:53+00:00,"[""W03""]","[""series_status"",""collab_work""]"
v1-93a6a8b8d40e754a,1.0,2026-10-08T02:45:18+00:00,【あのねが言える場所】,idol_ef328a51-2928-4d2d-a44f-5e3b92d305cf,白瀬咲耶,S,SSR,unit_2,アンティーカ,2021-02-28,event_reward,[],unknown,,https://wikiwiki.jp/shinycolors/%E3%80%90%E3%81%82%E3%81%AE%E3%81%AD%E3%81%8C%E8%A8%80%E3%81%88%E3%82%8B%E5%A0%B4%E6%89%80%E3%80%91%E7%99%BD%E7%80%AC%E5%92%B2%E8%80%B6,observed,base,wiki_only,shinycolors_enza,328f1bcd-c636-4904-8d9c-766a3060a71f,328f1bcd-c636-4904-8d9c-766a3060a71f,2026-10-06T16:29:53+00:00,"[""W03""]","[""series_status"",""collab_work""]"
v1-93a6a8b8d40e754a,1.0,2026-10-08T02:45:18+00:00,【今、できることを全て】,idol_786e9b98-d1e4-4419-a69a-3281d07dd4fb,和泉愛依,P,SSR,unit_5,ストレイライト,2025-02-18,collection_gacha,"[""parallel""]",known,,https://wikiwiki.jp/shinycolors/%E3%80%90%E4%BB%8A%E3%80%81%E3%81%A7%E3%81%8D%E3%82%8B%E3%81%93%E3%81%A8%E3%82%92%E5%85%A8%E3%81%A6%E3%80%91%E5%92%8C%E6%B3%89%E6%84%9B%E4%BE%9D,observed,base,wiki_only,shinycolors_enza,32b0e6ac-75f4-42c7-ad5d-26a3bc4052d7,32b0e6ac-75f4-42c7-ad5d-26a3bc4052d7,2026-10-06T16:29:53+00:00,"[""W02""]","[""collab_work""]"
v1-93a6a8b8d40e754a,1.0,2026-10-08T02:45:18+00:00,【Q.E.D. 証明終了】,idol_786e9b98-d1e4-4419-a69a-3281d07dd4fb,和泉愛依,S,SR,unit_5,ストレイライト,2024-11-30,gacha_bonus,[],unknown,,https://wikiwiki.jp/shinycolors/%E3%80%90Q.E.D.%20%E8%A8%BC%E6%98%8E%E7%B5%82%E4%BA%86%E3%80%91%E5%92%8C%E6%B3%89%E6%84%9B%E4%BE%9D,observed,base,wiki_only,shinycolors_enza,32dc2782-e026-4055-a5b9-8e8cf3d3060b,32dc2782-e026-4055-a5b9-8e8cf3d3060b,2026-10-06T16:29:54+00:00,"[""W03""]","[""series_status"",""collab_work""]"
v1-93a6a8b8d40e754a,1.0,2026-10-08T02:45:18+00:00,【Specialな夏、いただきます】,idol_52544385-3ea1-42e6-bb47-faff2c6f9b4f,桑山千雪,S,SR,unit_4,アルストロメリア,2026-07-08,event_reward,[],unknown,,https://wikiwiki.jp/shinycolors/%E3%80%90Special%E3%81%AA%E5%A4%8F%E3%80%81%E3%81%84%E3%81%9F%E3%81%A0%E3%81%8D%E3%81%BE%E3%81%99%E3%80%91%E6%A1%91%E5%B1%B1%E5%8D%83%E9%9B%AA,observed,base,wiki_only,shinycolors_enza,3339e539-37d7-4c74-ba5b-7df8b24c8804,3339e539-37d7-4c74-ba5b-7df8b24c8804,2026-10-06T16:29:53+00:00,"[""W03""]","[""series_status"",""collab_work""]"
v1-93a6a8b8d40e754a,1.0,2026-10-08T02:45:18+00:00,【閑話】,idol_2,樋口円香,S,SR,unit_6,ノクチル,2020-09-23,permanent_gacha,[],unknown,,https://wikiwiki.jp/shinycolors/%E3%80%90%E9%96%91%E8%A9%B1%E3%80%91%E6%A8%8B%E5%8F%A3%E5%86%86%E9%A6%99,observed,base,wiki_only,shinycolors_enza,335a2b4d-f948-4cca-852e-b592f97b6932,335a2b4d-f948-4cca-852e-b592f97b6932,2026-10-06T16:29:54+00:00,"[""W03""]","[""series_status"",""collab_work""]"
v1-93a6a8b8d40e754a,1.0,2026-10-08T02:45:18+00:00,【待ちぼうけ次回予告】,idol_81093365-1df1-4e6c-a252-27625c47ab96,三峰結華,P,SSR,unit_2,アンティーカ,2024-10-31,limited_gacha,[],unknown,,https://wikiwiki.jp/shinycolors/%E3%80%90%E5%BE%85%E3%81%A1%E3%81%BC%E3%81%86%E3%81%91%E6%AC%A1%E5%9B%9E%E4%BA%88%E5%91%8A%E3%80%91%E4%B8%89%E5%B3%B0%E7%B5%90%E8%8F%AF,observed,base,wiki_only,shinycolors_enza,33a0cdf1-18b8-4035-9120-7238f923bc78,33a0cdf1-18b8-4035-9120-7238f923bc78,2026-10-06T16:29:53+00:00,"[""W02""]","[""series_status"",""collab_work""]"
v1-93a6a8b8d40e754a,1.0,2026-10-08T02:45:18+00:00,【怖怖レイトナイト】,idol_7,園田智代子,S,SR,unit_3,放課後クライマックスガールズ,2025-10-20,event_reward,[],unknown,,https://wikiwiki.jp/shinycolors/%E3%80%90%E6%80%96%E6%80%96%E3%83%AC%E3%82%A4%E3%83%88%E3%83%8A%E3%82%A4%E3%83%88%E3%80%91%E5%9C%92%E7%94%B0%E6%99%BA%E4%BB%A3%E5%AD%90,observed,base,wiki_only,shinycolors_enza,33d7b906-07fe-44f9-bf93-5a33d438751c,33d7b906-07fe-44f9-bf93-5a33d438751c,2026-10-06T16:29:53+00:00,"[""W03""]","[""series_status"",""collab_work""]"
v1-93a6a8b8d40e754a,1.0,2026-10-08T02:45:18+00:00,【耿耿】,idol_0e2d3420-7295-4510-929d-01bf8378e12a,風野灯織,P,SSR,unit_1,イルミネーションスターズ,2023-03-22,collection_gacha,"[""mysongs""]",known,,https://wikiwiki.jp/shinycolors/%E3%80%90%E8%80%BF%E8%80%BF%E3%80%91%E9%A2%A8%E9%87%8E%E7%81%AF%E7%B9%94,observed,base,wiki_only,shinycolors_enza,33ff2c16-f898-48c6-809b-b94df770287b,33ff2c16-f898-48c6-809b-b94df770287b,2026-10-06T16:29:53+00:00,"[""W02""]","[""collab_work""]"
v1-93a6a8b8d40e754a,1.0,2026-10-08T02:45:18+00:00,【サマーアイドル2022】,idol_6,田中摩美々,S,SR,unit_2,アンティーカ,2024-06-29,gacha_bonus,[],unknown,,https://wikiwiki.jp/shinycolors/%E3%80%90%E3%82%B5%E3%83%9E%E3%83%BC%E3%82%A2%E3%82%A4%E3%83%89%E3%83%AB2022%E3%80%91%E7%94%B0%E4%B8%AD%E6%91%A9%E7%BE%8E%E3%80%85,observed,base,wiki_only,shinycolors_enza,3440377f-0b50-4325-b7da-b8b2a3ab4dbc,3440377f-0b50-4325-b7da-b8b2a3ab4dbc,2026-10-06T16:29:54+00:00,"[""W03""]","[""series_status"",""collab_work""]"
v1-93a6a8b8d40e754a,1.0,2026-10-08T02:45:18+00:00,【new or …】,idol_0c19be81-d3e3-4383-b5d4-0a94b290dba9,斑鳩ルカ,P,SSR,unit_8,コメティック,2025-04-15,collection_gacha,"[""mysongs""]",known,,https://wikiwiki.jp/shinycolors/%E3%80%90new%20or%20%E2%80%A6%E3%80%91%E6%96%91%E9%B3%A9%E3%83%AB%E3%82%AB,observed,base,wiki_only,shinycolors_enza,34f1b963-2bbc-4ef3-a863-43b3817dabab,34f1b963-2bbc-4ef3-a863-43b3817dabab,2026-10-06T16:29:53+00:00,"[""W02""]","[""collab_work""]"
v1-93a6a8b8d40e754a,1.0,2026-10-08T02:45:18+00:00,【Cat And Nap】,idol_4,鈴木羽那,S,SR,unit_8,コメティック,2025-11-19,collaboration_gacha,[],unknown,,https://wikiwiki.jp/shinycolors/%E3%80%90Cat%20And%20Nap%E3%80%91%E9%88%B4%E6%9C%A8%E7%BE%BD%E9%82%A3,observed,base,wiki_only,shinycolors_enza,34f26b7b-fcc7-4ae7-84ec-3eb0ecd11519,34f26b7b-fcc7-4ae7-84ec-3eb0ecd11519,2026-10-06T16:29:53+00:00,"[""W03""]","[""series_status"",""collab_work""]"
v1-93a6a8b8d40e754a,1.0,2026-10-08T02:45:18+00:00,【メイ・ビー】,idol_786e9b98-d1e4-4419-a69a-3281d07dd4fb,和泉愛依,P,SSR,unit_5,ストレイライト,2020-02-20,permanent_gacha,[],unknown,,https://wikiwiki.jp/shinycolors/%E3%80%90%E3%83%A1%E3%82%A4%E3%83%BB%E3%83%93%E3%83%BC%E3%80%91%E5%92%8C%E6%B3%89%E6%84%9B%E4%BE%9D,observed,base,wiki_only,shinycolors_enza,35181d4e-7a0c-4229-a166-16049143d533,35181d4e-7a0c-4229-a166-16049143d533,2026-10-06T16:29:53+00:00,"[""W02""]","[""series_status"",""collab_work""]"
v1-93a6a8b8d40e754a,1.0,2026-10-08T02:45:18+00:00,【「うそつき」】,idol_736d3fca-9560-4156-96fc-66cc0159ea42,七草にちか,S,SSR,unit_7,シーズ,2026-05-29,exchange,[],unknown,,https://wikiwiki.jp/shinycolors/%E3%80%90%E3%80%8C%E3%81%86%E3%81%9D%E3%81%A4%E3%81%8D%E3%80%8D%E3%80%91%E4%B8%83%E8%8D%89%E3%81%AB%E3%81%A1%E3%81%8B,observed,base,wiki_only,shinycolors_enza,35544993-3843-43c3-8f66-00b7f3a8281d,35544993-3843-43c3-8f66-00b7f3a8281d,2026-10-06T16:29:53+00:00,"[""W03""]","[""series_status"",""collab_work""]"
v1-93a6a8b8d40e754a,1.0,2026-10-08T02:45:18+00:00,【SE@SONAL WINTER】,idol_81093365-1df1-4e6c-a252-27625c47ab96,三峰結華,S,SR,unit_2,アンティーカ,2022-12-20,gacha_bonus,[],unknown,,https://wikiwiki.jp/shinycolors/%E3%80%90SE%40SONAL%20WINTER%E3%80%91%E4%B8%89%E5%B3%B0%E7%B5%90%E8%8F%AF,observed,base,wiki_only,shinycolors_enza,35bce6a2-e430-4968-99e3-44ca53713df8,35bce6a2-e430-4968-99e3-44ca53713df8,2026-10-06T16:29:54+00:00,"[""W03""]","[""series_status"",""collab_work""]"
v1-93a6a8b8d40e754a,1.0,2026-10-08T02:45:18+00:00,"【Larva,1】",idol_1,櫻木真乃,S,SR,unit_1,イルミネーションスターズ,2025-05-10,gacha_bonus,[],unknown,,,not_found,base,wiki_only,shinycolors_enza,35bf4112-17d1-4a12-ac49-f25ff479e984,35bf4112-17d1-4a12-ac49-f25ff479e984,2026-10-06T16:29:53+00:00,"[""W03""]","[""series_status"",""collab_work"",""wiki_url""]"
v1-93a6a8b8d40e754a,1.0,2026-10-08T02:45:18+00:00,【日刊ウィズ・ユー！】,idol_df07e98b-12f2-4984-b8f6-8da0a47c0cc7,小宮果穂,P,SSR,unit_3,放課後クライマックスガールズ,2021-01-12,limited_gacha,[],unknown,,https://wikiwiki.jp/shinycolors/%E3%80%90%E6%97%A5%E5%88%8A%E3%82%A6%E3%82%A3%E3%82%BA%E3%83%BB%E3%83%A6%E3%83%BC%EF%BC%81%E3%80%91%E5%B0%8F%E5%AE%AE%E6%9E%9C%E7%A9%82,observed,base,wiki_only,shinycolors_enza,35e77649-9b6e-4228-9aee-c95740a7401a,35e77649-9b6e-4228-9aee-c95740a7401a,2026-10-06T16:29:53+00:00,"[""W02""]","[""series_status"",""collab_work""]"
v1-93a6a8b8d40e754a,1.0,2026-10-08T02:45:18+00:00,【スノードーム・シンドローム】,idol_df07e98b-12f2-4984-b8f6-8da0a47c0cc7,小宮果穂,P,SSR,unit_3,放課後クライマックスガールズ,2022-12-20,permanent_gacha,[],unknown,,https://wikiwiki.jp/shinycolors/%E3%80%90%E3%82%B9%E3%83%8E%E3%83%BC%E3%83%89%E3%83%BC%E3%83%A0%E3%83%BB%E3%82%B7%E3%83%B3%E3%83%89%E3%83%AD%E3%83%BC%E3%83%A0%E3%80%91%E5%B0%8F%E5%AE%AE%E6%9E%9C%E7%A9%82,observed,base,wiki_only,shinycolors_enza,3614d7d4-950a-4aa9-a964-a9aa4fee273d,3614d7d4-950a-4aa9-a964-a9aa4fee273d,2026-10-06T16:29:53+00:00,"[""W02""]","[""series_status"",""collab_work""]"
v1-93a6a8b8d40e754a,1.0,2026-10-08T02:45:18+00:00,【春へと駈ける】,idol_813a7356-e821-43e7-b25f-c104ca28870d,西城樹里,P,SSR,unit_3,放課後クライマックスガールズ,2026-03-18,limited_gacha,"[""expansion""]",known,,https://wikiwiki.jp/shinycolors/%E3%80%90%E6%98%A5%E3%81%B8%E3%81%A8%E9%A7%88%E3%81%91%E3%82%8B%E3%80%91%E8%A5%BF%E5%9F%8E%E6%A8%B9%E9%87%8C,observed,base,wiki_only,shinycolors_enza,36a3fff7-34a3-4112-99b7-410cca3ca765,36a3fff7-34a3-4112-99b7-410cca3ca765,2026-10-07T00:59:08+00:00,"[""W02""]","[""collab_work""]"
v1-93a6a8b8d40e754a,1.0,2026-10-08T02:45:18+00:00,【interStellar-Stella】,idol_1,櫻木真乃,P,SSR,unit_1,イルミネーションスターズ,2022-04-20,collection_gacha,"[""twilights""]",known,,https://wikiwiki.jp/shinycolors/%E3%80%90interStellar-Stella%E3%80%91%E6%AB%BB%E6%9C%A8%E7%9C%9F%E4%B9%83,observed,base,wiki_only,shinycolors_enza,3755c28c-6c1b-435b-9c3d-f39be28e4485,3755c28c-6c1b-435b-9c3d-f39be28e4485,2026-10-06T16:29:53+00:00,"[""W02""]","[""collab_work""]"
v1-93a6a8b8d40e754a,1.0,2026-10-08T02:45:18+00:00,【花ノ名前】,idol_736d3fca-9560-4156-96fc-66cc0159ea42,七草にちか,P,SSR,unit_7,シーズ,2026-05-21,collection_gacha,"[""twilights""]",known,,https://wikiwiki.jp/shinycolors/%E3%80%90%E8%8A%B1%E3%83%8E%E5%90%8D%E5%89%8D%E3%80%91%E4%B8%83%E8%8D%89%E3%81%AB%E3%81%A1%E3%81%8B,observed,base,wiki_only,shinycolors_enza,3757d835-8b18-4c48-9b7c-8a2d933e4a7e,3757d835-8b18-4c48-9b7c-8a2d933e4a7e,2026-10-06T16:29:53+00:00,"[""W02""]","[""collab_work""]"
v1-93a6a8b8d40e754a,1.0,2026-10-08T02:45:18+00:00,【きみは相棒】,idol_b1cc8f6f-feab-4add-b5d9-d8777add7f60,大崎甜花,P,SSR,unit_4,アルストロメリア,2024-01-26,collection_gacha,"[""mysongs""]",known,,https://wikiwiki.jp/shinycolors/%E3%80%90%E3%81%8D%E3%81%BF%E3%81%AF%E7%9B%B8%E6%A3%92%E3%80%91%E5%A4%A7%E5%B4%8E%E7%94%9C%E8%8A%B1,observed,base,wiki_only,shinycolors_enza,37627741-7d8c-487e-89ac-894ee2edc392,37627741-7d8c-487e-89ac-894ee2edc392,2026-10-06T16:29:53+00:00,"[""W02""]","[""collab_work""]"
v1-93a6a8b8d40e754a,1.0,2026-10-08T02:45:18+00:00,【PANOR@MA WING 06】,idol_786e9b98-d1e4-4419-a69a-3281d07dd4fb,和泉愛依,S,SR,unit_5,ストレイライト,2022-11-30,gacha_bonus,[],unknown,,https://wikiwiki.jp/shinycolors/%E3%80%90PANOR%40MA%20WING%2006%E3%80%91%E5%92%8C%E6%B3%89%E6%84%9B%E4%BE%9D,observed,base,wiki_only,shinycolors_enza,37944528-8c24-4194-96ad-bbb83c1479e0,37944528-8c24-4194-96ad-bbb83c1479e0,2026-10-06T16:29:54+00:00,"[""W03""]","[""series_status"",""collab_work""]"
v1-93a6a8b8d40e754a,1.0,2026-10-08T02:45:18+00:00,【夏に恋するピチカート！】,idol_d4177c5c-4600-4381-b5da-758f87fc23d7,八宮めぐる,P,SSR,unit_1,イルミネーションスターズ,2018-08-10,limited_gacha,[],unknown,,https://wikiwiki.jp/shinycolors/%E3%80%90%E5%A4%8F%E3%81%AB%E6%81%8B%E3%81%99%E3%82%8B%E3%83%94%E3%83%81%E3%82%AB%E3%83%BC%E3%83%88%EF%BC%81%E3%80%91%E5%85%AB%E5%AE%AE%E3%82%81%E3%81%90%E3%82%8B,observed,base,wiki_only,shinycolors_enza,37951e89-855e-42f9-9b03-68a60b03a5c2,37951e89-855e-42f9-9b03-68a60b03a5c2,2026-10-06T16:29:53+00:00,"[""W02""]","[""series_status"",""collab_work""]"
v1-93a6a8b8d40e754a,1.0,2026-10-08T02:45:18+00:00,【雪、えとせとら】,idol_e91e6363-2dc9-42c1-bbf1-a759e797c2d1,月岡恋鐘,P,SR,unit_2,アンティーカ,2022-02-10,event_reward,[],unknown,,https://wikiwiki.jp/shinycolors/%E3%80%90%E9%9B%AA%E3%80%81%E3%81%88%E3%81%A8%E3%81%9B%E3%81%A8%E3%82%89%E3%80%91%E6%9C%88%E5%B2%A1%E6%81%8B%E9%90%98,observed,base,wiki_only,shinycolors_enza,38911b65-a279-4098-afd9-832d9fa6e1b3,38911b65-a279-4098-afd9-832d9fa6e1b3,2026-10-06T16:29:53+00:00,"[""W02""]","[""series_status"",""collab_work""]"
v1-93a6a8b8d40e754a,1.0,2026-10-08T02:45:18+00:00,【liminal;marginal;eternal】,idol_f0b34f52-342b-4fdd-8231-816605449447,郁田はるき,S,SR,unit_8,コメティック,2025-01-11,gacha_bonus,[],unknown,,https://wikiwiki.jp/shinycolors/%E3%80%90liminal%3Bmarginal%3Beternal%E3%80%91%E9%83%81%E7%94%B0%E3%81%AF%E3%82%8B%E3%81%8D,observed,base,wiki_only,shinycolors_enza,38be7667-0797-4262-afad-379efee1b805,38be7667-0797-4262-afad-379efee1b805,2026-10-06T16:29:53+00:00,"[""W03""]","[""series_status"",""collab_work""]"
v1-93a6a8b8d40e754a,1.0,2026-10-08T02:45:18+00:00,【ROOTS】,idol_6874153a-a7f6-426a-98f0-815f121eeca4,緋田美琴,S,SSR,unit_7,シーズ,2026-06-09,collection_gacha,"[""prelude""]",known,,https://wikiwiki.jp/shinycolors/%E3%80%90ROOTS%E3%80%91%E7%B7%8B%E7%94%B0%E7%BE%8E%E7%90%B4,observed,base,wiki_only,shinycolors_enza,38fbe122-b666-4dbe-b25a-2a47698f902e,38fbe122-b666-4dbe-b25a-2a47698f902e,2026-10-06T16:29:53+00:00,"[""W03""]","[""collab_work""]"
v1-93a6a8b8d40e754a,1.0,2026-10-08T02:45:18+00:00,【花蜜可可】,idol_b1cc8f6f-feab-4add-b5d9-d8777add7f60,大崎甜花,P,SSR,unit_4,アルストロメリア,2026-02-09,limited_gacha,[],unknown,,https://wikiwiki.jp/shinycolors/%E3%80%90%E8%8A%B1%E8%9C%9C%E5%8F%AF%E5%8F%AF%E3%80%91%E5%A4%A7%E5%B4%8E%E7%94%9C%E8%8A%B1,observed,base,wiki_only,shinycolors_enza,390280d3-d953-4a35-bd2e-98012d1ee701,390280d3-d953-4a35-bd2e-98012d1ee701,2026-10-06T16:29:53+00:00,"[""W02""]","[""series_status"",""collab_work""]"
v1-93a6a8b8d40e754a,1.0,2026-10-08T02:45:18+00:00,【未来への憧れ】,idol_b1cc8f6f-feab-4add-b5d9-d8777add7f60,大崎甜花,S,SR,unit_4,アルストロメリア,2024-04-20,campaign,[],unknown,,https://wikiwiki.jp/shinycolors/%E3%80%90%E6%9C%AA%E6%9D%A5%E3%81%B8%E3%81%AE%E6%86%A7%E3%82%8C%E3%80%91%E5%A4%A7%E5%B4%8E%E7%94%9C%E8%8A%B1,observed,base,wiki_only,shinycolors_enza,396138ef-d1f9-4bc2-ad9b-2951a4888b6f,396138ef-d1f9-4bc2-ad9b-2951a4888b6f,2026-10-06T16:29:54+00:00,"[""W03""]","[""series_status"",""collab_work""]"
v1-93a6a8b8d40e754a,1.0,2026-10-08T02:45:18+00:00,【受けトル sun Q】,idol_736d3fca-9560-4156-96fc-66cc0159ea42,七草にちか,P,SSR,unit_7,シーズ,2025-05-09,permanent_gacha,[],unknown,,https://wikiwiki.jp/shinycolors/%E3%80%90%E5%8F%97%E3%81%91%E3%83%88%E3%83%AB%20sun%20Q%E3%80%91%E4%B8%83%E8%8D%89%E3%81%AB%E3%81%A1%E3%81%8B,observed,base,wiki_only,shinycolors_enza,39abb61e-a0cb-4a58-abb5-3f79b89742c5,39abb61e-a0cb-4a58-abb5-3f79b89742c5,2026-10-06T16:29:53+00:00,"[""W02""]","[""series_status"",""collab_work""]"
v1-93a6a8b8d40e754a,1.0,2026-10-08T02:45:18+00:00,【'25Pカップランクイン】,idol_6,田中摩美々,S,SSR,unit_2,アンティーカ,2025-04-15,event_reward,[],unknown,,,not_found,base,wiki_only,shinycolors_enza,39dc68e0-3444-40ac-8a7d-835afaf21987,39dc68e0-3444-40ac-8a7d-835afaf21987,2026-10-06T16:29:53+00:00,"[""W03""]","[""series_status"",""collab_work"",""wiki_url""]"
v1-93a6a8b8d40e754a,1.0,2026-10-08T02:45:18+00:00,【ゆらりゆられて】,idol_813a7356-e821-43e7-b25f-c104ca28870d,西城樹里,S,SR,unit_3,放課後クライマックスガールズ,2023-05-22,event_reward,[],unknown,,https://wikiwiki.jp/shinycolors/%E3%80%90%E3%82%86%E3%82%89%E3%82%8A%E3%82%86%E3%82%89%E3%82%8C%E3%81%A6%E3%80%91%E8%A5%BF%E5%9F%8E%E6%A8%B9%E9%87%8C,observed,base,wiki_only,shinycolors_enza,39f5dcc5-4275-466d-a556-b39729f42252,39f5dcc5-4275-466d-a556-b39729f42252,2026-10-06T16:29:53+00:00,"[""W03""]","[""series_status"",""collab_work""]"
v1-93a6a8b8d40e754a,1.0,2026-10-08T02:45:18+00:00,【アイドルロード】,idol_92b8326c-72f5-4a2e-8581-7110738045f3,有栖川夏葉,P,SSR,unit_3,放課後クライマックスガールズ,,mission,[],unknown,,https://wikiwiki.jp/shinycolors/%E3%80%90%E7%99%BD%E3%81%84%E3%83%84%E3%83%90%E3%82%B5%E3%80%91%E6%9C%89%E6%A0%96%E5%B7%9D%E5%A4%8F%E8%91%89,observed,idol_road_ssr,wiki_only,shinycolors_enza,3a13c034-4b38-44b0-b3e8-d53e3eaa50e9,47785b6e-6cb4-498b-90a9-9341dda69a20,2026-10-06T16:29:54+00:00,"[""W08""]","[""first_implemented_on"",""series_status"",""collab_work""]"
v1-93a6a8b8d40e754a,1.0,2026-10-08T02:45:18+00:00,【白いツバサ】,idol_f0b34f52-342b-4fdd-8231-816605449447,郁田はるき,P,R,unit_8,コメティック,2023-12-11,permanent_gacha,[],unknown,,https://wikiwiki.jp/shinycolors/%E3%80%90%E7%99%BD%E3%81%84%E3%83%84%E3%83%90%E3%82%B5%E3%80%91%E9%83%81%E7%94%B0%E3%81%AF%E3%82%8B%E3%81%8D,observed,base,wiki_only,shinycolors_enza,3a350302-cb44-49dd-9060-4d9aba836629,3a350302-cb44-49dd-9060-4d9aba836629,2026-10-06T16:29:53+00:00,"[""W02""]","[""series_status"",""collab_work""]"
v1-93a6a8b8d40e754a,1.0,2026-10-08T02:45:18+00:00,【リ・リフレクション】,idol_81093365-1df1-4e6c-a252-27625c47ab96,三峰結華,S,SSR,unit_2,アンティーカ,2021-05-20,permanent_gacha,[],unknown,,https://wikiwiki.jp/shinycolors/%E3%80%90%E3%83%AA%E3%83%BB%E3%83%AA%E3%83%95%E3%83%AC%E3%82%AF%E3%82%B7%E3%83%A7%E3%83%B3%E3%80%91%E4%B8%89%E5%B3%B0%E7%B5%90%E8%8F%AF,observed,base,wiki_only,shinycolors_enza,3a3bb0e7-34c5-41be-8463-9a4350771214,3a3bb0e7-34c5-41be-8463-9a4350771214,2026-10-06T16:29:53+00:00,"[""W03""]","[""series_status"",""collab_work""]"
v1-93a6a8b8d40e754a,1.0,2026-10-08T02:45:18+00:00,【signal】,idol_52544385-3ea1-42e6-bb47-faff2c6f9b4f,桑山千雪,S,SSR,unit_4,アルストロメリア,2022-04-01,event_reward,[],unknown,,https://wikiwiki.jp/shinycolors/%E3%80%90signal%E3%80%91%E6%A1%91%E5%B1%B1%E5%8D%83%E9%9B%AA,observed,base,wiki_only,shinycolors_enza,3ab7a76a-9b8e-48af-bc9a-983be0f60795,3ab7a76a-9b8e-48af-bc9a-983be0f60795,2026-10-06T16:29:53+00:00,"[""W03""]","[""series_status"",""collab_work""]"
v1-93a6a8b8d40e754a,1.0,2026-10-08T02:45:18+00:00,【はじまりのエピローグ】,idol_1,櫻木真乃,S,SSR,unit_1,イルミネーションスターズ,2018-12-14,event_reward,[],unknown,,https://wikiwiki.jp/shinycolors/%E3%80%90%E3%81%AF%E3%81%98%E3%81%BE%E3%82%8A%E3%81%AE%E3%82%A8%E3%83%94%E3%83%AD%E3%83%BC%E3%82%B0%E3%80%91%E6%AB%BB%E6%9C%A8%E7%9C%9F%E4%B9%83,observed,base,wiki_only,shinycolors_enza,3ac0fc56-97a6-4f54-a586-370a29733893,3ac0fc56-97a6-4f54-a586-370a29733893,2026-10-06T16:29:53+00:00,"[""W03""]","[""series_status"",""collab_work""]"
v1-93a6a8b8d40e754a,1.0,2026-10-08T02:45:18+00:00,【先生のお時間】,idol_52544385-3ea1-42e6-bb47-faff2c6f9b4f,桑山千雪,S,SSR,unit_4,アルストロメリア,2018-04-24,permanent_gacha,[],unknown,,https://wikiwiki.jp/shinycolors/%E3%80%90%E5%85%88%E7%94%9F%E3%81%AE%E3%81%8A%E6%99%82%E9%96%93%E3%80%91%E6%A1%91%E5%B1%B1%E5%8D%83%E9%9B%AA,observed,base,wiki_only,shinycolors_enza,3ba1af62-9497-4b17-9a1f-b97c0d38da81,3ba1af62-9497-4b17-9a1f-b97c0d38da81,2026-10-06T16:29:53+00:00,"[""W03""]","[""series_status"",""collab_work""]"
v1-93a6a8b8d40e754a,1.0,2026-10-08T02:45:18+00:00,【サンシャインシエスタ！】,idol_d4177c5c-4600-4381-b5da-758f87fc23d7,八宮めぐる,S,SR,unit_1,イルミネーションスターズ,2019-07-19,limited_gacha,[],unknown,,https://wikiwiki.jp/shinycolors/%E3%80%90%E3%82%B5%E3%83%B3%E3%82%B7%E3%83%A3%E3%82%A4%E3%83%B3%E3%82%B7%E3%82%A8%E3%82%B9%E3%82%BF%EF%BC%81%E3%80%91%E5%85%AB%E5%AE%AE%E3%82%81%E3%81%90%E3%82%8B,observed,base,wiki_only,shinycolors_enza,3bc64e2f-df78-4ab1-b95e-11446b61862b,3bc64e2f-df78-4ab1-b95e-11446b61862b,2026-10-06T16:29:54+00:00,"[""W03""]","[""series_status"",""collab_work""]"
v1-93a6a8b8d40e754a,1.0,2026-10-08T02:45:18+00:00,【マフラー直して、心は解けて】,idol_0e2d3420-7295-4510-929d-01bf8378e12a,風野灯織,P,SR,unit_1,イルミネーションスターズ,2018-12-26,event_reward,[],unknown,,https://wikiwiki.jp/shinycolors/%E3%80%90%E3%83%9E%E3%83%95%E3%83%A9%E3%83%BC%E7%9B%B4%E3%81%97%E3%81%A6%E3%80%81%E5%BF%83%E3%81%AF%E8%A7%A3%E3%81%91%E3%81%A6%E3%80%91%E9%A2%A8%E9%87%8E%E7%81%AF%E7%B9%94,observed,base,wiki_only,shinycolors_enza,3bff3dbd-2f7c-4966-b1f6-14072bfaffb9,3bff3dbd-2f7c-4966-b1f6-14072bfaffb9,2026-10-06T16:29:53+00:00,"[""W02""]","[""series_status"",""collab_work""]"
v1-93a6a8b8d40e754a,1.0,2026-10-08T02:45:18+00:00,【リトル・フルール】,idol_e5ce74fd-2caf-4c1d-a696-0b1f17f7a53e,福丸小糸,S,SSR,unit_6,ノクチル,2026-01-30,exchange,[],unknown,,https://wikiwiki.jp/shinycolors/%E3%80%90%E3%83%AA%E3%83%88%E3%83%AB%E3%83%BB%E3%83%95%E3%83%AB%E3%83%BC%E3%83%AB%E3%80%91%E7%A6%8F%E4%B8%B8%E5%B0%8F%E7%B3%B8,observed,base,wiki_only,shinycolors_enza,3ca19ed2-7be4-491d-a0b1-bdbb072ec71d,3ca19ed2-7be4-491d-a0b1-bdbb072ec71d,2026-10-06T16:29:53+00:00,"[""W03""]","[""series_status"",""collab_work""]"
v1-93a6a8b8d40e754a,1.0,2026-10-08T02:45:18+00:00,【Anti-Gravity】,idol_3c398182-7760-439e-8c77-3c09d173aa4c,芹沢あさひ,P,SSR,unit_5,ストレイライト,2023-02-28,limited_gacha,[],unknown,,https://wikiwiki.jp/shinycolors/%E3%80%90Anti-Gravity%E3%80%91%E8%8A%B9%E6%B2%A2%E3%81%82%E3%81%95%E3%81%B2,observed,base,wiki_only,shinycolors_enza,3cf64374-6e8a-4f24-adf7-2410075f8912,3cf64374-6e8a-4f24-adf7-2410075f8912,2026-10-06T16:29:53+00:00,"[""W02""]","[""series_status"",""collab_work""]"
v1-93a6a8b8d40e754a,1.0,2026-10-08T02:45:18+00:00,【LIVE FUN!!】,idol_3,浅倉透,S,SR,unit_6,ノクチル,2024-07-27,gacha_bonus,[],unknown,,https://wikiwiki.jp/shinycolors/%E3%80%90LIVE%20FUN%21%21%E3%80%91%E6%B5%85%E5%80%89%E9%80%8F,observed,base,wiki_only,shinycolors_enza,3d16bbc6-f237-42bd-9964-42c4fa3e8753,3d16bbc6-f237-42bd-9964-42c4fa3e8753,2026-10-06T16:29:54+00:00,"[""W03""]","[""series_status"",""collab_work""]"
v1-93a6a8b8d40e754a,1.0,2026-10-08T02:45:18+00:00,【煌・煌・星・娘】,idol_e579db5c-0930-4984-aa40-ebe5a00e8a4f,幽谷霧子,S,SSR,unit_2,アンティーカ,2022-10-31,limited_gacha,[],unknown,,https://wikiwiki.jp/shinycolors/%E3%80%90%E7%85%8C%E3%83%BB%E7%85%8C%E3%83%BB%E6%98%9F%E3%83%BB%E5%A8%98%E3%80%91%E5%B9%BD%E8%B0%B7%E9%9C%A7%E5%AD%90,observed,base,wiki_only,shinycolors_enza,3d1d2639-a365-4915-a6f3-014b711a06ec,3d1d2639-a365-4915-a6f3-014b711a06ec,2026-10-06T16:29:53+00:00,"[""W03""]","[""series_status"",""collab_work""]"
v1-93a6a8b8d40e754a,1.0,2026-10-08T02:45:18+00:00,【1歩、60cmの距離感】,idol_813a7356-e821-43e7-b25f-c104ca28870d,西城樹里,S,SSR,unit_3,放課後クライマックスガールズ,2026-08-21,limited_gacha,[],unknown,,https://wikiwiki.jp/shinycolors/%E3%80%901%E6%AD%A9%E3%80%8160cm%E3%81%AE%E8%B7%9D%E9%9B%A2%E6%84%9F%E3%80%91%E8%A5%BF%E5%9F%8E%E6%A8%B9%E9%87%8C,observed,base,wiki_only,shinycolors_enza,3d1d5266-decd-44b4-b8d6-0091a6b84135,3d1d5266-decd-44b4-b8d6-0091a6b84135,2026-10-06T16:29:53+00:00,"[""W03""]","[""series_status"",""collab_work""]"
v1-93a6a8b8d40e754a,1.0,2026-10-08T02:45:18+00:00,【シンメトリー・プールサイド】,idol_b1cc8f6f-feab-4add-b5d9-d8777add7f60,大崎甜花,P,SR,unit_4,アルストロメリア,2018-08-20,event_reward,[],unknown,,https://wikiwiki.jp/shinycolors/%E3%80%90%E3%82%B7%E3%83%B3%E3%83%A1%E3%83%88%E3%83%AA%E3%83%BC%E3%83%BB%E3%83%97%E3%83%BC%E3%83%AB%E3%82%B5%E3%82%A4%E3%83%89%E3%80%91%E5%A4%A7%E5%B4%8E%E7%94%9C%E8%8A%B1,observed,base,wiki_only,shinycolors_enza,3d4de01d-1330-4dc0-a94c-a79f951a57ca,3d4de01d-1330-4dc0-a94c-a79f951a57ca,2026-10-06T16:29:53+00:00,"[""W02""]","[""series_status"",""collab_work""]"
v1-93a6a8b8d40e754a,1.0,2026-10-08T02:45:18+00:00,【みんなと一緒に】,idol_0e2d3420-7295-4510-929d-01bf8378e12a,風野灯織,S,SR,unit_1,イルミネーションスターズ,2024-05-04,gacha_bonus,[],unknown,,https://wikiwiki.jp/shinycolors/%E3%80%90%E3%81%BF%E3%82%93%E3%81%AA%E3%81%A8%E4%B8%80%E7%B7%92%E3%81%AB%E3%80%91%E9%A2%A8%E9%87%8E%E7%81%AF%E7%B9%94,observed,base,wiki_only,shinycolors_enza,3d6aafb9-066b-418a-84d9-1a14996fa9f6,3d6aafb9-066b-418a-84d9-1a14996fa9f6,2026-10-06T16:29:54+00:00,"[""W03""]","[""series_status"",""collab_work""]"
v1-93a6a8b8d40e754a,1.0,2026-10-08T02:45:18+00:00,【キミと今旅立つ】,idol_0e2d3420-7295-4510-929d-01bf8378e12a,風野灯織,P,SSR,unit_1,イルミネーションスターズ,2025-03-19,permanent_gacha,[],unknown,,https://wikiwiki.jp/shinycolors/%E3%80%90%E3%82%AD%E3%83%9F%E3%81%A8%E4%BB%8A%E6%97%85%E7%AB%8B%E3%81%A4%E3%80%91%E9%A2%A8%E9%87%8E%E7%81%AF%E7%B9%94,observed,base,wiki_only,shinycolors_enza,3d948409-c1e4-4ad0-8de9-d2520c5c255b,3d948409-c1e4-4ad0-8de9-d2520c5c255b,2026-10-06T16:29:53+00:00,"[""W02""]","[""series_status"",""collab_work""]"
v1-93a6a8b8d40e754a,1.0,2026-10-08T02:45:18+00:00,【晴れ空オーシニ】,idol_d4177c5c-4600-4381-b5da-758f87fc23d7,八宮めぐる,P,SSR,unit_1,イルミネーションスターズ,2025-11-11,limited_gacha,"[""expansion""]",known,,https://wikiwiki.jp/shinycolors/%E3%80%90%E6%99%B4%E3%82%8C%E7%A9%BA%E3%82%AA%E3%83%BC%E3%82%B7%E3%83%8B%E3%80%91%E5%85%AB%E5%AE%AE%E3%82%81%E3%81%90%E3%82%8B,observed,base,wiki_only,shinycolors_enza,3da6dd34-e699-43f8-8a6b-fb05001bc9c5,3da6dd34-e699-43f8-8a6b-fb05001bc9c5,2026-10-07T00:59:08+00:00,"[""W02""]","[""collab_work""]"
v1-93a6a8b8d40e754a,1.0,2026-10-08T02:45:18+00:00,【──過去】,idol_ef328a51-2928-4d2d-a44f-5e3b92d305cf,白瀬咲耶,S,SR,unit_2,アンティーカ,2024-11-16,gacha_bonus,[],unknown,,https://wikiwiki.jp/shinycolors/%E3%80%90%E2%94%80%E2%94%80%E9%81%8E%E5%8E%BB%E3%80%91%E7%99%BD%E7%80%AC%E5%92%B2%E8%80%B6,observed,base,wiki_only,shinycolors_enza,3dd188f6-33fa-4fee-ab55-2a0da59a1c11,3dd188f6-33fa-4fee-ab55-2a0da59a1c11,2026-10-06T16:29:54+00:00,"[""W03""]","[""series_status"",""collab_work""]"
v1-93a6a8b8d40e754a,1.0,2026-10-08T02:45:18+00:00,【オ♡フ♡レ♡コ】,idol_a2f858c3-da6e-4d6f-b777-5367a2671399,黛冬優子,P,SSR,unit_5,ストレイライト,2019-11-20,permanent_gacha,[],unknown,,https://wikiwiki.jp/shinycolors/%E3%80%90%E3%82%AA%E3%83%BB%E3%83%95%E3%83%BB%E3%83%AC%E3%83%BB%E3%82%B3%E3%80%91%E9%BB%9B%E5%86%AC%E5%84%AA%E5%AD%90,observed,base,wiki_only,shinycolors_enza,3df73cf4-1a61-4336-9cc2-578efc02b25f,3df73cf4-1a61-4336-9cc2-578efc02b25f,2026-10-06T16:29:53+00:00,"[""W02""]","[""series_status"",""collab_work""]"
v1-93a6a8b8d40e754a,1.0,2026-10-08T02:45:18+00:00,【COSTUME GALLERY】,idol_e5ce74fd-2caf-4c1d-a696-0b1f17f7a53e,福丸小糸,S,SR,unit_6,ノクチル,2025-03-22,gacha_bonus,[],unknown,,,not_found,base,wiki_only,shinycolors_enza,3e37af0c-b1ac-4374-85d6-0f340342da80,3e37af0c-b1ac-4374-85d6-0f340342da80,2026-10-06T16:29:53+00:00,"[""W03""]","[""series_status"",""collab_work"",""wiki_url""]"
v1-93a6a8b8d40e754a,1.0,2026-10-08T02:45:18+00:00,【魔法の階段を上って……】,idol_0e2d3420-7295-4510-929d-01bf8378e12a,風野灯織,S,SR,unit_1,イルミネーションスターズ,2018-10-19,permanent_gacha,[],unknown,,https://wikiwiki.jp/shinycolors/%E3%80%90%E9%AD%94%E6%B3%95%E3%81%AE%E9%9A%8E%E6%AE%B5%E3%82%92%E4%B8%8A%E3%81%A3%E3%81%A6%E2%80%A6%E2%80%A6%E3%80%91%E9%A2%A8%E9%87%8E%E7%81%AF%E7%B9%94,observed,base,wiki_only,shinycolors_enza,3e3efba0-9689-42d0-97cc-0062e0bab585,3e3efba0-9689-42d0-97cc-0062e0bab585,2026-10-06T16:29:54+00:00,"[""W03""]","[""series_status"",""collab_work""]"
v1-93a6a8b8d40e754a,1.0,2026-10-08T02:45:18+00:00,【アイドルロード】,idol_0e2d3420-7295-4510-929d-01bf8378e12a,風野灯織,P,SSR,unit_1,イルミネーションスターズ,,mission,[],unknown,,https://wikiwiki.jp/shinycolors/%E3%80%90%E7%99%BD%E3%81%84%E3%83%84%E3%83%90%E3%82%B5%E3%80%91%E9%A2%A8%E9%87%8E%E7%81%AF%E7%B9%94,observed,idol_road_ssr,wiki_only,shinycolors_enza,3e9a8184-5967-4577-8fe3-7bf4da3056a4,f51af479-4c50-42d4-a13f-7a7c8618774e,2026-10-06T16:29:54+00:00,"[""W08""]","[""first_implemented_on"",""series_status"",""collab_work""]"
v1-93a6a8b8d40e754a,1.0,2026-10-08T02:45:18+00:00,【雨のち、マイヒーロー】,idol_df07e98b-12f2-4984-b8f6-8da0a47c0cc7,小宮果穂,S,SSR,unit_3,放課後クライマックスガールズ,2019-05-31,limited_gacha,[],unknown,,https://wikiwiki.jp/shinycolors/%E3%80%90%E9%9B%A8%E3%81%AE%E3%81%A1%E3%80%81%E3%83%9E%E3%82%A4%E3%83%92%E3%83%BC%E3%83%AD%E3%83%BC%E3%80%91%E5%B0%8F%E5%AE%AE%E6%9E%9C%E7%A9%82,observed,base,wiki_only,shinycolors_enza,3ea9014f-d987-47ec-8185-7d4344138223,3ea9014f-d987-47ec-8185-7d4344138223,2026-10-06T16:29:53+00:00,"[""W03""]","[""series_status"",""collab_work""]"
v1-93a6a8b8d40e754a,1.0,2026-10-08T02:45:18+00:00,【螺旋 -Halo around-】,idol_6874153a-a7f6-426a-98f0-815f121eeca4,緋田美琴,S,SSR,unit_7,シーズ,2025-10-25,gacha_bonus,[],unknown,,https://wikiwiki.jp/shinycolors/%E3%80%90%E8%9E%BA%E6%97%8B%20-Halo%20around-%E3%80%91%E7%B7%8B%E7%94%B0%E7%BE%8E%E7%90%B4,observed,base,wiki_only,shinycolors_enza,3ec90bfc-3d97-401e-b08f-dab94a05e83c,3ec90bfc-3d97-401e-b08f-dab94a05e83c,2026-10-06T16:29:53+00:00,"[""W03""]","[""series_status"",""collab_work""]"
v1-93a6a8b8d40e754a,1.0,2026-10-08T02:45:18+00:00,【裏腹あまのじゃく】,idol_6,田中摩美々,P,SR,unit_2,アンティーカ,2018-04-24,permanent_gacha,[],unknown,,https://wikiwiki.jp/shinycolors/%E3%80%90%E8%A3%8F%E8%85%B9%E3%81%82%E3%81%BE%E3%81%AE%E3%81%98%E3%82%83%E3%81%8F%E3%80%91%E7%94%B0%E4%B8%AD%E6%91%A9%E7%BE%8E%E3%80%85,observed,base,wiki_only,shinycolors_enza,3ee47ab7-f097-4f92-b5d2-3caf4c89e0aa,3ee47ab7-f097-4f92-b5d2-3caf4c89e0aa,2026-10-06T16:29:53+00:00,"[""W02""]","[""series_status"",""collab_work""]"
v1-93a6a8b8d40e754a,1.0,2026-10-08T02:45:18+00:00,【白いツバサ】,idol_d4177c5c-4600-4381-b5da-758f87fc23d7,八宮めぐる,P,R,unit_1,イルミネーションスターズ,2018-04-24,permanent_gacha,[],unknown,,https://wikiwiki.jp/shinycolors/%E3%80%90%E7%99%BD%E3%81%84%E3%83%84%E3%83%90%E3%82%B5%E3%80%91%E5%85%AB%E5%AE%AE%E3%82%81%E3%81%90%E3%82%8B,observed,base,wiki_only,shinycolors_enza,3f6beaee-11c9-4d5b-9f93-94baf33e8a83,3f6beaee-11c9-4d5b-9f93-94baf33e8a83,2026-10-06T16:29:53+00:00,"[""W02""]","[""series_status"",""collab_work""]"
v1-93a6a8b8d40e754a,1.0,2026-10-08T02:45:18+00:00,【RELAXIN】,idol_52544385-3ea1-42e6-bb47-faff2c6f9b4f,桑山千雪,S,SR,unit_4,アルストロメリア,2020-12-23,collaboration_gacha,[],unknown,,https://wikiwiki.jp/shinycolors/%E3%80%90RELAXIN%E3%80%91%E6%A1%91%E5%B1%B1%E5%8D%83%E9%9B%AA,observed,base,wiki_only,shinycolors_enza,3fd3ee0c-a3b8-4646-931e-85d2e603e1e3,3fd3ee0c-a3b8-4646-931e-85d2e603e1e3,2026-10-06T16:29:53+00:00,"[""W03""]","[""series_status"",""collab_work""]"
v1-93a6a8b8d40e754a,1.0,2026-10-08T02:45:18+00:00,【283プロのヒナ】,idol_0c19be81-d3e3-4383-b5d4-0a94b290dba9,斑鳩ルカ,S,R,unit_8,コメティック,2023-04-21,permanent_gacha,[],unknown,,https://wikiwiki.jp/shinycolors/%E3%80%90283%E3%83%97%E3%83%AD%E3%81%AE%E3%83%92%E3%83%8A%E3%80%91%E6%96%91%E9%B3%A9%E3%83%AB%E3%82%AB,observed,base,wiki_only,shinycolors_enza,40117a68-560a-45f6-833e-a0e69710dbb4,40117a68-560a-45f6-833e-a0e69710dbb4,2026-10-06T16:29:54+00:00,"[""W03""]","[""series_status"",""collab_work""]"
v1-93a6a8b8d40e754a,1.0,2026-10-08T02:45:18+00:00,【円環 -Halo around-】,idol_e5ce74fd-2caf-4c1d-a696-0b1f17f7a53e,福丸小糸,S,SSR,unit_6,ノクチル,2025-09-27,gacha_bonus,[],unknown,,https://wikiwiki.jp/shinycolors/%E3%80%90%E5%86%86%E7%92%B0%20-Halo%20around-%E3%80%91%E7%A6%8F%E4%B8%B8%E5%B0%8F%E7%B3%B8,observed,base,wiki_only,shinycolors_enza,409fd743-2f59-46fb-bf65-a85000a64860,409fd743-2f59-46fb-bf65-a85000a64860,2026-10-06T16:29:53+00:00,"[""W03""]","[""series_status"",""collab_work""]"
v1-93a6a8b8d40e754a,1.0,2026-10-08T02:45:18+00:00,【明日の思い出で笑って】,idol_92b8326c-72f5-4a2e-8581-7110738045f3,有栖川夏葉,S,SSR,unit_3,放課後クライマックスガールズ,2022-02-28,event_reward,[],unknown,,https://wikiwiki.jp/shinycolors/%E3%80%90%E6%98%8E%E6%97%A5%E3%81%AE%E6%80%9D%E3%81%84%E5%87%BA%E3%81%A7%E7%AC%91%E3%81%A3%E3%81%A6%E3%80%91%E6%9C%89%E6%A0%96%E5%B7%9D%E5%A4%8F%E8%91%89,observed,base,wiki_only,shinycolors_enza,40a6713f-7212-40eb-a8fa-7987fde2821d,40a6713f-7212-40eb-a8fa-7987fde2821d,2026-10-06T16:29:53+00:00,"[""W03""]","[""series_status"",""collab_work""]"
v1-93a6a8b8d40e754a,1.0,2026-10-08T02:45:18+00:00,【サマーアイドル2025】,idol_0c19be81-d3e3-4383-b5d4-0a94b290dba9,斑鳩ルカ,S,SSR,unit_8,コメティック,2025-08-30,limited_gacha,[],unknown,,https://wikiwiki.jp/shinycolors/%E3%80%90%E3%82%B5%E3%83%9E%E3%83%BC%E3%82%A2%E3%82%A4%E3%83%89%E3%83%AB2025%E3%80%91%E6%96%91%E9%B3%A9%E3%83%AB%E3%82%AB,observed,base,wiki_only,shinycolors_enza,40cc12d8-75a3-4757-a7f8-9c89ce26c77d,40cc12d8-75a3-4757-a7f8-9c89ce26c77d,2026-10-06T16:29:53+00:00,"[""W03""]","[""series_status"",""collab_work""]"
v1-93a6a8b8d40e754a,1.0,2026-10-08T02:45:18+00:00,【COSTUME GALLERY】,idol_736d3fca-9560-4156-96fc-66cc0159ea42,七草にちか,S,SR,unit_7,シーズ,2025-03-22,gacha_bonus,[],unknown,,,not_found,base,wiki_only,shinycolors_enza,40d7e15f-c04f-462c-88df-0bbcff551c56,40d7e15f-c04f-462c-88df-0bbcff551c56,2026-10-06T16:29:53+00:00,"[""W03""]","[""series_status"",""collab_work"",""wiki_url""]"
v1-93a6a8b8d40e754a,1.0,2026-10-08T02:45:18+00:00,【闇鍋上等】,idol_6,田中摩美々,S,SSR,unit_2,アンティーカ,2018-11-30,permanent_gacha,[],unknown,,https://wikiwiki.jp/shinycolors/%E3%80%90%E9%97%87%E9%8D%8B%E4%B8%8A%E7%AD%89%E3%80%91%E7%94%B0%E4%B8%AD%E6%91%A9%E7%BE%8E%E3%80%85,observed,base,wiki_only,shinycolors_enza,40fced32-f6bd-4e25-916a-45478f5a9d33,40fced32-f6bd-4e25-916a-45478f5a9d33,2026-10-06T16:29:53+00:00,"[""W03""]","[""series_status"",""collab_work""]"
v1-93a6a8b8d40e754a,1.0,2026-10-08T02:45:18+00:00,【ふらここのうた】,idol_51651b60-7996-412b-bd16-5c1c3f3faebf,杜野凛世,P,SR,unit_3,放課後クライマックスガールズ,2018-11-30,event_reward,[],unknown,,https://wikiwiki.jp/shinycolors/%E3%80%90%E3%81%B5%E3%82%89%E3%81%93%E3%81%93%E3%81%AE%E3%81%86%E3%81%9F%E3%80%91%E6%9D%9C%E9%87%8E%E5%87%9B%E4%B8%96,observed,base,wiki_only,shinycolors_enza,4136eacb-fac6-41f6-9e9c-92561e409d0b,4136eacb-fac6-41f6-9e9c-92561e409d0b,2026-10-06T16:29:53+00:00,"[""W02""]","[""series_status"",""collab_work""]"
v1-93a6a8b8d40e754a,1.0,2026-10-08T02:45:18+00:00,【ふれあい、おもいあい】,idol_ef328a51-2928-4d2d-a44f-5e3b92d305cf,白瀬咲耶,P,SR,unit_2,アンティーカ,2018-11-19,event_reward,[],unknown,,https://wikiwiki.jp/shinycolors/%E3%80%90%E3%81%B5%E3%82%8C%E3%81%82%E3%81%84%E3%80%81%E3%81%8A%E3%82%82%E3%81%84%E3%81%82%E3%81%84%E3%80%91%E7%99%BD%E7%80%AC%E5%92%B2%E8%80%B6,observed,base,wiki_only,shinycolors_enza,41a676bf-4787-4ec6-99f3-075d1d23f9f4,41a676bf-4787-4ec6-99f3-075d1d23f9f4,2026-10-06T16:29:53+00:00,"[""W02""]","[""series_status"",""collab_work""]"
v1-93a6a8b8d40e754a,1.0,2026-10-08T02:45:18+00:00,【斑木 はる那】,idol_0c19be81-d3e3-4383-b5d4-0a94b290dba9,斑鳩ルカ,S,SR,unit_8,コメティック,2026-04-01,gacha_bonus,[],unknown,,,not_found,base,wiki_only,shinycolors_enza,41b51347-7c5d-4866-ba7a-14a28b571428,41b51347-7c5d-4866-ba7a-14a28b571428,2026-10-06T16:29:53+00:00,"[""W03""]","[""series_status"",""collab_work"",""wiki_url""]"
v1-93a6a8b8d40e754a,1.0,2026-10-08T02:45:18+00:00,【283プロのヒナ】,idol_4,鈴木羽那,S,R,unit_8,コメティック,2024-01-01,permanent_gacha,[],unknown,,https://wikiwiki.jp/shinycolors/%E3%80%90283%E3%83%97%E3%83%AD%E3%81%AE%E3%83%92%E3%83%8A%E3%80%91%E9%88%B4%E6%9C%A8%E7%BE%BD%E9%82%A3,observed,base,wiki_only,shinycolors_enza,41c0c09e-57e6-494d-b839-1aa4988d4a5d,41c0c09e-57e6-494d-b839-1aa4988d4a5d,2026-10-06T16:29:54+00:00,"[""W03""]","[""series_status"",""collab_work""]"
v1-93a6a8b8d40e754a,1.0,2026-10-08T02:45:18+00:00,【@手にいっぱい夢いっぱい】,idol_a1ecc291-124c-4aaa-8346-467a4386234b,七草はづき,S,SR,,,2025-09-23,other_bonus,[],unknown,,https://wikiwiki.jp/shinycolors/%E3%80%90%40%E6%89%8B%E3%81%AB%E3%81%84%E3%81%A3%E3%81%B1%E3%81%84%E5%A4%A2%E3%81%84%E3%81%A3%E3%81%B1%E3%81%84%E3%80%91%E4%B8%83%E8%8D%89%E3%81%AF%E3%81%A5%E3%81%8D,observed,base,wiki_only,shinycolors_enza,420175a3-9e91-44eb-a8f0-a9bedae0fb17,420175a3-9e91-44eb-a8f0-a9bedae0fb17,2026-10-06T16:33:42+00:00,"[""W03""]","[""unit_id"",""unit_name"",""series_status"",""collab_work""]"
v1-93a6a8b8d40e754a,1.0,2026-10-08T02:45:18+00:00,【駅線上の日常】,idol_1,櫻木真乃,S,SSR,unit_1,イルミネーションスターズ,2019-04-01,limited_gacha,[],unknown,,https://wikiwiki.jp/shinycolors/%E3%80%90%E9%A7%85%E7%B7%9A%E4%B8%8A%E3%81%AE%E6%97%A5%E5%B8%B8%E3%80%91%E6%AB%BB%E6%9C%A8%E7%9C%9F%E4%B9%83,observed,base,wiki_only,shinycolors_enza,421b6c70-3a62-456b-9af7-cc6f85103981,421b6c70-3a62-456b-9af7-cc6f85103981,2026-10-06T16:29:53+00:00,"[""W03""]","[""series_status"",""collab_work""]"
v1-93a6a8b8d40e754a,1.0,2026-10-08T02:45:18+00:00,【引かない強さを習得しました】,idol_df07e98b-12f2-4984-b8f6-8da0a47c0cc7,小宮果穂,S,SSR,unit_3,放課後クライマックスガールズ,2026-07-29,limited_gacha,"[""birthday""]",known,,https://wikiwiki.jp/shinycolors/%E3%80%90%E5%BC%95%E3%81%8B%E3%81%AA%E3%81%84%E5%BC%B7%E3%81%95%E3%82%92%E7%BF%92%E5%BE%97%E3%81%97%E3%81%BE%E3%81%97%E3%81%9F%E3%80%91%E5%B0%8F%E5%AE%AE%E6%9E%9C%E7%A9%82,observed,base,wiki_only,shinycolors_enza,425f8f30-3261-4666-b717-d1dd6416667a,425f8f30-3261-4666-b717-d1dd6416667a,2026-10-06T16:29:53+00:00,"[""W03""]","[""collab_work""]"
v1-93a6a8b8d40e754a,1.0,2026-10-08T02:45:18+00:00,【Good-bye ラブレター】,idol_81093365-1df1-4e6c-a252-27625c47ab96,三峰結華,P,SSR,unit_2,アンティーカ,2024-03-11,limited_gacha,[],unknown,,https://wikiwiki.jp/shinycolors/%E3%80%90Good-bye%20%E3%83%A9%E3%83%96%E3%83%AC%E3%82%BF%E3%83%BC%E3%80%91%E4%B8%89%E5%B3%B0%E7%B5%90%E8%8F%AF,observed,base,wiki_only,shinycolors_enza,42623a33-709b-43a2-a54c-3dc3c9d5bbd7,42623a33-709b-43a2-a54c-3dc3c9d5bbd7,2026-10-06T16:29:53+00:00,"[""W02""]","[""series_status"",""collab_work""]"
v1-93a6a8b8d40e754a,1.0,2026-10-08T02:45:18+00:00,【片恋はあと】,idol_51651b60-7996-412b-bd16-5c1c3f3faebf,杜野凛世,P,SSR,unit_3,放課後クライマックスガールズ,2025-02-07,permanent_gacha,[],unknown,,https://wikiwiki.jp/shinycolors/%E3%80%90%E7%89%87%E6%81%8B%E3%81%AF%E3%81%82%E3%81%A8%E3%80%91%E6%9D%9C%E9%87%8E%E5%87%9B%E4%B8%96,observed,base,wiki_only,shinycolors_enza,42690c61-61e4-4aa9-ba9d-a4d9882f370f,42690c61-61e4-4aa9-ba9d-a4d9882f370f,2026-10-06T16:29:53+00:00,"[""W02""]","[""series_status"",""collab_work""]"
v1-93a6a8b8d40e754a,1.0,2026-10-08T02:45:18+00:00,【ポシェットの中には】,idol_e5ce74fd-2caf-4c1d-a696-0b1f17f7a53e,福丸小糸,P,SSR,unit_6,ノクチル,2020-06-19,permanent_gacha,[],unknown,,https://wikiwiki.jp/shinycolors/%E3%80%90%E3%83%9D%E3%82%B7%E3%82%A7%E3%83%83%E3%83%88%E3%81%AE%E4%B8%AD%E3%81%AB%E3%81%AF%E3%80%91%E7%A6%8F%E4%B8%B8%E5%B0%8F%E7%B3%B8,observed,base,wiki_only,shinycolors_enza,42a5e8e4-8ace-44eb-8076-bf2173955a12,42a5e8e4-8ace-44eb-8076-bf2173955a12,2026-10-06T16:29:53+00:00,"[""W02""]","[""series_status"",""collab_work""]"
v1-93a6a8b8d40e754a,1.0,2026-10-08T02:45:18+00:00,【'25Pカップランクイン】,idol_0e2d3420-7295-4510-929d-01bf8378e12a,風野灯織,S,SSR,unit_1,イルミネーションスターズ,2025-04-15,event_reward,[],unknown,,,not_found,base,wiki_only,shinycolors_enza,42b39d6b-d642-4c05-a269-7f77f7969e3d,42b39d6b-d642-4c05-a269-7f77f7969e3d,2026-10-06T16:29:53+00:00,"[""W03""]","[""series_status"",""collab_work"",""wiki_url""]"
v1-93a6a8b8d40e754a,1.0,2026-10-08T02:45:18+00:00,【流砂の果てに】,idol_51651b60-7996-412b-bd16-5c1c3f3faebf,杜野凛世,S,SSR,unit_3,放課後クライマックスガールズ,2026-04-02,event_reward,[],unknown,,https://wikiwiki.jp/shinycolors/%E3%80%90%E6%B5%81%E7%A0%82%E3%81%AE%E6%9E%9C%E3%81%A6%E3%81%AB%E3%80%91%E6%9D%9C%E9%87%8E%E5%87%9B%E4%B8%96,observed,base,wiki_only,shinycolors_enza,42cae4af-ffb4-4bf3-8092-dfb893eb1e9d,42cae4af-ffb4-4bf3-8092-dfb893eb1e9d,2026-10-06T16:29:53+00:00,"[""W03""]","[""series_status"",""collab_work""]"
v1-93a6a8b8d40e754a,1.0,2026-10-08T02:45:18+00:00,【猫道カントリー】,idol_e91e6363-2dc9-42c1-bbf1-a759e797c2d1,月岡恋鐘,P,SR,unit_2,アンティーカ,2020-09-23,event_reward,[],unknown,,https://wikiwiki.jp/shinycolors/%E3%80%90%E7%8C%AB%E9%81%93%E3%82%AB%E3%83%B3%E3%83%88%E3%83%AA%E3%83%BC%E3%80%91%E6%9C%88%E5%B2%A1%E6%81%8B%E9%90%98,observed,base,wiki_only,shinycolors_enza,42d2f090-9256-42e7-b822-56c1a35f851e,42d2f090-9256-42e7-b822-56c1a35f851e,2026-10-06T16:29:53+00:00,"[""W02""]","[""series_status"",""collab_work""]"
v1-93a6a8b8d40e754a,1.0,2026-10-08T02:45:18+00:00,【'25Pカップランクイン】,idol_736d3fca-9560-4156-96fc-66cc0159ea42,七草にちか,S,SSR,unit_7,シーズ,2025-04-15,event_reward,[],unknown,,https://wikiwiki.jp/shinycolors/%E3%80%90%2725P%E3%82%AB%E3%83%83%E3%83%97%E3%83%A9%E3%83%B3%E3%82%AF%E3%82%A4%E3%83%B3%E3%80%91%E4%B8%83%E8%8D%89%E3%81%AB%E3%81%A1%E3%81%8B,observed,base,wiki_only,shinycolors_enza,42ebe255-5aa2-45b0-9a1c-df8a71896a1d,42ebe255-5aa2-45b0-9a1c-df8a71896a1d,2026-10-06T16:29:53+00:00,"[""W03""]","[""series_status"",""collab_work""]"
v1-93a6a8b8d40e754a,1.0,2026-10-08T02:45:18+00:00,【白いツバサ】,idol_6874153a-a7f6-426a-98f0-815f121eeca4,緋田美琴,P,R,unit_7,シーズ,2021-04-08,permanent_gacha,[],unknown,,https://wikiwiki.jp/shinycolors/%E3%80%90%E7%99%BD%E3%81%84%E3%83%84%E3%83%90%E3%82%B5%E3%80%91%E7%B7%8B%E7%94%B0%E7%BE%8E%E7%90%B4,observed,base,wiki_only,shinycolors_enza,42f2335e-bd82-48d7-abd3-172c9749f368,42f2335e-bd82-48d7-abd3-172c9749f368,2026-10-06T16:29:53+00:00,"[""W02""]","[""series_status"",""collab_work""]"
v1-93a6a8b8d40e754a,1.0,2026-10-08T02:45:18+00:00,【数・数・娘・娘】,idol_e579db5c-0930-4984-aa40-ebe5a00e8a4f,幽谷霧子,S,SSR,unit_2,アンティーカ,2020-10-21,limited_gacha,[],unknown,,https://wikiwiki.jp/shinycolors/%E3%80%90%E6%95%B0%E3%83%BB%E6%95%B0%E3%83%BB%E5%A8%98%E3%83%BB%E5%A8%98%E3%80%91%E5%B9%BD%E8%B0%B7%E9%9C%A7%E5%AD%90,observed,base,wiki_only,shinycolors_enza,43331a47-1054-477b-8789-5a519dffbc50,43331a47-1054-477b-8789-5a519dffbc50,2026-10-06T16:29:53+00:00,"[""W03""]","[""series_status"",""collab_work""]"
v1-93a6a8b8d40e754a,1.0,2026-10-08T02:45:18+00:00,【ゴシックデコレーション】,idol_6,田中摩美々,S,SSR,unit_2,アンティーカ,2018-05-04,event_reward,[],unknown,,https://wikiwiki.jp/shinycolors/%E3%80%90%E3%82%B4%E3%82%B7%E3%83%83%E3%82%AF%E3%83%87%E3%82%B3%E3%83%AC%E3%83%BC%E3%82%B7%E3%83%A7%E3%83%B3%E3%80%91%E7%94%B0%E4%B8%AD%E6%91%A9%E7%BE%8E%E3%80%85,observed,base,wiki_only,shinycolors_enza,4338ecdb-c6cc-4d7d-84ef-94309f69a01c,4338ecdb-c6cc-4d7d-84ef-94309f69a01c,2026-10-06T16:29:53+00:00,"[""W03""]","[""series_status"",""collab_work""]"
v1-93a6a8b8d40e754a,1.0,2026-10-08T02:45:18+00:00,【吹雪舞う地でのひと時】,idol_3c398182-7760-439e-8c77-3c09d173aa4c,芹沢あさひ,S,SSR,unit_5,ストレイライト,2023-12-11,limited_gacha,[],unknown,,https://wikiwiki.jp/shinycolors/%E3%80%90%E5%90%B9%E9%9B%AA%E8%88%9E%E3%81%86%E5%9C%B0%E3%81%A7%E3%81%AE%E3%81%B2%E3%81%A8%E6%99%82%E3%80%91%E8%8A%B9%E6%B2%A2%E3%81%82%E3%81%95%E3%81%B2,observed,base,wiki_only,shinycolors_enza,4359c78f-2ce7-46a0-b163-f4ebfbc0f738,4359c78f-2ce7-46a0-b163-f4ebfbc0f738,2026-10-06T16:29:53+00:00,"[""W03""]","[""series_status"",""collab_work""]"
v1-93a6a8b8d40e754a,1.0,2026-10-08T02:45:18+00:00,【きらり、足跡】,idol_813a7356-e821-43e7-b25f-c104ca28870d,西城樹里,P,SSR,unit_3,放課後クライマックスガールズ,2025-05-20,collection_gacha,"[""parallel""]",known,,https://wikiwiki.jp/shinycolors/%E3%80%90%E3%81%8D%E3%82%89%E3%82%8A%E3%80%81%E8%B6%B3%E8%B7%A1%E3%80%91%E8%A5%BF%E5%9F%8E%E6%A8%B9%E9%87%8C,observed,base,wiki_only,shinycolors_enza,43b86d27-695e-4d26-b38b-bd4b707dd0a6,43b86d27-695e-4d26-b38b-bd4b707dd0a6,2026-10-06T16:29:53+00:00,"[""W02""]","[""collab_work""]"
v1-93a6a8b8d40e754a,1.0,2026-10-08T02:45:18+00:00,【あなたと、いただきます】,idol_1,櫻木真乃,P,SSR,unit_1,イルミネーションスターズ,2024-04-29,limited_gacha,[],unknown,,https://wikiwiki.jp/shinycolors/%E3%80%90%E3%81%82%E3%81%AA%E3%81%9F%E3%81%A8%E3%80%81%E3%81%84%E3%81%9F%E3%81%A0%E3%81%8D%E3%81%BE%E3%81%99%E3%80%91%E6%AB%BB%E6%9C%A8%E7%9C%9F%E4%B9%83,observed,base,wiki_only,shinycolors_enza,43ce4dd1-ec30-48c9-8c0c-5aec3facc25f,43ce4dd1-ec30-48c9-8c0c-5aec3facc25f,2026-10-06T16:29:53+00:00,"[""W02""]","[""series_status"",""collab_work""]"
v1-93a6a8b8d40e754a,1.0,2026-10-08T02:45:18+00:00,【７日間の天使】,idol_4,鈴木羽那,P,SSR,unit_8,コメティック,2026-07-30,collection_gacha,"[""casting""]",known,,https://wikiwiki.jp/shinycolors/%E3%80%90%EF%BC%97%E6%97%A5%E9%96%93%E3%81%AE%E5%A4%A9%E4%BD%BF%E3%80%91%E9%88%B4%E6%9C%A8%E7%BE%BD%E9%82%A3,observed,base,wiki_only,shinycolors_enza,43f2f380-8e33-4483-bb72-92ee09c058ef,43f2f380-8e33-4483-bb72-92ee09c058ef,2026-10-06T16:29:52+00:00,"[""W02""]","[""collab_work""]"
v1-93a6a8b8d40e754a,1.0,2026-10-08T02:45:18+00:00,【はり・はり】,idol_3c398182-7760-439e-8c77-3c09d173aa4c,芹沢あさひ,P,SR,unit_5,ストレイライト,2021-02-19,event_reward,[],unknown,,https://wikiwiki.jp/shinycolors/%E3%80%90%E3%81%AF%E3%82%8A%E3%83%BB%E3%81%AF%E3%82%8A%E3%80%91%E8%8A%B9%E6%B2%A2%E3%81%82%E3%81%95%E3%81%B2,observed,base,wiki_only,shinycolors_enza,4423453e-3f40-496f-a01b-2a7240dc408f,4423453e-3f40-496f-a01b-2a7240dc408f,2026-10-06T16:29:53+00:00,"[""W02""]","[""series_status"",""collab_work""]"
v1-93a6a8b8d40e754a,1.0,2026-10-08T02:45:18+00:00,【'25Pカップ】,idol_3c398182-7760-439e-8c77-3c09d173aa4c,芹沢あさひ,S,SR,unit_5,ストレイライト,2025-04-15,event_reward,[],unknown,,https://wikiwiki.jp/shinycolors/%E3%80%90%2725P%E3%82%AB%E3%83%83%E3%83%97%E3%80%91%E8%8A%B9%E6%B2%A2%E3%81%82%E3%81%95%E3%81%B2,observed,base,wiki_only,shinycolors_enza,4432fa86-f665-483e-904a-d76a88bc1757,4432fa86-f665-483e-904a-d76a88bc1757,2026-10-06T16:29:53+00:00,"[""W03""]","[""series_status"",""collab_work""]"
v1-93a6a8b8d40e754a,1.0,2026-10-08T02:45:18+00:00,【My lyrics】,idol_b1cc8f6f-feab-4add-b5d9-d8777add7f60,大崎甜花,S,SSR,unit_4,アルストロメリア,2023-01-01,event_reward,[],unknown,,https://wikiwiki.jp/shinycolors/%E3%80%90My%20lyrics%E3%80%91%E5%A4%A7%E5%B4%8E%E7%94%9C%E8%8A%B1,observed,base,wiki_only,shinycolors_enza,4435ba06-85ee-4d8e-8138-5cb40e4f0413,4435ba06-85ee-4d8e-8138-5cb40e4f0413,2026-10-06T16:29:53+00:00,"[""W03""]","[""series_status"",""collab_work""]"
v1-93a6a8b8d40e754a,1.0,2026-10-08T02:45:18+00:00,【283プロのヒナ】,idol_51651b60-7996-412b-bd16-5c1c3f3faebf,杜野凛世,S,R,unit_3,放課後クライマックスガールズ,2018-04-24,permanent_gacha,[],unknown,,https://wikiwiki.jp/shinycolors/%E3%80%90283%E3%83%97%E3%83%AD%E3%81%AE%E3%83%92%E3%83%8A%E3%80%91%E6%9D%9C%E9%87%8E%E5%87%9B%E4%B8%96,observed,base,wiki_only,shinycolors_enza,447e65a0-85dc-4591-9576-0be1bae4a371,447e65a0-85dc-4591-9576-0be1bae4a371,2026-10-06T16:29:54+00:00,"[""W03""]","[""series_status"",""collab_work""]"
v1-93a6a8b8d40e754a,1.0,2026-10-08T02:45:18+00:00,【　時を過ぎても解けない魔法】,idol_52544385-3ea1-42e6-bb47-faff2c6f9b4f,桑山千雪,S,SSR,unit_4,アルストロメリア,2026-02-27,exchange,[],unknown,,https://wikiwiki.jp/shinycolors/%E3%80%90%E3%80%80%E6%99%82%E3%82%92%E9%81%8E%E3%81%8E%E3%81%A6%E3%82%82%E8%A7%A3%E3%81%91%E3%81%AA%E3%81%84%E9%AD%94%E6%B3%95%E3%80%91%E6%A1%91%E5%B1%B1%E5%8D%83%E9%9B%AA,observed,base,wiki_only,shinycolors_enza,448ba0bc-3e91-4d26-8670-dfbd8e434777,448ba0bc-3e91-4d26-8670-dfbd8e434777,2026-10-06T16:29:53+00:00,"[""W03""]","[""series_status"",""collab_work""]"
v1-93a6a8b8d40e754a,1.0,2026-10-08T02:45:18+00:00,【Present Present】,idol_4,鈴木羽那,S,SSR,unit_8,コメティック,2026-10-02,limited_gacha,"[""birthday""]",known,,https://wikiwiki.jp/shinycolors/%E3%80%90Present%20Present%E3%80%91%E9%88%B4%E6%9C%A8%E7%BE%BD%E9%82%A3,observed,base,wiki_only,shinycolors_enza,44939583-5f1e-43cb-8782-615453e9d7a8,44939583-5f1e-43cb-8782-615453e9d7a8,2026-10-06T16:29:53+00:00,"[""W03""]","[""collab_work""]"
v1-93a6a8b8d40e754a,1.0,2026-10-08T02:45:18+00:00,【きづけばまほろば】,idol_a2f858c3-da6e-4d6f-b777-5367a2671399,黛冬優子,S,SSR,unit_5,ストレイライト,2025-08-30,collection_gacha,"[""twilights""]",known,,https://wikiwiki.jp/shinycolors/%E3%80%90%E3%81%8D%E3%81%A5%E3%81%91%E3%81%B0%E3%81%BE%E3%81%BB%E3%82%8D%E3%81%B0%E3%80%91%E9%BB%9B%E5%86%AC%E5%84%AA%E5%AD%90,observed,base,wiki_only,shinycolors_enza,44afc2da-0b7f-4744-982f-77f516a52ea1,44afc2da-0b7f-4744-982f-77f516a52ea1,2026-10-06T16:29:53+00:00,"[""W03""]","[""collab_work""]"
v1-93a6a8b8d40e754a,1.0,2026-10-08T02:45:18+00:00,【溢れそうなDiary】,idol_52544385-3ea1-42e6-bb47-faff2c6f9b4f,桑山千雪,S,SSR,unit_4,アルストロメリア,2025-07-18,collection_gacha,"[""twilights""]",known,,https://wikiwiki.jp/shinycolors/%E3%80%90%E6%BA%A2%E3%82%8C%E3%81%9D%E3%81%86%E3%81%AADiary%E3%80%91%E6%A1%91%E5%B1%B1%E5%8D%83%E9%9B%AA,observed,base,wiki_only,shinycolors_enza,44c956e3-053a-4cf9-9271-572032942e26,44c956e3-053a-4cf9-9271-572032942e26,2026-10-06T16:29:53+00:00,"[""W03""]","[""collab_work""]"
v1-93a6a8b8d40e754a,1.0,2026-10-08T02:45:18+00:00,【アイドルロード】,idol_51651b60-7996-412b-bd16-5c1c3f3faebf,杜野凛世,P,SSR,unit_3,放課後クライマックスガールズ,,mission,[],unknown,,https://wikiwiki.jp/shinycolors/%E3%80%90%E7%99%BD%E3%81%84%E3%83%84%E3%83%90%E3%82%B5%E3%80%91%E6%9D%9C%E9%87%8E%E5%87%9B%E4%B8%96,observed,idol_road_ssr,wiki_only,shinycolors_enza,4610718d-af5a-4420-b784-26ba32a8c585,86b9e115-0c97-40cc-839e-328c96c1e6e2,2026-10-06T16:29:54+00:00,"[""W08""]","[""first_implemented_on"",""series_status"",""collab_work""]"
v1-93a6a8b8d40e754a,1.0,2026-10-08T02:45:18+00:00,【'25Pカップランクイン】,idol_7,園田智代子,S,SSR,unit_3,放課後クライマックスガールズ,2025-04-15,event_reward,[],unknown,,,not_found,base,wiki_only,shinycolors_enza,462c2304-150a-470b-aee5-9e2f272bb697,462c2304-150a-470b-aee5-9e2f272bb697,2026-10-06T16:29:53+00:00,"[""W03""]","[""series_status"",""collab_work"",""wiki_url""]"
v1-93a6a8b8d40e754a,1.0,2026-10-08T02:45:18+00:00,【アイドルロード】,idol_52544385-3ea1-42e6-bb47-faff2c6f9b4f,桑山千雪,P,SSR,unit_4,アルストロメリア,,mission,[],unknown,,https://wikiwiki.jp/shinycolors/%E3%80%90%E7%99%BD%E3%81%84%E3%83%84%E3%83%90%E3%82%B5%E3%80%91%E6%A1%91%E5%B1%B1%E5%8D%83%E9%9B%AA,observed,idol_road_ssr,wiki_only,shinycolors_enza,4649cf0c-fd05-4b22-877a-f310d637659d,c0f08096-7a86-41d5-a949-98aad0225b10,2026-10-06T16:29:54+00:00,"[""W08""]","[""first_implemented_on"",""series_status"",""collab_work""]"
v1-93a6a8b8d40e754a,1.0,2026-10-08T02:45:18+00:00,【分景】,idol_0e2d3420-7295-4510-929d-01bf8378e12a,風野灯織,S,SSR,unit_1,イルミネーションスターズ,2026-09-07,limited_gacha,"[""axe8""]",known,,https://wikiwiki.jp/shinycolors/%E3%80%90%E5%88%86%E6%99%AF%E3%80%91%E9%A2%A8%E9%87%8E%E7%81%AF%E7%B9%94,observed,base,wiki_only,shinycolors_enza,4651141b-fb73-4afc-a8e2-98ab97a746cc,4651141b-fb73-4afc-a8e2-98ab97a746cc,2026-10-07T00:59:08+00:00,"[""W03"",""W09""]","[""collab_work""]"
v1-93a6a8b8d40e754a,1.0,2026-10-08T02:45:18+00:00,【Splinter】,idol_0c19be81-d3e3-4383-b5d4-0a94b290dba9,斑鳩ルカ,S,SSR,unit_8,コメティック,2023-06-09,permanent_gacha,[],unknown,,https://wikiwiki.jp/shinycolors/%E3%80%90Splinter%E3%80%91%E6%96%91%E9%B3%A9%E3%83%AB%E3%82%AB,observed,base,wiki_only,shinycolors_enza,46579ee1-1602-473e-b57e-29d40fa34bf9,46579ee1-1602-473e-b57e-29d40fa34bf9,2026-10-06T16:29:53+00:00,"[""W03""]","[""series_status"",""collab_work""]"
v1-93a6a8b8d40e754a,1.0,2026-10-08T02:45:18+00:00,【夕・音・鳴・鳴】,idol_e579db5c-0930-4984-aa40-ebe5a00e8a4f,幽谷霧子,P,SSR,unit_2,アンティーカ,2019-04-19,permanent_gacha,[],unknown,,https://wikiwiki.jp/shinycolors/%E3%80%90%E5%A4%95%E3%83%BB%E9%9F%B3%E3%83%BB%E9%B3%B4%E3%83%BB%E9%B3%B4%E3%80%91%E5%B9%BD%E8%B0%B7%E9%9C%A7%E5%AD%90,observed,base,wiki_only,shinycolors_enza,4658c306-876f-46e0-a9ee-820208f96360,4658c306-876f-46e0-a9ee-820208f96360,2026-10-06T16:29:53+00:00,"[""W02""]","[""series_status"",""collab_work""]"
v1-93a6a8b8d40e754a,1.0,2026-10-08T02:45:18+00:00,【WING COLLECTION】,idol_1,櫻木真乃,S,SR,unit_1,イルミネーションスターズ,2023-01-18,other_bonus,[],unknown,,https://wikiwiki.jp/shinycolors/%E3%80%90WING%20COLLECTION%E3%80%91%E6%AB%BB%E6%9C%A8%E7%9C%9F%E4%B9%83,observed,base,wiki_only,shinycolors_enza,46a5eeb4-edcd-49f7-b53e-958be5b16443,46a5eeb4-edcd-49f7-b53e-958be5b16443,2026-10-06T16:33:42+00:00,"[""W03""]","[""series_status"",""collab_work""]"
v1-93a6a8b8d40e754a,1.0,2026-10-08T02:45:18+00:00,【游魚】,idol_2,樋口円香,S,SSR,unit_6,ノクチル,2020-06-30,event_reward,[],unknown,,https://wikiwiki.jp/shinycolors/%E3%80%90%E6%B8%B8%E9%AD%9A%E3%80%91%E6%A8%8B%E5%8F%A3%E5%86%86%E9%A6%99,observed,base,wiki_only,shinycolors_enza,46ec2015-3d13-4a01-9322-01ab6d889df6,46ec2015-3d13-4a01-9322-01ab6d889df6,2026-10-06T16:29:53+00:00,"[""W03""]","[""series_status"",""collab_work""]"
v1-93a6a8b8d40e754a,1.0,2026-10-08T02:45:18+00:00,【窓・送・巡・歌】,idol_e579db5c-0930-4984-aa40-ebe5a00e8a4f,幽谷霧子,P,SSR,unit_2,アンティーカ,2023-09-11,permanent_gacha,[],unknown,,https://wikiwiki.jp/shinycolors/%E3%80%90%E7%AA%93%E3%83%BB%E9%80%81%E3%83%BB%E5%B7%A1%E3%83%BB%E6%AD%8C%E3%80%91%E5%B9%BD%E8%B0%B7%E9%9C%A7%E5%AD%90,observed,base,wiki_only,shinycolors_enza,47300c66-4d91-4107-9933-f3f981af5b8a,47300c66-4d91-4107-9933-f3f981af5b8a,2026-10-06T16:29:53+00:00,"[""W02""]","[""series_status"",""collab_work""]"
v1-93a6a8b8d40e754a,1.0,2026-10-08T02:45:18+00:00,【白いツバサ】,idol_92b8326c-72f5-4a2e-8581-7110738045f3,有栖川夏葉,P,R,unit_3,放課後クライマックスガールズ,2018-04-24,permanent_gacha,[],unknown,,https://wikiwiki.jp/shinycolors/%E3%80%90%E7%99%BD%E3%81%84%E3%83%84%E3%83%90%E3%82%B5%E3%80%91%E6%9C%89%E6%A0%96%E5%B7%9D%E5%A4%8F%E8%91%89,observed,base,wiki_only,shinycolors_enza,47785b6e-6cb4-498b-90a9-9341dda69a20,47785b6e-6cb4-498b-90a9-9341dda69a20,2026-10-06T16:29:53+00:00,"[""W02""]","[""series_status"",""collab_work""]"
v1-93a6a8b8d40e754a,1.0,2026-10-08T02:45:18+00:00,【ケーキブレイク】,idol_a1ecc291-124c-4aaa-8346-467a4386234b,七草はづき,S,SSR,,,2024-12-11,limited_gacha,[],unknown,,https://wikiwiki.jp/shinycolors/%E3%80%90%E3%82%B1%E3%83%BC%E3%82%AD%E3%83%96%E3%83%AC%E3%82%A4%E3%82%AF%E3%80%91%E4%B8%83%E8%8D%89%E3%81%AF%E3%81%A5%E3%81%8D,observed,base,wiki_only,shinycolors_enza,47e83845-f7f8-47ec-94a9-5673cc1defc1,47e83845-f7f8-47ec-94a9-5673cc1defc1,2026-10-06T16:29:53+00:00,"[""W03""]","[""unit_id"",""unit_name"",""series_status"",""collab_work""]"
v1-93a6a8b8d40e754a,1.0,2026-10-08T02:45:18+00:00,【問いかけと、答えは。】,idol_3,浅倉透,S,SR,unit_6,ノクチル,2024-11-09,gacha_bonus,[],unknown,,https://wikiwiki.jp/shinycolors/%E3%80%90%E5%95%8F%E3%81%84%E3%81%8B%E3%81%91%E3%81%A8%E3%80%81%E7%AD%94%E3%81%88%E3%81%AF%E3%80%82%E3%80%91%E6%B5%85%E5%80%89%E9%80%8F,observed,base,wiki_only,shinycolors_enza,481f5f47-5c5b-4c76-b6f7-f3eff759fdca,481f5f47-5c5b-4c76-b6f7-f3eff759fdca,2026-10-06T16:29:54+00:00,"[""W03""]","[""series_status"",""collab_work""]"
v1-93a6a8b8d40e754a,1.0,2026-10-08T02:45:18+00:00,【冬の隙間】,idol_ef328a51-2928-4d2d-a44f-5e3b92d305cf,白瀬咲耶,S,SSR,unit_2,アンティーカ,2022-12-09,event_reward,[],unknown,,https://wikiwiki.jp/shinycolors/%E3%80%90%E5%86%AC%E3%81%AE%E9%9A%99%E9%96%93%E3%80%91%E7%99%BD%E7%80%AC%E5%92%B2%E8%80%B6,observed,base,wiki_only,shinycolors_enza,482130b4-2fea-4eaf-952f-8d1b66242b6f,482130b4-2fea-4eaf-952f-8d1b66242b6f,2026-10-06T16:29:53+00:00,"[""W03""]","[""series_status"",""collab_work""]"
v1-93a6a8b8d40e754a,1.0,2026-10-08T02:45:18+00:00,【夕つ方まみみチック】,idol_6,田中摩美々,P,SR,unit_2,アンティーカ,2018-06-20,event_reward,[],unknown,,https://wikiwiki.jp/shinycolors/%E3%80%90%E5%A4%95%E3%81%A4%E6%96%B9%E3%81%BE%E3%81%BF%E3%81%BF%E3%83%81%E3%83%83%E3%82%AF%E3%80%91%E7%94%B0%E4%B8%AD%E6%91%A9%E7%BE%8E%E3%80%85,observed,base,wiki_only,shinycolors_enza,4830e2aa-5911-4a91-8cbb-2a8c356619ec,4830e2aa-5911-4a91-8cbb-2a8c356619ec,2026-10-06T16:29:53+00:00,"[""W02""]","[""series_status"",""collab_work""]"
v1-93a6a8b8d40e754a,1.0,2026-10-08T02:45:18+00:00,【シー・イズ】,idol_ef328a51-2928-4d2d-a44f-5e3b92d305cf,白瀬咲耶,S,SSR,unit_2,アンティーカ,2020-08-11,limited_gacha,[],unknown,,https://wikiwiki.jp/shinycolors/%E3%80%90%E3%82%B7%E3%83%BC%E3%83%BB%E3%82%A4%E3%82%BA%E3%80%91%E7%99%BD%E7%80%AC%E5%92%B2%E8%80%B6,observed,base,wiki_only,shinycolors_enza,4890451f-b9d8-4f7a-9db0-334a430f6da4,4890451f-b9d8-4f7a-9db0-334a430f6da4,2026-10-06T16:29:53+00:00,"[""W03""]","[""series_status"",""collab_work""]"
v1-93a6a8b8d40e754a,1.0,2026-10-08T02:45:18+00:00,【TRICK☆☆☆】,idol_72d6d5b6-dc2b-4e7c-90be-eb4770ba589b,市川雛菜,P,SSR,unit_6,ノクチル,2021-09-30,limited_gacha,[],unknown,,https://wikiwiki.jp/shinycolors/%E3%80%90TRICK%E2%98%86%E2%98%86%E2%98%86%E3%80%91%E5%B8%82%E5%B7%9D%E9%9B%9B%E8%8F%9C,observed,base,wiki_only,shinycolors_enza,4895960d-bfe0-4e38-8779-77a1f71d40e7,4895960d-bfe0-4e38-8779-77a1f71d40e7,2026-10-06T16:29:53+00:00,"[""W02""]","[""series_status"",""collab_work""]"
v1-93a6a8b8d40e754a,1.0,2026-10-08T02:45:18+00:00,【1/60・NaturalHeart】,idol_ef328a51-2928-4d2d-a44f-5e3b92d305cf,白瀬咲耶,P,SSR,unit_2,アンティーカ,2019-02-28,limited_gacha,[],unknown,,https://wikiwiki.jp/shinycolors/%E3%80%901%EF%BC%8F60%E3%83%BBNaturalHeart%E3%80%91%E7%99%BD%E7%80%AC%E5%92%B2%E8%80%B6,observed,base,wiki_only,shinycolors_enza,48e12199-d102-4a67-8d1a-0ed9891bb604,48e12199-d102-4a67-8d1a-0ed9891bb604,2026-10-06T16:29:53+00:00,"[""W02""]","[""series_status"",""collab_work""]"
v1-93a6a8b8d40e754a,1.0,2026-10-08T02:45:18+00:00,【飛んでく先を決めるのは】,idol_786e9b98-d1e4-4419-a69a-3281d07dd4fb,和泉愛依,S,SR,unit_5,ストレイライト,2024-10-05,campaign,[],unknown,,https://wikiwiki.jp/shinycolors/%E3%80%90%E9%A3%9B%E3%82%93%E3%81%A7%E3%81%8F%E5%85%88%E3%82%92%E6%B1%BA%E3%82%81%E3%82%8B%E3%81%AE%E3%81%AF%E3%80%91%E5%92%8C%E6%B3%89%E6%84%9B%E4%BE%9D,observed,base,wiki_only,shinycolors_enza,49188c3a-5fcc-4def-865e-1e1b735c843b,49188c3a-5fcc-4def-865e-1e1b735c843b,2026-10-06T16:29:54+00:00,"[""W03""]","[""series_status"",""collab_work""]"
v1-93a6a8b8d40e754a,1.0,2026-10-08T02:45:18+00:00,【Cherry Jelly】,idol_8c18b422-295c-4259-9e14-413685deb7f8,大崎甘奈,S,SSR,unit_4,アルストロメリア,2020-03-19,permanent_gacha,[],unknown,,https://wikiwiki.jp/shinycolors/%E3%80%90Cherry%20Jelly%E3%80%91%E5%A4%A7%E5%B4%8E%E7%94%98%E5%A5%88,observed,base,wiki_only,shinycolors_enza,4930277e-2172-457c-9d49-7230747d21a2,4930277e-2172-457c-9d49-7230747d21a2,2026-10-06T16:29:53+00:00,"[""W03""]","[""series_status"",""collab_work""]"
v1-93a6a8b8d40e754a,1.0,2026-10-08T02:45:18+00:00,【イル。まどろみとほほえみの。】,idol_e579db5c-0930-4984-aa40-ebe5a00e8a4f,幽谷霧子,S,SSR,unit_2,アンティーカ,2026-04-02,exchange,[],unknown,,https://wikiwiki.jp/shinycolors/%E3%80%90%E3%82%A4%E3%83%AB%E3%80%82%E3%81%BE%E3%81%A9%E3%82%8D%E3%81%BF%E3%81%A8%E3%81%BB%E3%81%BB%E3%81%88%E3%81%BF%E3%81%AE%E3%80%82%E3%80%91%E5%B9%BD%E8%B0%B7%E9%9C%A7%E5%AD%90,observed,base,wiki_only,shinycolors_enza,493bab09-1c24-4b52-9fed-15b6abafa098,493bab09-1c24-4b52-9fed-15b6abafa098,2026-10-06T16:29:53+00:00,"[""W03""]","[""series_status"",""collab_work""]"
v1-93a6a8b8d40e754a,1.0,2026-10-08T02:45:18+00:00,【ワーキングスナップ～デート】,idol_8c18b422-295c-4259-9e14-413685deb7f8,大崎甘奈,S,SSR,unit_4,アルストロメリア,2024-12-24,limited_gacha,[],unknown,,https://wikiwiki.jp/shinycolors/%E3%80%90%E3%83%AF%E3%83%BC%E3%82%AD%E3%83%B3%E3%82%B0%E3%82%B9%E3%83%8A%E3%83%83%E3%83%97%EF%BD%9E%E3%83%87%E3%83%BC%E3%83%88%E3%80%91%E5%A4%A7%E5%B4%8E%E7%94%98%E5%A5%88,observed,base,wiki_only,shinycolors_enza,4973a6f5-5cf0-4ca3-80c7-de97a53f427a,4973a6f5-5cf0-4ca3-80c7-de97a53f427a,2026-10-06T16:29:53+00:00,"[""W03""]","[""series_status"",""collab_work""]"
v1-93a6a8b8d40e754a,1.0,2026-10-08T02:45:18+00:00,【×トリック／〇＿＿＿＿】,idol_a2f858c3-da6e-4d6f-b777-5367a2671399,黛冬優子,S,SSR,unit_5,ストレイライト,2021-02-28,limited_gacha,[],unknown,,https://wikiwiki.jp/shinycolors/%E3%80%90%C3%97%E3%83%88%E3%83%AA%E3%83%83%E3%82%AF%EF%BC%8F%E3%80%87%EF%BC%BF%EF%BC%BF%EF%BC%BF%EF%BC%BF%E3%80%91%E9%BB%9B%E5%86%AC%E5%84%AA%E5%AD%90,observed,base,wiki_only,shinycolors_enza,49867c04-ea15-4cd5-8f14-b0ba98041c58,49867c04-ea15-4cd5-8f14-b0ba98041c58,2026-10-06T16:29:53+00:00,"[""W03""]","[""series_status"",""collab_work""]"
v1-93a6a8b8d40e754a,1.0,2026-10-08T02:45:18+00:00,【奇・綺・甘・甘】,idol_e579db5c-0930-4984-aa40-ebe5a00e8a4f,幽谷霧子,S,SSR,unit_2,アンティーカ,2020-02-12,permanent_gacha,[],unknown,,https://wikiwiki.jp/shinycolors/%E3%80%90%E5%A5%87%E3%83%BB%E7%B6%BA%E3%83%BB%E7%94%98%E3%83%BB%E7%94%98%E3%80%91%E5%B9%BD%E8%B0%B7%E9%9C%A7%E5%AD%90,observed,base,wiki_only,shinycolors_enza,49f16d91-647e-43b1-b0d4-c750b98cfdac,49f16d91-647e-43b1-b0d4-c750b98cfdac,2026-10-06T16:29:53+00:00,"[""W03""]","[""series_status"",""collab_work""]"
v1-93a6a8b8d40e754a,1.0,2026-10-08T02:45:18+00:00,【お手をどうぞ】,idol_1,櫻木真乃,S,SSR,unit_1,イルミネーションスターズ,2024-03-11,limited_gacha,[],unknown,,https://wikiwiki.jp/shinycolors/%E3%80%90%E3%81%8A%E6%89%8B%E3%82%92%E3%81%A9%E3%81%86%E3%81%9E%E3%80%91%E6%AB%BB%E6%9C%A8%E7%9C%9F%E4%B9%83,observed,base,wiki_only,shinycolors_enza,49f66636-536c-4f95-b9ed-b6d56014815f,49f66636-536c-4f95-b9ed-b6d56014815f,2026-10-06T16:29:53+00:00,"[""W03""]","[""series_status"",""collab_work""]"
v1-93a6a8b8d40e754a,1.0,2026-10-08T02:45:18+00:00,【よーいドン、の前に】,idol_b1cc8f6f-feab-4add-b5d9-d8777add7f60,大崎甜花,S,SSR,unit_4,アルストロメリア,2026-02-14,gacha_bonus,[],unknown,,https://wikiwiki.jp/shinycolors/%E3%80%90%E3%82%88%E3%83%BC%E3%81%84%E3%83%89%E3%83%B3%E3%80%81%E3%81%AE%E5%89%8D%E3%81%AB%E3%80%91%E5%A4%A7%E5%B4%8E%E7%94%9C%E8%8A%B1,observed,base,wiki_only,shinycolors_enza,4a286351-464d-4e9d-9b30-50d982dcc8d0,4a286351-464d-4e9d-9b30-50d982dcc8d0,2026-10-06T16:29:53+00:00,"[""W03""]","[""series_status"",""collab_work""]"
v1-93a6a8b8d40e754a,1.0,2026-10-08T02:45:18+00:00,【きせき、辿って】,idol_f0b34f52-342b-4fdd-8231-816605449447,郁田はるき,S,SSR,unit_8,コメティック,2025-12-17,event_reward,[],unknown,,https://wikiwiki.jp/shinycolors/%E3%80%90%E3%81%8D%E3%81%9B%E3%81%8D%E3%80%81%E8%BE%BF%E3%81%A3%E3%81%A6%E3%80%91%E9%83%81%E7%94%B0%E3%81%AF%E3%82%8B%E3%81%8D,observed,base,wiki_only,shinycolors_enza,4a445404-16de-4c03-9567-b81e7e0a1f34,4a445404-16de-4c03-9567-b81e7e0a1f34,2026-10-06T16:29:53+00:00,"[""W03""]","[""series_status"",""collab_work""]"
v1-93a6a8b8d40e754a,1.0,2026-10-08T02:45:18+00:00,【スタァライトショウタイム】,idol_d4177c5c-4600-4381-b5da-758f87fc23d7,八宮めぐる,S,SSR,unit_1,イルミネーションスターズ,2018-05-10,permanent_gacha,[],unknown,,https://wikiwiki.jp/shinycolors/%E3%80%90%E3%82%B9%E3%82%BF%E3%82%A1%E3%83%A9%E3%82%A4%E3%83%88%E3%82%B7%E3%83%A7%E3%82%A6%E3%82%BF%E3%82%A4%E3%83%A0%E3%80%91%E5%85%AB%E5%AE%AE%E3%82%81%E3%81%90%E3%82%8B,observed,base,wiki_only,shinycolors_enza,4aa093b8-b3cd-48eb-9f68-e2fe789c37b1,4aa093b8-b3cd-48eb-9f68-e2fe789c37b1,2026-10-06T16:29:53+00:00,"[""W03""]","[""series_status"",""collab_work""]"
v1-93a6a8b8d40e754a,1.0,2026-10-08T02:45:18+00:00,【ふわもこ注意報！】,idol_e5ce74fd-2caf-4c1d-a696-0b1f17f7a53e,福丸小糸,S,SSR,unit_6,ノクチル,2025-10-30,exchange,[],unknown,,https://wikiwiki.jp/shinycolors/%E3%80%90%E3%81%B5%E3%82%8F%E3%82%82%E3%81%93%E6%B3%A8%E6%84%8F%E5%A0%B1%EF%BC%81%E3%80%91%E7%A6%8F%E4%B8%B8%E5%B0%8F%E7%B3%B8,observed,base,wiki_only,shinycolors_enza,4aa1c3f8-96fa-436b-8a69-7f765f6ba4c0,4aa1c3f8-96fa-436b-8a69-7f765f6ba4c0,2026-10-06T16:29:53+00:00,"[""W03""]","[""series_status"",""collab_work""]"
v1-93a6a8b8d40e754a,1.0,2026-10-08T02:45:18+00:00,【EYE LEVEL】,idol_6874153a-a7f6-426a-98f0-815f121eeca4,緋田美琴,S,SR,unit_7,シーズ,2026-09-16,event_reward,[],unknown,,https://wikiwiki.jp/shinycolors/%E3%80%90EYE%20LEVEL%E3%80%91%E7%B7%8B%E7%94%B0%E7%BE%8E%E7%90%B4,observed,base,wiki_only,shinycolors_enza,4ace4cd6-33bd-4e49-82f7-8b6effb1a94f,4ace4cd6-33bd-4e49-82f7-8b6effb1a94f,2026-10-06T16:29:53+00:00,"[""W03""]","[""series_status"",""collab_work""]"
v1-93a6a8b8d40e754a,1.0,2026-10-08T02:45:18+00:00,【メイドインナツハ】,idol_92b8326c-72f5-4a2e-8581-7110738045f3,有栖川夏葉,P,SSR,unit_3,放課後クライマックスガールズ,2019-02-18,permanent_gacha,[],unknown,,https://wikiwiki.jp/shinycolors/%E3%80%90%E3%83%A1%E3%82%A4%E3%83%89%E3%82%A4%E3%83%B3%E3%83%8A%E3%83%84%E3%83%8F%E3%80%91%E6%9C%89%E6%A0%96%E5%B7%9D%E5%A4%8F%E8%91%89,observed,base,wiki_only,shinycolors_enza,4ad40963-7750-4150-aa5e-4105c84c891d,4ad40963-7750-4150-aa5e-4105c84c891d,2026-10-06T16:29:53+00:00,"[""W02""]","[""series_status"",""collab_work""]"
v1-93a6a8b8d40e754a,1.0,2026-10-08T02:45:18+00:00,【Summer for Us】,idol_b1cc8f6f-feab-4add-b5d9-d8777add7f60,大崎甜花,S,SR,unit_4,アルストロメリア,2020-08-21,collaboration_gacha,[],unknown,,https://wikiwiki.jp/shinycolors/%E3%80%90Summer%20for%20Us%E3%80%91%E5%A4%A7%E5%B4%8E%E7%94%9C%E8%8A%B1,observed,base,wiki_only,shinycolors_enza,4ae54698-784f-4e91-89aa-bf1a65ed2738,4ae54698-784f-4e91-89aa-bf1a65ed2738,2026-10-06T16:29:53+00:00,"[""W03""]","[""series_status"",""collab_work""]"
v1-93a6a8b8d40e754a,1.0,2026-10-08T02:45:18+00:00,【陽の光、透かせば】,idol_813a7356-e821-43e7-b25f-c104ca28870d,西城樹里,P,SSR,unit_3,放課後クライマックスガールズ,2023-03-03,collection_gacha,"[""mysongs""]",known,,https://wikiwiki.jp/shinycolors/%E3%80%90%E9%99%BD%E3%81%AE%E5%85%89%E3%80%81%E9%80%8F%E3%81%8B%E3%81%9B%E3%81%B0%E3%80%91%E8%A5%BF%E5%9F%8E%E6%A8%B9%E9%87%8C,observed,base,wiki_only,shinycolors_enza,4b26db76-5b71-41e0-af2b-0e103ede4600,4b26db76-5b71-41e0-af2b-0e103ede4600,2026-10-06T16:29:53+00:00,"[""W02""]","[""collab_work""]"
v1-93a6a8b8d40e754a,1.0,2026-10-08T02:45:18+00:00,【かくりよの少女】,idol_3c398182-7760-439e-8c77-3c09d173aa4c,芹沢あさひ,S,SSR,unit_5,ストレイライト,2026-03-09,limited_gacha,[],unknown,,https://wikiwiki.jp/shinycolors/%E3%80%90%E3%81%8B%E3%81%8F%E3%82%8A%E3%82%88%E3%81%AE%E5%B0%91%E5%A5%B3%E3%80%91%E8%8A%B9%E6%B2%A2%E3%81%82%E3%81%95%E3%81%B2,observed,base,wiki_only,shinycolors_enza,4b27dcba-5a0a-46e0-ad96-7ba2e0e9f4fa,4b27dcba-5a0a-46e0-ad96-7ba2e0e9f4fa,2026-10-06T16:29:53+00:00,"[""W03""]","[""series_status"",""collab_work""]"
v1-93a6a8b8d40e754a,1.0,2026-10-08T02:45:18+00:00,【輝きを支える】,idol_a1ecc291-124c-4aaa-8346-467a4386234b,七草はづき,S,SSR,,,2024-12-21,limited_gacha,[],unknown,,https://wikiwiki.jp/shinycolors/%E3%80%90%E8%BC%9D%E3%81%8D%E3%82%92%E6%94%AF%E3%81%88%E3%82%8B%E3%80%91%E4%B8%83%E8%8D%89%E3%81%AF%E3%81%A5%E3%81%8D,observed,base,wiki_only,shinycolors_enza,4b3b7a17-3390-49aa-ab99-fe3a0d96b110,4b3b7a17-3390-49aa-ab99-fe3a0d96b110,2026-10-06T16:29:53+00:00,"[""W03""]","[""unit_id"",""unit_name"",""series_status"",""collab_work""]"
v1-93a6a8b8d40e754a,1.0,2026-10-08T02:45:18+00:00,【はじめましてラストダンス】,idol_7,園田智代子,P,SSR,unit_3,放課後クライマックスガールズ,2024-08-19,collection_gacha,"[""twilights""]",known,,https://wikiwiki.jp/shinycolors/%E3%80%90%E3%81%AF%E3%81%98%E3%82%81%E3%81%BE%E3%81%97%E3%81%A6%E3%83%A9%E3%82%B9%E3%83%88%E3%83%80%E3%83%B3%E3%82%B9%E3%80%91%E5%9C%92%E7%94%B0%E6%99%BA%E4%BB%A3%E5%AD%90,observed,base,wiki_only,shinycolors_enza,4b5ad2a8-72f1-440b-897b-a9011864560e,4b5ad2a8-72f1-440b-897b-a9011864560e,2026-10-06T16:29:53+00:00,"[""W02""]","[""collab_work""]"
v1-93a6a8b8d40e754a,1.0,2026-10-08T02:45:18+00:00,【∞th LIVE iと夢】,idol_3c398182-7760-439e-8c77-3c09d173aa4c,芹沢あさひ,S,SSR,unit_5,ストレイライト,2026-04-24,campaign,[],unknown,,https://wikiwiki.jp/shinycolors/%E3%80%90%E2%88%9Eth%20LIVE%20i%E3%81%A8%E5%A4%A2%E3%80%91%E8%8A%B9%E6%B2%A2%E3%81%82%E3%81%95%E3%81%B2,observed,base,wiki_only,shinycolors_enza,4b6cf73e-1e57-47ff-8a12-1090e8b0428f,4b6cf73e-1e57-47ff-8a12-1090e8b0428f,2026-10-06T16:29:53+00:00,"[""W03""]","[""series_status"",""collab_work""]"
v1-93a6a8b8d40e754a,1.0,2026-10-08T02:45:18+00:00,【バースデーハプニング】,idol_e91e6363-2dc9-42c1-bbf1-a759e797c2d1,月岡恋鐘,S,SSR,unit_2,アンティーカ,2026-02-25,limited_gacha,"[""birthday""]",known,,https://wikiwiki.jp/shinycolors/%E3%80%90%E3%83%90%E3%83%BC%E3%82%B9%E3%83%87%E3%83%BC%E3%83%8F%E3%83%97%E3%83%8B%E3%83%B3%E3%82%B0%E3%80%91%E6%9C%88%E5%B2%A1%E6%81%8B%E9%90%98,observed,base,wiki_only,shinycolors_enza,4bc92a19-6eb1-4839-8390-9ffd4e63309b,4bc92a19-6eb1-4839-8390-9ffd4e63309b,2026-10-06T16:29:53+00:00,"[""W03""]","[""collab_work""]"
v1-93a6a8b8d40e754a,1.0,2026-10-08T02:45:18+00:00,【SMASH】,idol_0c19be81-d3e3-4383-b5d4-0a94b290dba9,斑鳩ルカ,P,SSR,unit_8,コメティック,2024-06-29,limited_gacha,[],unknown,,https://wikiwiki.jp/shinycolors/%E3%80%90SMASH%E3%80%91%E6%96%91%E9%B3%A9%E3%83%AB%E3%82%AB,observed,base,wiki_only,shinycolors_enza,4bdd23cc-bd2f-4736-a863-b67f785a595b,4bdd23cc-bd2f-4736-a863-b67f785a595b,2026-10-06T16:29:53+00:00,"[""W02""]","[""series_status"",""collab_work""]"
v1-93a6a8b8d40e754a,1.0,2026-10-08T02:45:18+00:00,【秘めやかファンサービス】,idol_ef328a51-2928-4d2d-a44f-5e3b92d305cf,白瀬咲耶,P,SR,unit_2,アンティーカ,2018-04-24,permanent_gacha,[],unknown,,https://wikiwiki.jp/shinycolors/%E3%80%90%E7%A7%98%E3%82%81%E3%82%84%E3%81%8B%E3%83%95%E3%82%A1%E3%83%B3%E3%82%B5%E3%83%BC%E3%83%93%E3%82%B9%E3%80%91%E7%99%BD%E7%80%AC%E5%92%B2%E8%80%B6,observed,base,wiki_only,shinycolors_enza,4bec9536-6c71-4499-882f-ff24ab480784,4bec9536-6c71-4499-882f-ff24ab480784,2026-10-06T16:29:53+00:00,"[""W02""]","[""series_status"",""collab_work""]"
v1-93a6a8b8d40e754a,1.0,2026-10-08T02:45:18+00:00,【オイサラバエル】,idol_2,樋口円香,P,SSR,unit_6,ノクチル,2022-03-10,permanent_gacha,[],unknown,,https://wikiwiki.jp/shinycolors/%E3%80%90%E3%82%AA%E3%82%A4%E3%82%B5%E3%83%A9%E3%83%90%E3%82%A8%E3%83%AB%E3%80%91%E6%A8%8B%E5%8F%A3%E5%86%86%E9%A6%99,observed,base,wiki_only,shinycolors_enza,4c1cc53c-c479-4509-a24d-4a0ceac5f850,4c1cc53c-c479-4509-a24d-4a0ceac5f850,2026-10-06T16:29:53+00:00,"[""W02""]","[""series_status"",""collab_work""]"
v1-93a6a8b8d40e754a,1.0,2026-10-08T02:45:18+00:00,【mem∞ry】,idol_81093365-1df1-4e6c-a252-27625c47ab96,三峰結華,S,SSR,unit_2,アンティーカ,2026-06-29,event_reward,[],unknown,,https://wikiwiki.jp/shinycolors/%E3%80%90mem%E2%88%9Ery%E3%80%91%E4%B8%89%E5%B3%B0%E7%B5%90%E8%8F%AF,observed,base,wiki_only,shinycolors_enza,4c321f5a-74fd-4747-8ead-a5169bb7bcd6,4c321f5a-74fd-4747-8ead-a5169bb7bcd6,2026-10-06T16:29:53+00:00,"[""W03""]","[""series_status"",""collab_work""]"
v1-93a6a8b8d40e754a,1.0,2026-10-08T02:45:18+00:00,【清閑に息をひそめて】,idol_0e2d3420-7295-4510-929d-01bf8378e12a,風野灯織,P,SSR,unit_1,イルミネーションスターズ,2020-01-20,permanent_gacha,[],unknown,,https://wikiwiki.jp/shinycolors/%E3%80%90%E6%B8%85%E9%96%91%E3%81%AB%E6%81%AF%E3%82%92%E3%81%B2%E3%81%9D%E3%82%81%E3%81%A6%E3%80%91%E9%A2%A8%E9%87%8E%E7%81%AF%E7%B9%94,observed,base,wiki_only,shinycolors_enza,4c3b1aee-6e5d-4a41-9179-0423aae4c508,4c3b1aee-6e5d-4a41-9179-0423aae4c508,2026-10-06T16:29:53+00:00,"[""W02""]","[""series_status"",""collab_work""]"
v1-93a6a8b8d40e754a,1.0,2026-10-08T02:45:18+00:00,【誰が為シンパシー】,idol_813a7356-e821-43e7-b25f-c104ca28870d,西城樹里,P,SSR,unit_3,放課後クライマックスガールズ,2020-01-10,limited_gacha,[],unknown,,https://wikiwiki.jp/shinycolors/%E3%80%90%E8%AA%B0%E3%81%8C%E7%82%BA%E3%82%B7%E3%83%B3%E3%83%91%E3%82%B7%E3%83%BC%E3%80%91%E8%A5%BF%E5%9F%8E%E6%A8%B9%E9%87%8C,observed,base,wiki_only,shinycolors_enza,4cbe5dd7-7fd1-48d3-b7e2-c34fc9f9136e,4cbe5dd7-7fd1-48d3-b7e2-c34fc9f9136e,2026-10-06T16:29:53+00:00,"[""W02""]","[""series_status"",""collab_work""]"
v1-93a6a8b8d40e754a,1.0,2026-10-08T02:45:18+00:00,【廻・廻・娩・淘】,idol_e579db5c-0930-4984-aa40-ebe5a00e8a4f,幽谷霧子,S,SSR,unit_2,アンティーカ,2023-10-30,permanent_gacha,"[""vote_selection""]",known,,https://wikiwiki.jp/shinycolors/%E3%80%90%E5%BB%BB%E3%83%BB%E5%BB%BB%E3%83%BB%E5%A8%A9%E3%83%BB%E6%B7%98%E3%80%91%E5%B9%BD%E8%B0%B7%E9%9C%A7%E5%AD%90,observed,base,wiki_only,shinycolors_enza,4ce5ace6-d26a-4729-bb02-da2f5fbf6577,4ce5ace6-d26a-4729-bb02-da2f5fbf6577,2026-10-07T00:59:08+00:00,"[""W03""]","[""collab_work""]"
v1-93a6a8b8d40e754a,1.0,2026-10-08T02:45:18+00:00,【門出を飾る】,idol_d4177c5c-4600-4381-b5da-758f87fc23d7,八宮めぐる,S,SSR,unit_1,イルミネーションスターズ,2026-04-02,collection_gacha,"[""twilights""]",known,,https://wikiwiki.jp/shinycolors/%E3%80%90%E9%96%80%E5%87%BA%E3%82%92%E9%A3%BE%E3%82%8B%E3%80%91%E5%85%AB%E5%AE%AE%E3%82%81%E3%81%90%E3%82%8B,observed,base,wiki_only,shinycolors_enza,4cf2c77b-ee18-4925-81a2-c0907265078e,4cf2c77b-ee18-4925-81a2-c0907265078e,2026-10-06T16:29:53+00:00,"[""W03""]","[""collab_work""]"
v1-93a6a8b8d40e754a,1.0,2026-10-08T02:45:18+00:00,【お揃いスナップ】,idol_1,櫻木真乃,S,SSR,unit_1,イルミネーションスターズ,2018-06-30,permanent_gacha,[],unknown,,https://wikiwiki.jp/shinycolors/%E3%80%90%E3%81%8A%E6%8F%83%E3%81%84%E3%82%B9%E3%83%8A%E3%83%83%E3%83%97%E3%80%91%E6%AB%BB%E6%9C%A8%E7%9C%9F%E4%B9%83,observed,base,wiki_only,shinycolors_enza,4d0e1407-b1b9-4038-8bea-bc05a90ee4db,4d0e1407-b1b9-4038-8bea-bc05a90ee4db,2026-10-06T16:29:53+00:00,"[""W03""]","[""series_status"",""collab_work""]"
v1-93a6a8b8d40e754a,1.0,2026-10-08T02:45:18+00:00,【サマーアイドル2020】,idol_b1cc8f6f-feab-4add-b5d9-d8777add7f60,大崎甜花,S,SR,unit_4,アルストロメリア,2025-07-30,gacha_bonus,[],unknown,,,not_found,base,wiki_only,shinycolors_enza,4d2bbe97-41cf-4e9d-8412-f87bcb799c20,4d2bbe97-41cf-4e9d-8412-f87bcb799c20,2026-10-06T16:29:53+00:00,"[""W03""]","[""series_status"",""collab_work"",""wiki_url""]"
v1-93a6a8b8d40e754a,1.0,2026-10-08T02:45:18+00:00,【'25Pカップランクイン】,idol_3c398182-7760-439e-8c77-3c09d173aa4c,芹沢あさひ,S,SSR,unit_5,ストレイライト,2025-04-15,event_reward,[],unknown,,,not_found,base,wiki_only,shinycolors_enza,4d2c894d-ec1a-4dd8-9dd4-2280854cb81c,4d2c894d-ec1a-4dd8-9dd4-2280854cb81c,2026-10-06T16:29:53+00:00,"[""W03""]","[""series_status"",""collab_work"",""wiki_url""]"
v1-93a6a8b8d40e754a,1.0,2026-10-08T02:45:18+00:00,【２８３ファミリー】,idol_786e9b98-d1e4-4419-a69a-3281d07dd4fb,和泉愛依,S,SSR,unit_5,ストレイライト,2026-04-29,exchange,[],unknown,,https://wikiwiki.jp/shinycolors/%E3%80%90%EF%BC%92%EF%BC%98%EF%BC%93%E3%83%95%E3%82%A1%E3%83%9F%E3%83%AA%E3%83%BC%E3%80%91%E5%92%8C%E6%B3%89%E6%84%9B%E4%BE%9D,observed,base,wiki_only,shinycolors_enza,4d32a09d-85a9-45f6-81d2-3227167a846b,4d32a09d-85a9-45f6-81d2-3227167a846b,2026-10-06T16:29:53+00:00,"[""W03""]","[""series_status"",""collab_work""]"
v1-93a6a8b8d40e754a,1.0,2026-10-08T02:45:18+00:00,【プレゼント大作戦3】,idol_7,園田智代子,S,SR,unit_3,放課後クライマックスガールズ,2024-09-20,other_bonus,[],unknown,,https://wikiwiki.jp/shinycolors/%E3%80%90%E3%83%97%E3%83%AC%E3%82%BC%E3%83%B3%E3%83%88%E5%A4%A7%E4%BD%9C%E6%88%A63%E3%80%91%E5%9C%92%E7%94%B0%E6%99%BA%E4%BB%A3%E5%AD%90,observed,base,wiki_only,shinycolors_enza,4d558d6f-de17-4d32-a789-fa11c04babde,4d558d6f-de17-4d32-a789-fa11c04babde,2026-10-06T16:33:42+00:00,"[""W03""]","[""series_status"",""collab_work""]"
v1-93a6a8b8d40e754a,1.0,2026-10-08T02:45:18+00:00,【よか匂いのする陽気やけん】,idol_e91e6363-2dc9-42c1-bbf1-a759e797c2d1,月岡恋鐘,P,SSR,unit_2,アンティーカ,2023-03-20,permanent_gacha,[],unknown,,https://wikiwiki.jp/shinycolors/%E3%80%90%E3%82%88%E3%81%8B%E5%8C%82%E3%81%84%E3%81%AE%E3%81%99%E3%82%8B%E9%99%BD%E6%B0%97%E3%82%84%E3%81%91%E3%82%93%E3%80%91%E6%9C%88%E5%B2%A1%E6%81%8B%E9%90%98,observed,base,wiki_only,shinycolors_enza,4d96666f-3f20-405b-beab-d5a330164ba0,4d96666f-3f20-405b-beab-d5a330164ba0,2026-10-06T16:29:53+00:00,"[""W02""]","[""series_status"",""collab_work""]"
v1-93a6a8b8d40e754a,1.0,2026-10-08T02:45:18+00:00,【※CAUTION※】,idol_0c19be81-d3e3-4383-b5d4-0a94b290dba9,斑鳩ルカ,S,SSR,unit_8,コメティック,2024-10-09,limited_gacha,[],unknown,,https://wikiwiki.jp/shinycolors/%E3%80%90%E2%80%BBCAUTION%E2%80%BB%E3%80%91%E6%96%91%E9%B3%A9%E3%83%AB%E3%82%AB,observed,base,wiki_only,shinycolors_enza,4dd9b4a7-8bc7-449b-a896-99dcba567242,4dd9b4a7-8bc7-449b-a896-99dcba567242,2026-10-06T16:29:53+00:00,"[""W03""]","[""series_status"",""collab_work""]"
v1-93a6a8b8d40e754a,1.0,2026-10-08T02:45:18+00:00,【アイドルロード】,idol_6,田中摩美々,P,SSR,unit_2,アンティーカ,,mission,[],unknown,,https://wikiwiki.jp/shinycolors/%E3%80%90%E7%99%BD%E3%81%84%E3%83%84%E3%83%90%E3%82%B5%E3%80%91%E7%94%B0%E4%B8%AD%E6%91%A9%E7%BE%8E%E3%80%85,observed,idol_road_ssr,wiki_only,shinycolors_enza,4e9a4d1d-aa39-414c-a7a9-4303bb7590a6,777f39bd-7f74-46a6-ac5a-4681a9c164ca,2026-10-06T16:29:54+00:00,"[""W08""]","[""first_implemented_on"",""series_status"",""collab_work""]"
v1-93a6a8b8d40e754a,1.0,2026-10-08T02:45:18+00:00,【I・OWE・U】,idol_813a7356-e821-43e7-b25f-c104ca28870d,西城樹里,P,SSR,unit_3,放課後クライマックスガールズ,2021-04-12,permanent_gacha,[],unknown,,https://wikiwiki.jp/shinycolors/%E3%80%90I%E3%83%BBOWE%E3%83%BBU%E3%80%91%E8%A5%BF%E5%9F%8E%E6%A8%B9%E9%87%8C,observed,base,wiki_only,shinycolors_enza,4ebcb66c-595a-4288-82b4-395bbdafc159,4ebcb66c-595a-4288-82b4-395bbdafc159,2026-10-06T16:29:53+00:00,"[""W02""]","[""series_status"",""collab_work""]"
v1-93a6a8b8d40e754a,1.0,2026-10-08T02:45:18+00:00,【白いツバサ】,idol_6874153a-a7f6-426a-98f0-815f121eeca4,緋田美琴,P,SR,unit_7,シーズ,,mission,[],unknown,,https://wikiwiki.jp/shinycolors/%E3%80%90%E7%99%BD%E3%81%84%E3%83%84%E3%83%90%E3%82%B5%E3%80%91%E7%B7%8B%E7%94%B0%E7%BE%8E%E7%90%B4,observed,idol_road_sr,wiki_only,shinycolors_enza,4eed8a6a-191d-4627-89ce-9178146b3f74,42f2335e-bd82-48d7-abd3-172c9749f368,2026-10-06T16:29:54+00:00,"[""W08""]","[""first_implemented_on"",""series_status"",""collab_work""]"
v1-93a6a8b8d40e754a,1.0,2026-10-08T02:45:18+00:00,【Grow to Glow】,idol_52544385-3ea1-42e6-bb47-faff2c6f9b4f,桑山千雪,S,SSR,unit_4,アルストロメリア,2026-08-28,limited_gacha,"[""axe8""]",known,,https://wikiwiki.jp/shinycolors/%E3%80%90Grow%20to%20Glow%E3%80%91%E6%A1%91%E5%B1%B1%E5%8D%83%E9%9B%AA,observed,base,wiki_only,shinycolors_enza,4f138cb3-321b-427c-b348-4eb25169f1ac,4f138cb3-321b-427c-b348-4eb25169f1ac,2026-10-07T00:59:08+00:00,"[""W03"",""W09""]","[""collab_work""]"
v1-93a6a8b8d40e754a,1.0,2026-10-08T02:45:18+00:00,【ワーキングスナップ～デート】,idol_b1cc8f6f-feab-4add-b5d9-d8777add7f60,大崎甜花,S,SSR,unit_4,アルストロメリア,2024-12-24,limited_gacha,[],unknown,,https://wikiwiki.jp/shinycolors/%E3%80%90%E3%83%AF%E3%83%BC%E3%82%AD%E3%83%B3%E3%82%B0%E3%82%B9%E3%83%8A%E3%83%83%E3%83%97%EF%BD%9E%E3%83%87%E3%83%BC%E3%83%88%E3%80%91%E5%A4%A7%E5%B4%8E%E7%94%9C%E8%8A%B1,observed,base,wiki_only,shinycolors_enza,4f58fe01-083b-4d62-825b-f5857cb202fe,4f58fe01-083b-4d62-825b-f5857cb202fe,2026-10-06T16:29:53+00:00,"[""W03""]","[""series_status"",""collab_work""]"
v1-93a6a8b8d40e754a,1.0,2026-10-08T02:45:18+00:00,【漠漠】,idol_2,樋口円香,S,SSR,unit_6,ノクチル,2023-05-31,limited_gacha,[],unknown,,https://wikiwiki.jp/shinycolors/%E3%80%90%E6%BC%A0%E6%BC%A0%E3%80%91%E6%A8%8B%E5%8F%A3%E5%86%86%E9%A6%99,observed,base,wiki_only,shinycolors_enza,4f7e43e7-1912-4ed0-a76f-fbd8ec2bd3db,4f7e43e7-1912-4ed0-a76f-fbd8ec2bd3db,2026-10-06T16:29:53+00:00,"[""W03""]","[""series_status"",""collab_work""]"
v1-93a6a8b8d40e754a,1.0,2026-10-08T02:45:18+00:00,【エクストリーム・ブレイク！】,idol_df07e98b-12f2-4984-b8f6-8da0a47c0cc7,小宮果穂,P,SSR,unit_3,放課後クライマックスガールズ,2020-01-31,limited_gacha,[],unknown,,https://wikiwiki.jp/shinycolors/%E3%80%90%E3%82%A8%E3%82%AF%E3%82%B9%E3%83%88%E3%83%AA%E3%83%BC%E3%83%A0%E3%83%BB%E3%83%96%E3%83%AC%E3%82%A4%E3%82%AF%EF%BC%81%E3%80%91%E5%B0%8F%E5%AE%AE%E6%9E%9C%E7%A9%82,observed,base,wiki_only,shinycolors_enza,4f87c88c-11f1-4f1e-bb1b-e39813450802,4f87c88c-11f1-4f1e-bb1b-e39813450802,2026-10-06T16:29:53+00:00,"[""W02""]","[""series_status"",""collab_work""]"
v1-93a6a8b8d40e754a,1.0,2026-10-08T02:45:18+00:00,【円環 -Halo around-】,idol_0e2d3420-7295-4510-929d-01bf8378e12a,風野灯織,S,SSR,unit_1,イルミネーションスターズ,2025-09-28,gacha_bonus,[],unknown,,https://wikiwiki.jp/shinycolors/%E3%80%90%E5%86%86%E7%92%B0%20-Halo%20around-%E3%80%91%E9%A2%A8%E9%87%8E%E7%81%AF%E7%B9%94,observed,base,wiki_only,shinycolors_enza,50782a2b-ad75-4ab7-a684-6d37d6c7d79c,50782a2b-ad75-4ab7-a684-6d37d6c7d79c,2026-10-06T16:29:53+00:00,"[""W03""]","[""series_status"",""collab_work""]"
v1-93a6a8b8d40e754a,1.0,2026-10-08T02:45:18+00:00,【白いツバサ】,idol_b1cc8f6f-feab-4add-b5d9-d8777add7f60,大崎甜花,P,SR,unit_4,アルストロメリア,,mission,[],unknown,,https://wikiwiki.jp/shinycolors/%E3%80%90%E7%99%BD%E3%81%84%E3%83%84%E3%83%90%E3%82%B5%E3%80%91%E5%A4%A7%E5%B4%8E%E7%94%9C%E8%8A%B1,observed,idol_road_sr,wiki_only,shinycolors_enza,5088fb10-a7ed-41e3-bc5d-07c7a9d8660f,acab54e5-c230-44b5-b0b1-8ac2dc3b0b5a,2026-10-06T16:29:54+00:00,"[""W08""]","[""first_implemented_on"",""series_status"",""collab_work""]"
v1-93a6a8b8d40e754a,1.0,2026-10-08T02:45:18+00:00,【TOTTを誓って】,idol_92b8326c-72f5-4a2e-8581-7110738045f3,有栖川夏葉,P,SSR,unit_3,放課後クライマックスガールズ,2024-12-19,collection_gacha,"[""parallel""]",known,,https://wikiwiki.jp/shinycolors/%E3%80%90TOTT%E3%82%92%E8%AA%93%E3%81%A3%E3%81%A6%E3%80%91%E6%9C%89%E6%A0%96%E5%B7%9D%E5%A4%8F%E8%91%89,observed,base,wiki_only,shinycolors_enza,50bb8b12-c0fe-45a3-9e34-8e258f05e484,50bb8b12-c0fe-45a3-9e34-8e258f05e484,2026-10-06T16:29:53+00:00,"[""W02""]","[""collab_work""]"
v1-93a6a8b8d40e754a,1.0,2026-10-08T02:45:18+00:00,【トリプルイルミネーション】,idol_1,櫻木真乃,S,SSR,unit_1,イルミネーションスターズ,2018-04-26,event_reward,[],unknown,,https://wikiwiki.jp/shinycolors/%E3%80%90%E3%83%88%E3%83%AA%E3%83%97%E3%83%AB%E3%82%A4%E3%83%AB%E3%83%9F%E3%83%8D%E3%83%BC%E3%82%B7%E3%83%A7%E3%83%B3%E3%80%91%E6%AB%BB%E6%9C%A8%E7%9C%9F%E4%B9%83,observed,base,wiki_only,shinycolors_enza,514cf8e5-094f-46e4-afb6-654ada722f09,514cf8e5-094f-46e4-afb6-654ada722f09,2026-10-06T16:29:53+00:00,"[""W03""]","[""series_status"",""collab_work""]"
v1-93a6a8b8d40e754a,1.0,2026-10-08T02:45:18+00:00,【別冊をとめ】,idol_51651b60-7996-412b-bd16-5c1c3f3faebf,杜野凛世,S,SR,unit_3,放課後クライマックスガールズ,2022-10-20,event_reward,[],unknown,,https://wikiwiki.jp/shinycolors/%E3%80%90%E5%88%A5%E5%86%8A%E3%82%92%E3%81%A8%E3%82%81%E3%80%91%E6%9D%9C%E9%87%8E%E5%87%9B%E4%B8%96,observed,base,wiki_only,shinycolors_enza,51739dc2-5039-47bd-a252-91ccf760bbe6,51739dc2-5039-47bd-a252-91ccf760bbe6,2026-10-06T16:29:53+00:00,"[""W03""]","[""series_status"",""collab_work""]"
v1-93a6a8b8d40e754a,1.0,2026-10-08T02:45:18+00:00,【Pomme pour toi】,idol_b1cc8f6f-feab-4add-b5d9-d8777add7f60,大崎甜花,S,SR,unit_4,アルストロメリア,2026-01-20,collaboration_gacha,[],unknown,,https://wikiwiki.jp/shinycolors/%E3%80%90Pomme%20pour%20toi%E3%80%91%E5%A4%A7%E5%B4%8E%E7%94%9C%E8%8A%B1,observed,base,wiki_only,shinycolors_enza,51af3e18-9513-4e9f-ac5a-ead71244ac46,51af3e18-9513-4e9f-ac5a-ead71244ac46,2026-10-06T16:29:53+00:00,"[""W03""]","[""series_status"",""collab_work""]"
v1-93a6a8b8d40e754a,1.0,2026-10-08T02:45:18+00:00,【あるかもしれない気持ち】,idol_786e9b98-d1e4-4419-a69a-3281d07dd4fb,和泉愛依,S,SSR,unit_5,ストレイライト,2026-08-02,limited_gacha,"[""birthday""]",known,,https://wikiwiki.jp/shinycolors/%E3%80%90%E3%81%82%E3%82%8B%E3%81%8B%E3%82%82%E3%81%97%E3%82%8C%E3%81%AA%E3%81%84%E6%B0%97%E6%8C%81%E3%81%A1%E3%80%91%E5%92%8C%E6%B3%89%E6%84%9B%E4%BE%9D,observed,base,wiki_only,shinycolors_enza,51d36f09-8ec1-4731-91ec-68e7a8d5bf60,51d36f09-8ec1-4731-91ec-68e7a8d5bf60,2026-10-06T16:29:53+00:00,"[""W03""]","[""collab_work""]"
v1-93a6a8b8d40e754a,1.0,2026-10-08T02:45:18+00:00,【アンコンシャス35→80】,idol_a2f858c3-da6e-4d6f-b777-5367a2671399,黛冬優子,P,SR,unit_5,ストレイライト,2022-11-30,event_reward,[],unknown,,https://wikiwiki.jp/shinycolors/%E3%80%90%E3%82%A2%E3%83%B3%E3%82%B3%E3%83%B3%E3%82%B7%E3%83%A3%E3%82%B935%E2%86%9280%E3%80%91%E9%BB%9B%E5%86%AC%E5%84%AA%E5%AD%90,observed,base,wiki_only,shinycolors_enza,51e617b2-a6fc-4d58-8866-d5599b197e83,51e617b2-a6fc-4d58-8866-d5599b197e83,2026-10-06T16:29:53+00:00,"[""W02""]","[""series_status"",""collab_work""]"
v1-93a6a8b8d40e754a,1.0,2026-10-08T02:45:18+00:00,【たそかれスワッグ】,idol_d4177c5c-4600-4381-b5da-758f87fc23d7,八宮めぐる,P,SSR,unit_1,イルミネーションスターズ,2022-08-31,limited_gacha,[],unknown,,https://wikiwiki.jp/shinycolors/%E3%80%90%E3%81%9F%E3%81%9D%E3%81%8B%E3%82%8C%E3%82%B9%E3%83%AF%E3%83%83%E3%82%B0%E3%80%91%E5%85%AB%E5%AE%AE%E3%82%81%E3%81%90%E3%82%8B,observed,base,wiki_only,shinycolors_enza,5207c90b-cbda-4743-83e6-ff4c880f4dfa,5207c90b-cbda-4743-83e6-ff4c880f4dfa,2026-10-06T16:29:53+00:00,"[""W02""]","[""series_status"",""collab_work""]"
v1-93a6a8b8d40e754a,1.0,2026-10-08T02:45:18+00:00,【間隙】,idol_2,樋口円香,S,SSR,unit_6,ノクチル,2025-10-27,limited_gacha,"[""birthday""]",known,,https://wikiwiki.jp/shinycolors/%E3%80%90%E9%96%93%E9%9A%99%E3%80%91%E6%A8%8B%E5%8F%A3%E5%86%86%E9%A6%99,observed,base,wiki_only,shinycolors_enza,52257d9d-fcc8-42da-9534-540c648e63c2,52257d9d-fcc8-42da-9534-540c648e63c2,2026-10-06T16:29:53+00:00,"[""W03""]","[""collab_work""]"
v1-93a6a8b8d40e754a,1.0,2026-10-08T02:45:18+00:00,【虹待ちレインドロップ】,idol_92b8326c-72f5-4a2e-8581-7110738045f3,有栖川夏葉,S,SR,unit_3,放課後クライマックスガールズ,2018-09-20,permanent_gacha,[],unknown,,https://wikiwiki.jp/shinycolors/%E3%80%90%E8%99%B9%E5%BE%85%E3%81%A1%E3%83%AC%E3%82%A4%E3%83%B3%E3%83%89%E3%83%AD%E3%83%83%E3%83%97%E3%80%91%E6%9C%89%E6%A0%96%E5%B7%9D%E5%A4%8F%E8%91%89,observed,base,wiki_only,shinycolors_enza,5282606b-8ef3-4806-9786-d8fb4922bed6,5282606b-8ef3-4806-9786-d8fb4922bed6,2026-10-06T16:29:54+00:00,"[""W03""]","[""series_status"",""collab_work""]"
v1-93a6a8b8d40e754a,1.0,2026-10-08T02:45:18+00:00,【CHILLY】,idol_6874153a-a7f6-426a-98f0-815f121eeca4,緋田美琴,P,SSR,unit_7,シーズ,2021-11-19,permanent_gacha,[],unknown,,https://wikiwiki.jp/shinycolors/%E3%80%90CHILLY%E3%80%91%E7%B7%8B%E7%94%B0%E7%BE%8E%E7%90%B4,observed,base,wiki_only,shinycolors_enza,52877211-112a-4592-a7da-0f198252d14d,52877211-112a-4592-a7da-0f198252d14d,2026-10-06T16:29:53+00:00,"[""W02""]","[""series_status"",""collab_work""]"
v1-93a6a8b8d40e754a,1.0,2026-10-08T02:45:18+00:00,【283プロのヒナ】,idol_813a7356-e821-43e7-b25f-c104ca28870d,西城樹里,S,R,unit_3,放課後クライマックスガールズ,2018-04-24,permanent_gacha,[],unknown,,https://wikiwiki.jp/shinycolors/%E3%80%90283%E3%83%97%E3%83%AD%E3%81%AE%E3%83%92%E3%83%8A%E3%80%91%E8%A5%BF%E5%9F%8E%E6%A8%B9%E9%87%8C,observed,base,wiki_only,shinycolors_enza,528d71a2-5181-4231-8908-9d820404a5a0,528d71a2-5181-4231-8908-9d820404a5a0,2026-10-06T16:29:54+00:00,"[""W03""]","[""series_status"",""collab_work""]"
v1-93a6a8b8d40e754a,1.0,2026-10-08T02:45:18+00:00,【白いツバサ】,idol_df07e98b-12f2-4984-b8f6-8da0a47c0cc7,小宮果穂,P,SR,unit_3,放課後クライマックスガールズ,,mission,[],unknown,,https://wikiwiki.jp/shinycolors/%E3%80%90%E7%99%BD%E3%81%84%E3%83%84%E3%83%90%E3%82%B5%E3%80%91%E5%B0%8F%E5%AE%AE%E6%9E%9C%E7%A9%82,observed,idol_road_sr,wiki_only,shinycolors_enza,529286b3-cd15-4487-be43-86954d592965,e7e21594-679f-47cc-8812-87da1be4dbb8,2026-10-06T16:29:54+00:00,"[""W08""]","[""first_implemented_on"",""series_status"",""collab_work""]"
v1-93a6a8b8d40e754a,1.0,2026-10-08T02:45:18+00:00,【風吹く丘にはよ来んね】,idol_e91e6363-2dc9-42c1-bbf1-a759e797c2d1,月岡恋鐘,P,SSR,unit_2,アンティーカ,2019-05-20,permanent_gacha,[],unknown,,https://wikiwiki.jp/shinycolors/%E3%80%90%E9%A2%A8%E5%90%B9%E3%81%8F%E4%B8%98%E3%81%AB%E3%81%AF%E3%82%88%E6%9D%A5%E3%82%93%E3%81%AD%E3%80%91%E6%9C%88%E5%B2%A1%E6%81%8B%E9%90%98,observed,base,wiki_only,shinycolors_enza,52cb001b-4a2c-40cf-9f31-137b3f5f3efa,52cb001b-4a2c-40cf-9f31-137b3f5f3efa,2026-10-06T16:29:53+00:00,"[""W02""]","[""series_status"",""collab_work""]"
v1-93a6a8b8d40e754a,1.0,2026-10-08T02:45:18+00:00,【ばりうまかブルース】,idol_e91e6363-2dc9-42c1-bbf1-a759e797c2d1,月岡恋鐘,P,SSR,unit_2,アンティーカ,2018-04-30,permanent_gacha,[],unknown,,https://wikiwiki.jp/shinycolors/%E3%80%90%E3%81%B0%E3%82%8A%E3%81%86%E3%81%BE%E3%81%8B%E3%83%96%E3%83%AB%E3%83%BC%E3%82%B9%E3%80%91%E6%9C%88%E5%B2%A1%E6%81%8B%E9%90%98,observed,base,wiki_only,shinycolors_enza,52cd370c-d166-46e9-9ba7-540e9ac14eaf,52cd370c-d166-46e9-9ba7-540e9ac14eaf,2026-10-06T16:29:53+00:00,"[""W02""]","[""series_status"",""collab_work""]"
v1-93a6a8b8d40e754a,1.0,2026-10-08T02:45:18+00:00,【'25Pカップ】,idol_f0b34f52-342b-4fdd-8231-816605449447,郁田はるき,S,SR,unit_8,コメティック,2025-04-15,event_reward,[],unknown,,https://wikiwiki.jp/shinycolors/%E3%80%90%2725P%E3%82%AB%E3%83%83%E3%83%97%E3%80%91%E9%83%81%E7%94%B0%E3%81%AF%E3%82%8B%E3%81%8D,observed,base,wiki_only,shinycolors_enza,536e6389-39d8-4251-a952-f460b4edd694,536e6389-39d8-4251-a952-f460b4edd694,2026-10-06T16:29:53+00:00,"[""W03""]","[""series_status"",""collab_work""]"
v1-93a6a8b8d40e754a,1.0,2026-10-08T02:45:18+00:00,【COSTUME G＠LLERY】,idol_72d6d5b6-dc2b-4e7c-90be-eb4770ba589b,市川雛菜,S,SSR,unit_6,ノクチル,2026-03-13,limited_gacha,[],unknown,,https://wikiwiki.jp/shinycolors/%E3%80%90COSTUME%20G%EF%BC%A0LLERY%E3%80%91%E5%B8%82%E5%B7%9D%E9%9B%9B%E8%8F%9C,observed,base,wiki_only,shinycolors_enza,53737a5b-7f98-446a-9140-a80ad75f71be,53737a5b-7f98-446a-9140-a80ad75f71be,2026-10-06T16:29:53+00:00,"[""W03""]","[""series_status"",""collab_work""]"
v1-93a6a8b8d40e754a,1.0,2026-10-08T02:45:18+00:00,【白いツバサ】,idol_92b8326c-72f5-4a2e-8581-7110738045f3,有栖川夏葉,P,SR,unit_3,放課後クライマックスガールズ,,mission,[],unknown,,https://wikiwiki.jp/shinycolors/%E3%80%90%E7%99%BD%E3%81%84%E3%83%84%E3%83%90%E3%82%B5%E3%80%91%E6%9C%89%E6%A0%96%E5%B7%9D%E5%A4%8F%E8%91%89,observed,idol_road_sr,wiki_only,shinycolors_enza,53bf448c-990c-439b-91e9-98201da956dd,47785b6e-6cb4-498b-90a9-9341dda69a20,2026-10-06T16:29:54+00:00,"[""W08""]","[""first_implemented_on"",""series_status"",""collab_work""]"
v1-93a6a8b8d40e754a,1.0,2026-10-08T02:45:18+00:00,【無色】,idol_2,樋口円香,S,SR,unit_6,ノクチル,2023-11-29,event_reward,[],unknown,,https://wikiwiki.jp/shinycolors/%E3%80%90%E7%84%A1%E8%89%B2%E3%80%91%E6%A8%8B%E5%8F%A3%E5%86%86%E9%A6%99,observed,base,wiki_only,shinycolors_enza,53de7c6c-932a-4abd-847c-47c38734f4e6,53de7c6c-932a-4abd-847c-47c38734f4e6,2026-10-06T16:29:53+00:00,"[""W03""]","[""series_status"",""collab_work""]"
v1-93a6a8b8d40e754a,1.0,2026-10-08T02:45:18+00:00,【純真チョコレート】,idol_7,園田智代子,P,SR,unit_3,放課後クライマックスガールズ,2018-04-24,permanent_gacha,[],unknown,,https://wikiwiki.jp/shinycolors/%E3%80%90%E7%B4%94%E7%9C%9F%E3%83%81%E3%83%A7%E3%82%B3%E3%83%AC%E3%83%BC%E3%83%88%E3%80%91%E5%9C%92%E7%94%B0%E6%99%BA%E4%BB%A3%E5%AD%90,observed,base,wiki_only,shinycolors_enza,542dfa9a-861b-481c-b1d1-afc5c13b77be,542dfa9a-861b-481c-b1d1-afc5c13b77be,2026-10-06T16:29:53+00:00,"[""W02""]","[""series_status"",""collab_work""]"
v1-93a6a8b8d40e754a,1.0,2026-10-08T02:45:18+00:00,【ラムネ色の覚悟】,idol_813a7356-e821-43e7-b25f-c104ca28870d,西城樹里,P,SSR,unit_3,放課後クライマックスガールズ,2018-08-20,permanent_gacha,[],unknown,,https://wikiwiki.jp/shinycolors/%E3%80%90%E3%83%A9%E3%83%A0%E3%83%8D%E8%89%B2%E3%81%AE%E8%A6%9A%E6%82%9F%E3%80%91%E8%A5%BF%E5%9F%8E%E6%A8%B9%E9%87%8C,observed,base,wiki_only,shinycolors_enza,546aa7c8-1412-4705-a18c-40edf0f46331,546aa7c8-1412-4705-a18c-40edf0f46331,2026-10-06T16:29:53+00:00,"[""W02""]","[""series_status"",""collab_work""]"
v1-93a6a8b8d40e754a,1.0,2026-10-08T02:45:18+00:00,【あなたのすぐそばで】,idol_52544385-3ea1-42e6-bb47-faff2c6f9b4f,桑山千雪,S,SSR,unit_4,アルストロメリア,2026-04-18,limited_gacha,"[""birthday""]",known,,https://wikiwiki.jp/shinycolors/%E3%80%90%E3%81%82%E3%81%AA%E3%81%9F%E3%81%AE%E3%81%99%E3%81%90%E3%81%9D%E3%81%B0%E3%81%A7%E3%80%91%E6%A1%91%E5%B1%B1%E5%8D%83%E9%9B%AA,observed,base,wiki_only,shinycolors_enza,54a5a894-2bef-42a2-a1ba-a92112bce04a,54a5a894-2bef-42a2-a1ba-a92112bce04a,2026-10-06T16:29:53+00:00,"[""W03""]","[""collab_work""]"
v1-93a6a8b8d40e754a,1.0,2026-10-08T02:45:18+00:00,【あっかい】,idol_736d3fca-9560-4156-96fc-66cc0159ea42,七草にちか,S,SSR,unit_7,シーズ,2022-04-30,event_reward,[],unknown,,https://wikiwiki.jp/shinycolors/%E3%80%90%E3%81%82%E3%81%A3%E3%81%8B%E3%81%84%E3%80%91%E4%B8%83%E8%8D%89%E3%81%AB%E3%81%A1%E3%81%8B,observed,base,wiki_only,shinycolors_enza,54ab2bce-d877-43b2-81f3-733b36441b7b,54ab2bce-d877-43b2-81f3-733b36441b7b,2026-10-06T16:29:53+00:00,"[""W03""]","[""series_status"",""collab_work""]"
v1-93a6a8b8d40e754a,1.0,2026-10-08T02:45:18+00:00,【COSTUME G＠LLERY】,idol_f0b34f52-342b-4fdd-8231-816605449447,郁田はるき,S,SSR,unit_8,コメティック,2026-03-13,limited_gacha,[],unknown,,https://wikiwiki.jp/shinycolors/%E3%80%90COSTUME%20G%EF%BC%A0LLERY%E3%80%91%E9%83%81%E7%94%B0%E3%81%AF%E3%82%8B%E3%81%8D,observed,base,wiki_only,shinycolors_enza,5506f233-af35-41ac-912f-9d53992dbb29,5506f233-af35-41ac-912f-9d53992dbb29,2026-10-06T16:29:53+00:00,"[""W03""]","[""series_status"",""collab_work""]"
v1-93a6a8b8d40e754a,1.0,2026-10-08T02:45:18+00:00,【楽しいがたくさん】,idol_b1cc8f6f-feab-4add-b5d9-d8777add7f60,大崎甜花,S,SSR,unit_4,アルストロメリア,2023-08-31,event_reward,[],unknown,,https://wikiwiki.jp/shinycolors/%E3%80%90%E6%A5%BD%E3%81%97%E3%81%84%E3%81%8C%E3%81%9F%E3%81%8F%E3%81%95%E3%82%93%E3%80%91%E5%A4%A7%E5%B4%8E%E7%94%9C%E8%8A%B1,observed,base,wiki_only,shinycolors_enza,5514d9a6-54f2-4ee2-80b5-98224fbf9921,5514d9a6-54f2-4ee2-80b5-98224fbf9921,2026-10-06T16:29:53+00:00,"[""W03""]","[""series_status"",""collab_work""]"
v1-93a6a8b8d40e754a,1.0,2026-10-08T02:45:18+00:00,【左選んで～！】,idol_786e9b98-d1e4-4419-a69a-3281d07dd4fb,和泉愛依,S,SSR,unit_5,ストレイライト,2022-03-10,permanent_gacha,[],unknown,,https://wikiwiki.jp/shinycolors/%E3%80%90%E5%B7%A6%E9%81%B8%E3%82%93%E3%81%A7%EF%BD%9E%EF%BC%81%E3%80%91%E5%92%8C%E6%B3%89%E6%84%9B%E4%BE%9D,observed,base,wiki_only,shinycolors_enza,5531443c-c134-44e3-81cf-1c877dc313ca,5531443c-c134-44e3-81cf-1c877dc313ca,2026-10-06T16:29:53+00:00,"[""W03""]","[""series_status"",""collab_work""]"
v1-93a6a8b8d40e754a,1.0,2026-10-08T02:45:18+00:00,【杜野凛世の印象派】,idol_51651b60-7996-412b-bd16-5c1c3f3faebf,杜野凛世,P,SSR,unit_3,放課後クライマックスガールズ,2018-10-19,permanent_gacha,[],unknown,,https://wikiwiki.jp/shinycolors/%E3%80%90%E6%9D%9C%E9%87%8E%E5%87%9B%E4%B8%96%E3%81%AE%E5%8D%B0%E8%B1%A1%E6%B4%BE%E3%80%91%E6%9D%9C%E9%87%8E%E5%87%9B%E4%B8%96,observed,base,wiki_only,shinycolors_enza,55464029-5bcc-4685-8f00-2245af93790f,55464029-5bcc-4685-8f00-2245af93790f,2026-10-06T16:29:53+00:00,"[""W02""]","[""series_status"",""collab_work""]"
v1-93a6a8b8d40e754a,1.0,2026-10-08T02:45:18+00:00,【未来へのSign】,idol_e5ce74fd-2caf-4c1d-a696-0b1f17f7a53e,福丸小糸,S,SSR,unit_6,ノクチル,2024-12-14,gacha_bonus,[],unknown,,https://wikiwiki.jp/shinycolors/%E3%80%90%E6%9C%AA%E6%9D%A5%E3%81%B8%E3%81%AESign%E3%80%91%E7%A6%8F%E4%B8%B8%E5%B0%8F%E7%B3%B8,observed,base,wiki_only,shinycolors_enza,556d5243-23fd-41c6-8603-fddcf8ce7264,556d5243-23fd-41c6-8603-fddcf8ce7264,2026-10-06T16:29:53+00:00,"[""W03""]","[""series_status"",""collab_work""]"
v1-93a6a8b8d40e754a,1.0,2026-10-08T02:45:18+00:00,【ひだまりの時間】,idol_3,浅倉透,S,SSR,unit_6,ノクチル,2025-05-04,limited_gacha,"[""birthday""]",known,,https://wikiwiki.jp/shinycolors/%E3%80%90%E3%81%B2%E3%81%A0%E3%81%BE%E3%82%8A%E3%81%AE%E6%99%82%E9%96%93%E3%80%91%E6%B5%85%E5%80%89%E9%80%8F,observed,base,wiki_only,shinycolors_enza,5577b55b-48a9-428f-88fc-0831704791d0,5577b55b-48a9-428f-88fc-0831704791d0,2026-10-06T16:29:53+00:00,"[""W03""]","[""collab_work""]"
v1-93a6a8b8d40e754a,1.0,2026-10-08T02:45:18+00:00,【守って！スターリー☆ナイト】,idol_0e2d3420-7295-4510-929d-01bf8378e12a,風野灯織,S,SSR,unit_1,イルミネーションスターズ,2024-01-30,exchange,[],unknown,,https://wikiwiki.jp/shinycolors/%E3%80%90%E5%AE%88%E3%81%A3%E3%81%A6%EF%BC%81%E3%82%B9%E3%82%BF%E3%83%BC%E3%83%AA%E3%83%BC%E2%98%86%E3%83%8A%E3%82%A4%E3%83%88%E3%80%91%E9%A2%A8%E9%87%8E%E7%81%AF%E7%B9%94,observed,base,wiki_only,shinycolors_enza,558f545e-e741-418b-aeff-b1dc8c87ff13,558f545e-e741-418b-aeff-b1dc8c87ff13,2026-10-06T16:29:53+00:00,"[""W03""]","[""series_status"",""collab_work""]"
v1-93a6a8b8d40e754a,1.0,2026-10-08T02:45:18+00:00,【心安らげる場所】,idol_786e9b98-d1e4-4419-a69a-3281d07dd4fb,和泉愛依,P,SSR,unit_5,ストレイライト,2025-09-09,limited_gacha,"[""expansion""]",known,,https://wikiwiki.jp/shinycolors/%E3%80%90%E5%BF%83%E5%AE%89%E3%82%89%E3%81%92%E3%82%8B%E5%A0%B4%E6%89%80%E3%80%91%E5%92%8C%E6%B3%89%E6%84%9B%E4%BE%9D,observed,base,wiki_only,shinycolors_enza,55ccfcd5-4f75-4be4-9db5-3649ac7858a9,55ccfcd5-4f75-4be4-9db5-3649ac7858a9,2026-10-07T00:59:08+00:00,"[""W02""]","[""collab_work""]"
v1-93a6a8b8d40e754a,1.0,2026-10-08T02:45:18+00:00,【雲間のモーメント】,idol_ef328a51-2928-4d2d-a44f-5e3b92d305cf,白瀬咲耶,S,SR,unit_2,アンティーカ,2018-06-20,event_reward,[],unknown,,https://wikiwiki.jp/shinycolors/%E3%80%90%E9%9B%B2%E9%96%93%E3%81%AE%E3%83%A2%E3%83%BC%E3%83%A1%E3%83%B3%E3%83%88%E3%80%91%E7%99%BD%E7%80%AC%E5%92%B2%E8%80%B6,observed,base,wiki_only,shinycolors_enza,560c781e-8671-4d89-abc6-84b44b208c87,560c781e-8671-4d89-abc6-84b44b208c87,2026-10-06T16:29:53+00:00,"[""W03""]","[""series_status"",""collab_work""]"
v1-93a6a8b8d40e754a,1.0,2026-10-08T02:45:18+00:00,【気になる！？染めちゃう！？】,idol_786e9b98-d1e4-4419-a69a-3281d07dd4fb,和泉愛依,P,SR,unit_5,ストレイライト,2019-06-10,permanent_gacha,[],unknown,,https://wikiwiki.jp/shinycolors/%E3%80%90%E6%B0%97%E3%81%AB%E3%81%AA%E3%82%8B%EF%BC%81%EF%BC%9F%E6%9F%93%E3%82%81%E3%81%A1%E3%82%83%E3%81%86%EF%BC%81%EF%BC%9F%E3%80%91%E5%92%8C%E6%B3%89%E6%84%9B%E4%BE%9D,observed,base,wiki_only,shinycolors_enza,567183ec-9c18-416d-923d-4b11f27d9d55,567183ec-9c18-416d-923d-4b11f27d9d55,2026-10-06T16:29:53+00:00,"[""W02""]","[""series_status"",""collab_work""]"
v1-93a6a8b8d40e754a,1.0,2026-10-08T02:45:18+00:00,【multi-angle】,idol_a2f858c3-da6e-4d6f-b777-5367a2671399,黛冬優子,P,SSR,unit_5,ストレイライト,2022-03-19,limited_gacha,[],unknown,,https://wikiwiki.jp/shinycolors/%E3%80%90multi-angle%E3%80%91%E9%BB%9B%E5%86%AC%E5%84%AA%E5%AD%90,observed,base,wiki_only,shinycolors_enza,56729158-6610-4aa0-a019-20952d66e4bc,56729158-6610-4aa0-a019-20952d66e4bc,2026-10-06T16:29:53+00:00,"[""W02""]","[""series_status"",""collab_work""]"
v1-93a6a8b8d40e754a,1.0,2026-10-08T02:45:18+00:00,【近づけば遠ざかる】,idol_a2f858c3-da6e-4d6f-b777-5367a2671399,黛冬優子,S,SSR,unit_5,ストレイライト,2026-07-30,event_reward,[],unknown,,https://wikiwiki.jp/shinycolors/%E3%80%90%E8%BF%91%E3%81%A5%E3%81%91%E3%81%B0%E9%81%A0%E3%81%96%E3%81%8B%E3%82%8B%E3%80%91%E9%BB%9B%E5%86%AC%E5%84%AA%E5%AD%90,observed,base,wiki_only,shinycolors_enza,56870065-0f73-4e26-a007-a590980016af,56870065-0f73-4e26-a007-a590980016af,2026-10-06T16:29:53+00:00,"[""W03""]","[""series_status"",""collab_work""]"
v1-93a6a8b8d40e754a,1.0,2026-10-08T02:45:18+00:00,【お腰につけた】,idol_4,鈴木羽那,S,SSR,unit_8,コメティック,2026-06-29,exchange,[],unknown,,https://wikiwiki.jp/shinycolors/%E3%80%90%E3%81%8A%E8%85%B0%E3%81%AB%E3%81%A4%E3%81%91%E3%81%9F%E3%80%91%E9%88%B4%E6%9C%A8%E7%BE%BD%E9%82%A3,observed,base,wiki_only,shinycolors_enza,56a9414f-d4a8-4a0f-9110-6d470c4ad32a,56a9414f-d4a8-4a0f-9110-6d470c4ad32a,2026-10-06T16:29:53+00:00,"[""W03""]","[""series_status"",""collab_work""]"
v1-93a6a8b8d40e754a,1.0,2026-10-08T02:45:18+00:00,【白木槿】,idol_51651b60-7996-412b-bd16-5c1c3f3faebf,杜野凛世,S,SSR,unit_3,放課後クライマックスガールズ,2024-06-07,permanent_gacha,[],unknown,,https://wikiwiki.jp/shinycolors/%E3%80%90%E7%99%BD%E6%9C%A8%E6%A7%BF%E3%80%91%E6%9D%9C%E9%87%8E%E5%87%9B%E4%B8%96,observed,base,wiki_only,shinycolors_enza,56aae219-d8cb-42cf-aff0-a774508b9e16,56aae219-d8cb-42cf-aff0-a774508b9e16,2026-10-06T16:29:53+00:00,"[""W03""]","[""series_status"",""collab_work""]"
v1-93a6a8b8d40e754a,1.0,2026-10-08T02:45:18+00:00,【竜想譚】,idol_51651b60-7996-412b-bd16-5c1c3f3faebf,杜野凛世,S,SR,unit_3,放課後クライマックスガールズ,2023-10-10,event_reward,[],unknown,,https://wikiwiki.jp/shinycolors/%E3%80%90%E7%AB%9C%E6%83%B3%E8%AD%9A%E3%80%91%E6%9D%9C%E9%87%8E%E5%87%9B%E4%B8%96,observed,base,wiki_only,shinycolors_enza,56baf44e-ef9b-40a2-be41-a64dc2457dd7,56baf44e-ef9b-40a2-be41-a64dc2457dd7,2026-10-06T16:29:53+00:00,"[""W03""]","[""series_status"",""collab_work""]"
v1-93a6a8b8d40e754a,1.0,2026-10-08T02:45:18+00:00,【ダ・カラ】,idol_2,樋口円香,S,SR,unit_6,ノクチル,2023-03-10,event_reward,[],unknown,,https://wikiwiki.jp/shinycolors/%E3%80%90%E3%83%80%E3%83%BB%E3%82%AB%E3%83%A9%E3%80%91%E6%A8%8B%E5%8F%A3%E5%86%86%E9%A6%99,observed,base,wiki_only,shinycolors_enza,56cddc3b-e229-4470-abb2-b6b84694c0bb,56cddc3b-e229-4470-abb2-b6b84694c0bb,2026-10-06T16:29:53+00:00,"[""W03""]","[""series_status"",""collab_work""]"
v1-93a6a8b8d40e754a,1.0,2026-10-08T02:45:18+00:00,【円環 -Halo around-】,idol_8c18b422-295c-4259-9e14-413685deb7f8,大崎甘奈,S,SSR,unit_4,アルストロメリア,2025-08-09,gacha_bonus,[],unknown,,https://wikiwiki.jp/shinycolors/%E3%80%90%E5%86%86%E7%92%B0%20-Halo%20around-%E3%80%91%E5%A4%A7%E5%B4%8E%E7%94%98%E5%A5%88,observed,base,wiki_only,shinycolors_enza,56defb19-45e5-4731-abb6-5b5a1d928cd0,56defb19-45e5-4731-abb6-5b5a1d928cd0,2026-10-06T16:29:53+00:00,"[""W03""]","[""series_status"",""collab_work""]"
v1-93a6a8b8d40e754a,1.0,2026-10-08T02:45:18+00:00,【SUGARLESS】,idol_6874153a-a7f6-426a-98f0-815f121eeca4,緋田美琴,P,SSR,unit_7,シーズ,2024-12-11,limited_gacha,[],unknown,,https://wikiwiki.jp/shinycolors/%E3%80%90SUGARLESS%E3%80%91%E7%B7%8B%E7%94%B0%E7%BE%8E%E7%90%B4,observed,base,wiki_only,shinycolors_enza,56eb3ee2-598d-42ca-ac8b-e81ca69bd827,56eb3ee2-598d-42ca-ac8b-e81ca69bd827,2026-10-06T16:29:53+00:00,"[""W02""]","[""series_status"",""collab_work""]"
v1-93a6a8b8d40e754a,1.0,2026-10-08T02:45:18+00:00,【くっつく、くっつかない】,idol_3c398182-7760-439e-8c77-3c09d173aa4c,芹沢あさひ,S,UR,unit_5,ストレイライト,2026-04-17,permanent_gacha,[],unknown,,https://wikiwiki.jp/shinycolors/%E3%80%90%E3%81%8F%E3%81%A3%E3%81%A4%E3%81%8F%E3%80%81%E3%81%8F%E3%81%A3%E3%81%A4%E3%81%8B%E3%81%AA%E3%81%84%E3%80%91%E8%8A%B9%E6%B2%A2%E3%81%82%E3%81%95%E3%81%B2,observed,base,wiki_only,shinycolors_enza,57415e0a-bab1-432e-b6ff-50fa35af8eb7,57415e0a-bab1-432e-b6ff-50fa35af8eb7,2026-10-06T16:29:53+00:00,"[""W03""]","[""series_status"",""collab_work""]"
v1-93a6a8b8d40e754a,1.0,2026-10-08T02:45:18+00:00,【summer break】,idol_92b8326c-72f5-4a2e-8581-7110738045f3,有栖川夏葉,P,SSR,unit_3,放課後クライマックスガールズ,2025-08-30,collection_gacha,"[""twilights""]",known,,https://wikiwiki.jp/shinycolors/%E3%80%90summer%20break%E3%80%91%E6%9C%89%E6%A0%96%E5%B7%9D%E5%A4%8F%E8%91%89,observed,base,wiki_only,shinycolors_enza,574e6ee9-62fe-4e08-b823-5913cd089962,574e6ee9-62fe-4e08-b823-5913cd089962,2026-10-06T16:29:53+00:00,"[""W02""]","[""collab_work""]"
v1-93a6a8b8d40e754a,1.0,2026-10-08T02:45:18+00:00,【星の数だけ】,idol_d4177c5c-4600-4381-b5da-758f87fc23d7,八宮めぐる,S,SSR,unit_1,イルミネーションスターズ,2024-12-21,gacha_bonus,[],unknown,,https://wikiwiki.jp/shinycolors/%E3%80%90%E6%98%9F%E3%81%AE%E6%95%B0%E3%81%A0%E3%81%91%E3%80%91%E5%85%AB%E5%AE%AE%E3%82%81%E3%81%90%E3%82%8B,observed,base,wiki_only,shinycolors_enza,57670cad-7401-4042-9257-551fd5756f75,57670cad-7401-4042-9257-551fd5756f75,2026-10-06T16:29:53+00:00,"[""W03""]","[""series_status"",""collab_work""]"
v1-93a6a8b8d40e754a,1.0,2026-10-08T02:45:18+00:00,【COSTUME G＠LLERY】,idol_786e9b98-d1e4-4419-a69a-3281d07dd4fb,和泉愛依,S,SSR,unit_5,ストレイライト,2026-03-13,limited_gacha,[],unknown,,https://wikiwiki.jp/shinycolors/%E3%80%90COSTUME%20G%EF%BC%A0LLERY%E3%80%91%E5%92%8C%E6%B3%89%E6%84%9B%E4%BE%9D,observed,base,wiki_only,shinycolors_enza,576a63f0-02b2-4614-a51d-2bd7fad11594,576a63f0-02b2-4614-a51d-2bd7fad11594,2026-10-06T16:29:53+00:00,"[""W03""]","[""series_status"",""collab_work""]"
v1-93a6a8b8d40e754a,1.0,2026-10-08T02:45:18+00:00,【STAGE】,idol_6874153a-a7f6-426a-98f0-815f121eeca4,緋田美琴,S,SSR,unit_7,シーズ,2023-02-28,event_reward,[],unknown,,https://wikiwiki.jp/shinycolors/%E3%80%90STAGE%E3%80%91%E7%B7%8B%E7%94%B0%E7%BE%8E%E7%90%B4,observed,base,wiki_only,shinycolors_enza,577cc5f8-0552-4a2c-8bd4-1d2f52b87e29,577cc5f8-0552-4a2c-8bd4-1d2f52b87e29,2026-10-06T16:29:53+00:00,"[""W03""]","[""series_status"",""collab_work""]"
v1-93a6a8b8d40e754a,1.0,2026-10-08T02:45:18+00:00,【秘密のだらだらタイム】,idol_b1cc8f6f-feab-4add-b5d9-d8777add7f60,大崎甜花,P,SR,unit_4,アルストロメリア,2018-04-24,permanent_gacha,[],unknown,,https://wikiwiki.jp/shinycolors/%E3%80%90%E7%A7%98%E5%AF%86%E3%81%AE%E3%81%A0%E3%82%89%E3%81%A0%E3%82%89%E3%82%BF%E3%82%A4%E3%83%A0%E3%80%91%E5%A4%A7%E5%B4%8E%E7%94%9C%E8%8A%B1,observed,base,wiki_only,shinycolors_enza,57e3a2ce-41a5-4505-bba8-daddd191be05,57e3a2ce-41a5-4505-bba8-daddd191be05,2026-10-06T16:29:53+00:00,"[""W02""]","[""series_status"",""collab_work""]"
v1-93a6a8b8d40e754a,1.0,2026-10-08T02:45:18+00:00,【アイドルロード】,idol_72d6d5b6-dc2b-4e7c-90be-eb4770ba589b,市川雛菜,P,SSR,unit_6,ノクチル,,mission,[],unknown,,https://wikiwiki.jp/shinycolors/%E3%80%90%E7%99%BD%E3%81%84%E3%83%84%E3%83%90%E3%82%B5%E3%80%91%E5%B8%82%E5%B7%9D%E9%9B%9B%E8%8F%9C,observed,idol_road_ssr,wiki_only,shinycolors_enza,57ffa377-d55c-45a0-9956-197ef98b47c3,5a2ca40e-cc71-4b9c-b5c1-b5c8c8ae423e,2026-10-06T16:29:54+00:00,"[""W08""]","[""first_implemented_on"",""series_status"",""collab_work""]"
v1-93a6a8b8d40e754a,1.0,2026-10-08T02:45:18+00:00,【赤・巾・狼・娘】,idol_e579db5c-0930-4984-aa40-ebe5a00e8a4f,幽谷霧子,S,SR,unit_2,アンティーカ,2023-12-20,event_reward,[],unknown,,https://wikiwiki.jp/shinycolors/%E3%80%90%E8%B5%A4%E3%83%BB%E5%B7%BE%E3%83%BB%E7%8B%BC%E3%83%BB%E5%A8%98%E3%80%91%E5%B9%BD%E8%B0%B7%E9%9C%A7%E5%AD%90,observed,base,wiki_only,shinycolors_enza,580a692c-6625-4558-b894-c452ae28fe46,580a692c-6625-4558-b894-c452ae28fe46,2026-10-06T16:29:53+00:00,"[""W03""]","[""series_status"",""collab_work""]"
v1-93a6a8b8d40e754a,1.0,2026-10-08T02:45:18+00:00,【OBLIVION】,idol_6874153a-a7f6-426a-98f0-815f121eeca4,緋田美琴,S,SR,unit_7,シーズ,2025-06-29,event_reward,[],unknown,,https://wikiwiki.jp/shinycolors/%E3%80%90OBLIVION%E3%80%91%E7%B7%8B%E7%94%B0%E7%BE%8E%E7%90%B4,observed,base,wiki_only,shinycolors_enza,58410265-a65d-443d-90fc-a3b98c9c8407,58410265-a65d-443d-90fc-a3b98c9c8407,2026-10-06T16:29:53+00:00,"[""W03""]","[""series_status"",""collab_work""]"
v1-93a6a8b8d40e754a,1.0,2026-10-08T02:45:18+00:00,【白いツバサ】,idol_7,園田智代子,P,R,unit_3,放課後クライマックスガールズ,2018-04-24,permanent_gacha,[],unknown,,https://wikiwiki.jp/shinycolors/%E3%80%90%E7%99%BD%E3%81%84%E3%83%84%E3%83%90%E3%82%B5%E3%80%91%E5%9C%92%E7%94%B0%E6%99%BA%E4%BB%A3%E5%AD%90,observed,base,wiki_only,shinycolors_enza,5843ca5c-a1b9-4245-91a0-c9443a70fdd0,5843ca5c-a1b9-4245-91a0-c9443a70fdd0,2026-10-06T16:29:53+00:00,"[""W02""]","[""series_status"",""collab_work""]"
v1-93a6a8b8d40e754a,1.0,2026-10-08T02:45:18+00:00,【ハロー・ワールド】,idol_d4177c5c-4600-4381-b5da-758f87fc23d7,八宮めぐる,P,SR,unit_1,イルミネーションスターズ,2020-03-19,event_reward,[],unknown,,https://wikiwiki.jp/shinycolors/%E3%80%90%E3%83%8F%E3%83%AD%E3%83%BC%E3%83%BB%E3%83%AF%E3%83%BC%E3%83%AB%E3%83%89%E3%80%91%E5%85%AB%E5%AE%AE%E3%82%81%E3%81%90%E3%82%8B,observed,base,wiki_only,shinycolors_enza,5855e908-a397-43eb-b984-4ac5a1ba873d,5855e908-a397-43eb-b984-4ac5a1ba873d,2026-10-06T16:29:53+00:00,"[""W02""]","[""series_status"",""collab_work""]"
v1-93a6a8b8d40e754a,1.0,2026-10-08T02:45:18+00:00,【'25Pカップ】,idol_e5ce74fd-2caf-4c1d-a696-0b1f17f7a53e,福丸小糸,S,SR,unit_6,ノクチル,2025-04-15,event_reward,[],unknown,,https://wikiwiki.jp/shinycolors/%E3%80%90%2725P%E3%82%AB%E3%83%83%E3%83%97%E3%80%91%E7%A6%8F%E4%B8%B8%E5%B0%8F%E7%B3%B8,observed,base,wiki_only,shinycolors_enza,587eac9e-f7e9-48f3-939c-40803a1b0783,587eac9e-f7e9-48f3-939c-40803a1b0783,2026-10-06T16:29:53+00:00,"[""W03""]","[""series_status"",""collab_work""]"
v1-93a6a8b8d40e754a,1.0,2026-10-08T02:45:18+00:00,【わがままサンライズ】,idol_d4177c5c-4600-4381-b5da-758f87fc23d7,八宮めぐる,S,SSR,unit_1,イルミネーションスターズ,2025-01-30,limited_gacha,[],unknown,,https://wikiwiki.jp/shinycolors/%E3%80%90%E3%82%8F%E3%81%8C%E3%81%BE%E3%81%BE%E3%82%B5%E3%83%B3%E3%83%A9%E3%82%A4%E3%82%BA%E3%80%91%E5%85%AB%E5%AE%AE%E3%82%81%E3%81%90%E3%82%8B,observed,base,wiki_only,shinycolors_enza,58906e87-1029-42d8-83e5-82269e03f1c8,58906e87-1029-42d8-83e5-82269e03f1c8,2026-10-06T16:29:53+00:00,"[""W03""]","[""series_status"",""collab_work""]"
v1-93a6a8b8d40e754a,1.0,2026-10-08T02:45:18+00:00,【In white】,idol_442d4ba1-d448-4939-b780-a4e0dc3b73d3,有馬かな,P,SSR,,,2024-08-14,collaboration_gacha,[],unknown,【推しの子】,https://wikiwiki.jp/shinycolors/%E3%80%90In%20white%E3%80%91%E6%9C%89%E9%A6%AC%E3%81%8B%E3%81%AA,observed,base,wiki_only,shinycolors_enza,58c7a5c5-b153-4856-b2a5-751b3c54bf59,58c7a5c5-b153-4856-b2a5-751b3c54bf59,2026-10-06T16:29:53+00:00,"[""W02""]","[""unit_id"",""unit_name"",""series_status""]"
v1-93a6a8b8d40e754a,1.0,2026-10-08T02:45:18+00:00,【きみだけ！】,idol_df07e98b-12f2-4984-b8f6-8da0a47c0cc7,小宮果穂,P,SSR,unit_3,放課後クライマックスガールズ,2024-01-30,limited_gacha,[],unknown,,https://wikiwiki.jp/shinycolors/%E3%80%90%E3%81%8D%E3%81%BF%E3%81%A0%E3%81%91%EF%BC%81%E3%80%91%E5%B0%8F%E5%AE%AE%E6%9E%9C%E7%A9%82,observed,base,wiki_only,shinycolors_enza,58e0f5fc-42f0-4299-8e95-2b029ed5d000,58e0f5fc-42f0-4299-8e95-2b029ed5d000,2026-10-06T16:29:53+00:00,"[""W02""]","[""series_status"",""collab_work""]"
v1-93a6a8b8d40e754a,1.0,2026-10-08T02:45:18+00:00,【黄昏時に会いましょう】,idol_52544385-3ea1-42e6-bb47-faff2c6f9b4f,桑山千雪,S,SSR,unit_4,アルストロメリア,2021-10-12,permanent_gacha,[],unknown,,https://wikiwiki.jp/shinycolors/%E3%80%90%E9%BB%84%E6%98%8F%E6%99%82%E3%81%AB%E4%BC%9A%E3%81%84%E3%81%BE%E3%81%97%E3%82%87%E3%81%86%E3%80%91%E6%A1%91%E5%B1%B1%E5%8D%83%E9%9B%AA,observed,base,wiki_only,shinycolors_enza,58fad9d2-2a98-4c3c-bcad-a9b99a3d828b,58fad9d2-2a98-4c3c-bcad-a9b99a3d828b,2026-10-06T16:29:53+00:00,"[""W03""]","[""series_status"",""collab_work""]"
v1-93a6a8b8d40e754a,1.0,2026-10-08T02:45:18+00:00,【紅茶夢現】,idol_a2f858c3-da6e-4d6f-b777-5367a2671399,黛冬優子,P,SSR,unit_5,ストレイライト,2024-05-21,collection_gacha,"[""parallel""]",known,,https://wikiwiki.jp/shinycolors/%E3%80%90%E7%B4%85%E8%8C%B6%E5%A4%A2%E7%8F%BE%E3%80%91%E9%BB%9B%E5%86%AC%E5%84%AA%E5%AD%90,observed,base,wiki_only,shinycolors_enza,59389e46-549b-4e63-b4e4-fdfefc466dea,59389e46-549b-4e63-b4e4-fdfefc466dea,2026-10-06T16:29:53+00:00,"[""W02""]","[""collab_work""]"
v1-93a6a8b8d40e754a,1.0,2026-10-08T02:45:18+00:00,【螺旋 -Halo around-】,idol_f0b34f52-342b-4fdd-8231-816605449447,郁田はるき,S,SSR,unit_8,コメティック,2025-10-26,gacha_bonus,[],unknown,,https://wikiwiki.jp/shinycolors/%E3%80%90%E8%9E%BA%E6%97%8B%20-Halo%20around-%E3%80%91%E9%83%81%E7%94%B0%E3%81%AF%E3%82%8B%E3%81%8D,observed,base,wiki_only,shinycolors_enza,5a28354d-3f6c-4973-bd8e-d592e62a18d5,5a28354d-3f6c-4973-bd8e-d592e62a18d5,2026-10-06T16:29:53+00:00,"[""W03""]","[""series_status"",""collab_work""]"
v1-93a6a8b8d40e754a,1.0,2026-10-08T02:45:18+00:00,【白いツバサ】,idol_72d6d5b6-dc2b-4e7c-90be-eb4770ba589b,市川雛菜,P,R,unit_6,ノクチル,2020-04-12,permanent_gacha,[],unknown,,https://wikiwiki.jp/shinycolors/%E3%80%90%E7%99%BD%E3%81%84%E3%83%84%E3%83%90%E3%82%B5%E3%80%91%E5%B8%82%E5%B7%9D%E9%9B%9B%E8%8F%9C,observed,base,wiki_only,shinycolors_enza,5a2ca40e-cc71-4b9c-b5c1-b5c8c8ae423e,5a2ca40e-cc71-4b9c-b5c1-b5c8c8ae423e,2026-10-06T16:29:53+00:00,"[""W02""]","[""series_status"",""collab_work""]"
v1-93a6a8b8d40e754a,1.0,2026-10-08T02:45:18+00:00,【なけなしホリデー】,idol_736d3fca-9560-4156-96fc-66cc0159ea42,七草にちか,S,SSR,unit_7,シーズ,2024-09-18,permanent_gacha,[],unknown,,https://wikiwiki.jp/shinycolors/%E3%80%90%E3%81%AA%E3%81%91%E3%81%AA%E3%81%97%E3%83%9B%E3%83%AA%E3%83%87%E3%83%BC%E3%80%91%E4%B8%83%E8%8D%89%E3%81%AB%E3%81%A1%E3%81%8B,observed,base,wiki_only,shinycolors_enza,5a307bae-a4bb-42a2-bc88-4d429882db5b,5a307bae-a4bb-42a2-bc88-4d429882db5b,2026-10-06T16:29:53+00:00,"[""W03""]","[""series_status"",""collab_work""]"
v1-93a6a8b8d40e754a,1.0,2026-10-08T02:45:18+00:00,【SCHOOL/BIZARRE】,idol_e579db5c-0930-4984-aa40-ebe5a00e8a4f,幽谷霧子,S,SSR,unit_2,アンティーカ,2025-04-01,limited_gacha,[],unknown,,https://wikiwiki.jp/shinycolors/%E3%80%90SCHOOL%EF%BC%8FBIZARRE%E3%80%91%E5%B9%BD%E8%B0%B7%E9%9C%A7%E5%AD%90,observed,base,wiki_only,shinycolors_enza,5a3e8ce6-7290-4e7e-bd41-3995cece102f,5a3e8ce6-7290-4e7e-bd41-3995cece102f,2026-10-06T16:29:53+00:00,"[""W03""]","[""series_status"",""collab_work""]"
v1-93a6a8b8d40e754a,1.0,2026-10-08T02:45:18+00:00,【3名様極楽旅行記】,idol_813a7356-e821-43e7-b25f-c104ca28870d,西城樹里,S,SR,unit_3,放課後クライマックスガールズ,2018-11-19,permanent_gacha,[],unknown,,https://wikiwiki.jp/shinycolors/%E3%80%903%E5%90%8D%E6%A7%98%E6%A5%B5%E6%A5%BD%E6%97%85%E8%A1%8C%E8%A8%98%E3%80%91%E8%A5%BF%E5%9F%8E%E6%A8%B9%E9%87%8C,observed,base,wiki_only,shinycolors_enza,5a5a52e5-06f7-4185-b2d8-6ef19491926c,5a5a52e5-06f7-4185-b2d8-6ef19491926c,2026-10-06T16:29:54+00:00,"[""W03""]","[""series_status"",""collab_work""]"
v1-93a6a8b8d40e754a,1.0,2026-10-08T02:45:18+00:00,【約束ペタル】,idol_8c18b422-295c-4259-9e14-413685deb7f8,大崎甘奈,P,SSR,unit_4,アルストロメリア,2021-03-12,limited_gacha,[],unknown,,https://wikiwiki.jp/shinycolors/%E3%80%90%E7%B4%84%E6%9D%9F%E3%83%9A%E3%82%BF%E3%83%AB%E3%80%91%E5%A4%A7%E5%B4%8E%E7%94%98%E5%A5%88,observed,base,wiki_only,shinycolors_enza,5a621576-825d-401e-ad1c-89502e1674df,5a621576-825d-401e-ad1c-89502e1674df,2026-10-06T16:29:53+00:00,"[""W02""]","[""series_status"",""collab_work""]"
v1-93a6a8b8d40e754a,1.0,2026-10-08T02:45:18+00:00,【ふたりのりビークル】,idol_d4177c5c-4600-4381-b5da-758f87fc23d7,八宮めぐる,S,SSR,unit_1,イルミネーションスターズ,2026-07-22,limited_gacha,"[""birthday""]",known,,https://wikiwiki.jp/shinycolors/%E3%80%90%E3%81%B5%E3%81%9F%E3%82%8A%E3%81%AE%E3%82%8A%E3%83%93%E3%83%BC%E3%82%AF%E3%83%AB%E3%80%91%E5%85%AB%E5%AE%AE%E3%82%81%E3%81%90%E3%82%8B,observed,base,wiki_only,shinycolors_enza,5a6d26d2-0032-4251-86b5-807f5c9e1833,5a6d26d2-0032-4251-86b5-807f5c9e1833,2026-10-06T16:29:53+00:00,"[""W03""]","[""collab_work""]"
v1-93a6a8b8d40e754a,1.0,2026-10-08T02:45:18+00:00,【バトンをつないで】,idol_8c18b422-295c-4259-9e14-413685deb7f8,大崎甘奈,S,SR,unit_4,アルストロメリア,2024-06-15,campaign,[],unknown,,https://wikiwiki.jp/shinycolors/%E3%80%90%E3%83%90%E3%83%88%E3%83%B3%E3%82%92%E3%81%A4%E3%81%AA%E3%81%84%E3%81%A7%E3%80%91%E5%A4%A7%E5%B4%8E%E7%94%98%E5%A5%88,observed,base,wiki_only,shinycolors_enza,5a71eeca-9495-46f6-9245-49554cd0648d,5a71eeca-9495-46f6-9245-49554cd0648d,2026-10-06T16:29:54+00:00,"[""W03""]","[""series_status"",""collab_work""]"
v1-93a6a8b8d40e754a,1.0,2026-10-08T02:45:18+00:00,【'25Pカップランクイン】,idol_df07e98b-12f2-4984-b8f6-8da0a47c0cc7,小宮果穂,S,SSR,unit_3,放課後クライマックスガールズ,2025-04-15,event_reward,[],unknown,,https://wikiwiki.jp/shinycolors/%E3%80%90%2725P%E3%82%AB%E3%83%83%E3%83%97%E3%83%A9%E3%83%B3%E3%82%AF%E3%82%A4%E3%83%B3%E3%80%91%E5%B0%8F%E5%AE%AE%E6%9E%9C%E7%A9%82,observed,base,wiki_only,shinycolors_enza,5a785010-2ff7-407d-9be2-083a08593f46,5a785010-2ff7-407d-9be2-083a08593f46,2026-10-06T16:29:53+00:00,"[""W03""]","[""series_status"",""collab_work""]"
v1-93a6a8b8d40e754a,1.0,2026-10-08T02:45:18+00:00,【ほわっとバースデー】,idol_1,櫻木真乃,S,SSR,unit_1,イルミネーションスターズ,2026-04-25,limited_gacha,"[""birthday""]",known,,https://wikiwiki.jp/shinycolors/%E3%80%90%E3%81%BB%E3%82%8F%E3%81%A3%E3%81%A8%E3%83%90%E3%83%BC%E3%82%B9%E3%83%87%E3%83%BC%E3%80%91%E6%AB%BB%E6%9C%A8%E7%9C%9F%E4%B9%83,observed,base,wiki_only,shinycolors_enza,5ab41401-4aa4-4f0a-934b-2fe1a7e1f32d,5ab41401-4aa4-4f0a-934b-2fe1a7e1f32d,2026-10-06T16:29:53+00:00,"[""W03""]","[""collab_work""]"
v1-93a6a8b8d40e754a,1.0,2026-10-08T02:45:18+00:00,【吼・吼・熱・々】,idol_e579db5c-0930-4984-aa40-ebe5a00e8a4f,幽谷霧子,S,SSR,unit_2,アンティーカ,2022-09-30,event_reward,[],unknown,,https://wikiwiki.jp/shinycolors/%E3%80%90%E5%90%BC%E3%83%BB%E5%90%BC%E3%83%BB%E7%86%B1%E3%83%BB%E3%80%85%E3%80%91%E5%B9%BD%E8%B0%B7%E9%9C%A7%E5%AD%90,observed,base,wiki_only,shinycolors_enza,5afa3e5d-8c39-4f8a-8fd8-230b74bdecbc,5afa3e5d-8c39-4f8a-8fd8-230b74bdecbc,2026-10-06T16:29:53+00:00,"[""W03""]","[""series_status"",""collab_work""]"
v1-93a6a8b8d40e754a,1.0,2026-10-08T02:45:18+00:00,【'25Pカップ】,idol_8c18b422-295c-4259-9e14-413685deb7f8,大崎甘奈,S,SR,unit_4,アルストロメリア,2025-04-15,event_reward,[],unknown,,https://wikiwiki.jp/shinycolors/%E3%80%90%2725P%E3%82%AB%E3%83%83%E3%83%97%E3%80%91%E5%A4%A7%E5%B4%8E%E7%94%98%E5%A5%88,observed,base,wiki_only,shinycolors_enza,5b0b7d8a-fa10-4301-b26e-4818a0361867,5b0b7d8a-fa10-4301-b26e-4818a0361867,2026-10-06T16:29:53+00:00,"[""W03""]","[""series_status"",""collab_work""]"
v1-93a6a8b8d40e754a,1.0,2026-10-08T02:45:18+00:00,【公園探索記】,idol_3c398182-7760-439e-8c77-3c09d173aa4c,芹沢あさひ,S,SR,unit_5,ストレイライト,2025-07-30,collaboration_gacha,[],unknown,,https://wikiwiki.jp/shinycolors/%E3%80%90%E5%85%AC%E5%9C%92%E6%8E%A2%E7%B4%A2%E8%A8%98%E3%80%91%E8%8A%B9%E6%B2%A2%E3%81%82%E3%81%95%E3%81%B2,observed,base,wiki_only,shinycolors_enza,5b2af72d-5b8d-42cd-8777-970358d50d21,5b2af72d-5b8d-42cd-8777-970358d50d21,2026-10-06T16:29:53+00:00,"[""W03""]","[""series_status"",""collab_work""]"
v1-93a6a8b8d40e754a,1.0,2026-10-08T02:45:18+00:00,【ギア・アップ！ゴー・オン！】,idol_df07e98b-12f2-4984-b8f6-8da0a47c0cc7,小宮果穂,P,SSR,unit_3,放課後クライマックスガールズ,2022-02-28,limited_gacha,[],unknown,,https://wikiwiki.jp/shinycolors/%E3%80%90%E3%82%AE%E3%82%A2%E3%83%BB%E3%82%A2%E3%83%83%E3%83%97%EF%BC%81%E3%82%B4%E3%83%BC%E3%83%BB%E3%82%AA%E3%83%B3%EF%BC%81%E3%80%91%E5%B0%8F%E5%AE%AE%E6%9E%9C%E7%A9%82,observed,base,wiki_only,shinycolors_enza,5b7894f3-9e88-4186-aacb-cedd08f05312,5b7894f3-9e88-4186-aacb-cedd08f05312,2026-10-06T16:29:53+00:00,"[""W02""]","[""series_status"",""collab_work""]"
v1-93a6a8b8d40e754a,1.0,2026-10-08T02:45:18+00:00,【マイフェイバリット】,idol_52544385-3ea1-42e6-bb47-faff2c6f9b4f,桑山千雪,P,SR,unit_4,アルストロメリア,2018-04-24,permanent_gacha,[],unknown,,https://wikiwiki.jp/shinycolors/%E3%80%90%E3%83%9E%E3%82%A4%E3%83%95%E3%82%A7%E3%82%A4%E3%83%90%E3%83%AA%E3%83%83%E3%83%88%E3%80%91%E6%A1%91%E5%B1%B1%E5%8D%83%E9%9B%AA,observed,base,wiki_only,shinycolors_enza,5b822455-9a5d-4627-b3ee-7bfb8947e22b,5b822455-9a5d-4627-b3ee-7bfb8947e22b,2026-10-06T16:29:53+00:00,"[""W02""]","[""series_status"",""collab_work""]"
v1-93a6a8b8d40e754a,1.0,2026-10-08T02:45:18+00:00,【く　ら　く　ら】,idol_81093365-1df1-4e6c-a252-27625c47ab96,三峰結華,P,SSR,unit_2,アンティーカ,2020-07-31,limited_gacha,[],unknown,,https://wikiwiki.jp/shinycolors/%E3%80%90%E3%81%8F%E3%80%80%E3%82%89%E3%80%80%E3%81%8F%E3%80%80%E3%82%89%E3%80%91%E4%B8%89%E5%B3%B0%E7%B5%90%E8%8F%AF,observed,base,wiki_only,shinycolors_enza,5baaa688-7cab-4dbd-a9cc-446dd1cd7442,5baaa688-7cab-4dbd-a9cc-446dd1cd7442,2026-10-06T16:29:53+00:00,"[""W02""]","[""series_status"",""collab_work""]"
v1-93a6a8b8d40e754a,1.0,2026-10-08T02:45:18+00:00,【フロイラインに心酔】,idol_7,園田智代子,P,SR,unit_3,放課後クライマックスガールズ,2021-11-19,event_reward,[],unknown,,https://wikiwiki.jp/shinycolors/%E3%80%90%E3%83%95%E3%83%AD%E3%82%A4%E3%83%A9%E3%82%A4%E3%83%B3%E3%81%AB%E5%BF%83%E9%85%94%E3%80%91%E5%9C%92%E7%94%B0%E6%99%BA%E4%BB%A3%E5%AD%90,observed,base,wiki_only,shinycolors_enza,5bee9fa1-fed8-4251-ac30-5380982f1769,5bee9fa1-fed8-4251-ac30-5380982f1769,2026-10-06T16:29:53+00:00,"[""W02""]","[""series_status"",""collab_work""]"
v1-93a6a8b8d40e754a,1.0,2026-10-08T02:45:18+00:00,【夏、どがんね～？】,idol_e91e6363-2dc9-42c1-bbf1-a759e797c2d1,月岡恋鐘,S,SSR,unit_2,アンティーカ,2019-07-10,permanent_gacha,[],unknown,,https://wikiwiki.jp/shinycolors/%E3%80%90%E5%A4%8F%E3%80%81%E3%81%A9%E3%81%8C%E3%82%93%E3%81%AD%EF%BD%9E%EF%BC%9F%E3%80%91%E6%9C%88%E5%B2%A1%E6%81%8B%E9%90%98,observed,base,wiki_only,shinycolors_enza,5c15c9af-2c62-425a-bbcf-cdd88e7f879d,5c15c9af-2c62-425a-bbcf-cdd88e7f879d,2026-10-06T16:29:53+00:00,"[""W03""]","[""series_status"",""collab_work""]"
v1-93a6a8b8d40e754a,1.0,2026-10-08T02:45:18+00:00,【分光-3-】,idol_ef328a51-2928-4d2d-a44f-5e3b92d305cf,白瀬咲耶,S,SSR,unit_2,アンティーカ,2025-03-28,other_bonus,[],unknown,,https://wikiwiki.jp/shinycolors/%E3%80%90%E5%88%86%E5%85%89-3-%E3%80%91%E7%99%BD%E7%80%AC%E5%92%B2%E8%80%B6,observed,base,wiki_only,shinycolors_enza,5c5c4f49-b023-4a11-9951-75a23f55e9e2,5c5c4f49-b023-4a11-9951-75a23f55e9e2,2026-10-06T16:33:41+00:00,"[""W03""]","[""series_status"",""collab_work""]"
v1-93a6a8b8d40e754a,1.0,2026-10-08T02:45:18+00:00,【イン・ザ・ピンク】,idol_6,田中摩美々,S,SR,unit_2,アンティーカ,2021-01-12,event_reward,[],unknown,,https://wikiwiki.jp/shinycolors/%E3%80%90%E3%82%A4%E3%83%B3%E3%83%BB%E3%82%B6%E3%83%BB%E3%83%94%E3%83%B3%E3%82%AF%E3%80%91%E7%94%B0%E4%B8%AD%E6%91%A9%E7%BE%8E%E3%80%85,observed,base,wiki_only,shinycolors_enza,5c6a3a47-ee9c-40a7-8548-54d74314bbc9,5c6a3a47-ee9c-40a7-8548-54d74314bbc9,2026-10-06T16:29:53+00:00,"[""W03""]","[""series_status"",""collab_work""]"
v1-93a6a8b8d40e754a,1.0,2026-10-08T02:45:18+00:00,【prince×princess】,idol_ef328a51-2928-4d2d-a44f-5e3b92d305cf,白瀬咲耶,S,SSR,unit_2,アンティーカ,2019-11-11,permanent_gacha,[],unknown,,https://wikiwiki.jp/shinycolors/%E3%80%90prince%C3%97princess%E3%80%91%E7%99%BD%E7%80%AC%E5%92%B2%E8%80%B6,observed,base,wiki_only,shinycolors_enza,5c70c3ca-5f70-4034-a2f0-f0d2c7c50b9a,5c70c3ca-5f70-4034-a2f0-f0d2c7c50b9a,2026-10-06T16:29:53+00:00,"[""W03""]","[""series_status"",""collab_work""]"
v1-93a6a8b8d40e754a,1.0,2026-10-08T02:45:18+00:00,【ONSTAGE？】,idol_a2f858c3-da6e-4d6f-b777-5367a2671399,黛冬優子,P,SSR,unit_5,ストレイライト,2021-07-31,limited_gacha,[],unknown,,https://wikiwiki.jp/shinycolors/%E3%80%90ONSTAGE%EF%BC%9F%E3%80%91%E9%BB%9B%E5%86%AC%E5%84%AA%E5%AD%90,observed,base,wiki_only,shinycolors_enza,5c9b3010-39b7-4c3d-984c-23e99ae33145,5c9b3010-39b7-4c3d-984c-23e99ae33145,2026-10-06T16:29:53+00:00,"[""W02""]","[""series_status"",""collab_work""]"
v1-93a6a8b8d40e754a,1.0,2026-10-08T02:45:18+00:00,【ああひかりよ】,idol_d4177c5c-4600-4381-b5da-758f87fc23d7,八宮めぐる,S,SSR,unit_1,イルミネーションスターズ,2019-10-31,event_reward,[],unknown,,https://wikiwiki.jp/shinycolors/%E3%80%90%E3%81%82%E3%81%82%E3%81%B2%E3%81%8B%E3%82%8A%E3%82%88%E3%80%91%E5%85%AB%E5%AE%AE%E3%82%81%E3%81%90%E3%82%8B,observed,base,wiki_only,shinycolors_enza,5ca4d09a-883e-4059-b7c2-ad285a791123,5ca4d09a-883e-4059-b7c2-ad285a791123,2026-10-06T16:29:53+00:00,"[""W03""]","[""series_status"",""collab_work""]"
v1-93a6a8b8d40e754a,1.0,2026-10-08T02:45:18+00:00,【ハッピーの答えはどこに？】,idol_8c18b422-295c-4259-9e14-413685deb7f8,大崎甘奈,S,SSR,unit_4,アルストロメリア,2019-04-29,event_reward,[],unknown,,https://wikiwiki.jp/shinycolors/%E3%80%90%E3%83%8F%E3%83%83%E3%83%94%E3%83%BC%E3%81%AE%E7%AD%94%E3%81%88%E3%81%AF%E3%81%A9%E3%81%93%E3%81%AB%EF%BC%9F%E3%80%91%E5%A4%A7%E5%B4%8E%E7%94%98%E5%A5%88,observed,base,wiki_only,shinycolors_enza,5cd46eae-a0c8-442a-898d-31e3c5f851c6,5cd46eae-a0c8-442a-898d-31e3c5f851c6,2026-10-06T16:29:53+00:00,"[""W03""]","[""series_status"",""collab_work""]"
v1-93a6a8b8d40e754a,1.0,2026-10-08T02:45:18+00:00,【白いツバサ】,idol_1,櫻木真乃,P,SR,unit_1,イルミネーションスターズ,,mission,[],unknown,,https://wikiwiki.jp/shinycolors/%E3%80%90%E7%99%BD%E3%81%84%E3%83%84%E3%83%90%E3%82%B5%E3%80%91%E6%AB%BB%E6%9C%A8%E7%9C%9F%E4%B9%83,observed,idol_road_sr,wiki_only,shinycolors_enza,5d58f65d-7071-4ed0-98fc-f57654e2c270,f1043dab-f520-4e7c-91d2-0fe3275061d5,2026-10-06T16:29:54+00:00,"[""W08""]","[""first_implemented_on"",""series_status"",""collab_work""]"
v1-93a6a8b8d40e754a,1.0,2026-10-08T02:45:18+00:00,【アイドルロード】,idol_4,鈴木羽那,P,SSR,unit_8,コメティック,,mission,[],unknown,,https://wikiwiki.jp/shinycolors/%E3%80%90%E7%99%BD%E3%81%84%E3%83%84%E3%83%90%E3%82%B5%E3%80%91%E9%88%B4%E6%9C%A8%E7%BE%BD%E9%82%A3,observed,idol_road_ssr,wiki_only,shinycolors_enza,5d5c0747-63d5-4e1f-bae3-c7651a82411f,02263250-b41c-4078-9e19-ff5b044a6e28,2026-10-06T16:29:54+00:00,"[""W08""]","[""first_implemented_on"",""series_status"",""collab_work""]"
v1-93a6a8b8d40e754a,1.0,2026-10-08T02:45:18+00:00,【283プロのヒナ】,idol_3,浅倉透,S,R,unit_6,ノクチル,2020-04-13,permanent_gacha,[],unknown,,https://wikiwiki.jp/shinycolors/%E3%80%90283%E3%83%97%E3%83%AD%E3%81%AE%E3%83%92%E3%83%8A%E3%80%91%E6%B5%85%E5%80%89%E9%80%8F,observed,base,wiki_only,shinycolors_enza,5d66416a-30a4-46a7-9dcc-2642eb9abd82,5d66416a-30a4-46a7-9dcc-2642eb9abd82,2026-10-06T16:29:54+00:00,"[""W03""]","[""series_status"",""collab_work""]"
v1-93a6a8b8d40e754a,1.0,2026-10-08T02:45:18+00:00,【つよがりのためのララバイ】,idol_52544385-3ea1-42e6-bb47-faff2c6f9b4f,桑山千雪,P,SSR,unit_4,アルストロメリア,2022-02-19,permanent_gacha,[],unknown,,https://wikiwiki.jp/shinycolors/%E3%80%90%E3%81%A4%E3%82%88%E3%81%8C%E3%82%8A%E3%81%AE%E3%81%9F%E3%82%81%E3%81%AE%E3%83%A9%E3%83%A9%E3%83%90%E3%82%A4%E3%80%91%E6%A1%91%E5%B1%B1%E5%8D%83%E9%9B%AA,observed,base,wiki_only,shinycolors_enza,5d854771-006c-45e4-b66f-62f938c353a1,5d854771-006c-45e4-b66f-62f938c353a1,2026-10-06T16:29:53+00:00,"[""W02""]","[""series_status"",""collab_work""]"
v1-93a6a8b8d40e754a,1.0,2026-10-08T02:45:18+00:00,【洸】,idol_0e2d3420-7295-4510-929d-01bf8378e12a,風野灯織,P,SSR,unit_1,イルミネーションスターズ,2022-08-10,permanent_gacha,[],unknown,,https://wikiwiki.jp/shinycolors/%E3%80%90%E6%B4%B8%E3%80%91%E9%A2%A8%E9%87%8E%E7%81%AF%E7%B9%94,observed,base,wiki_only,shinycolors_enza,5d8ac135-56c6-4bf6-b97d-8badd171fa0f,5d8ac135-56c6-4bf6-b97d-8badd171fa0f,2026-10-06T16:29:53+00:00,"[""W02""]","[""series_status"",""collab_work""]"
v1-93a6a8b8d40e754a,1.0,2026-10-08T02:45:18+00:00,【足りない隙間】,idol_0e2d3420-7295-4510-929d-01bf8378e12a,風野灯織,P,SR,unit_1,イルミネーションスターズ,2022-09-20,event_reward,[],unknown,,https://wikiwiki.jp/shinycolors/%E3%80%90%E8%B6%B3%E3%82%8A%E3%81%AA%E3%81%84%E9%9A%99%E9%96%93%E3%80%91%E9%A2%A8%E9%87%8E%E7%81%AF%E7%B9%94,observed,base,wiki_only,shinycolors_enza,5da9acd0-34cd-4360-b1c0-31043e2bc9de,5da9acd0-34cd-4360-b1c0-31043e2bc9de,2026-10-06T16:29:53+00:00,"[""W02""]","[""series_status"",""collab_work""]"
v1-93a6a8b8d40e754a,1.0,2026-10-08T02:45:18+00:00,【シンギ】,idol_0c19be81-d3e3-4383-b5d4-0a94b290dba9,斑鳩ルカ,P,SSR,unit_8,コメティック,2026-02-27,collection_gacha,"[""casting""]",known,,https://wikiwiki.jp/shinycolors/%E3%80%90%E3%82%B7%E3%83%B3%E3%82%AE%E3%80%91%E6%96%91%E9%B3%A9%E3%83%AB%E3%82%AB,observed,base,wiki_only,shinycolors_enza,5dbdcfbf-f2a0-4ff0-8fce-151f3c0670be,5dbdcfbf-f2a0-4ff0-8fce-151f3c0670be,2026-10-06T16:29:53+00:00,"[""W02""]","[""collab_work""]"
v1-93a6a8b8d40e754a,1.0,2026-10-08T02:45:18+00:00,【ソー・ディフィカルト！】,idol_df07e98b-12f2-4984-b8f6-8da0a47c0cc7,小宮果穂,P,SR,unit_3,放課後クライマックスガールズ,2022-01-20,event_reward,[],unknown,,https://wikiwiki.jp/shinycolors/%E3%80%90%E3%82%BD%E3%83%BC%E3%83%BB%E3%83%87%E3%82%A3%E3%83%95%E3%82%A3%E3%82%AB%E3%83%AB%E3%83%88%EF%BC%81%E3%80%91%E5%B0%8F%E5%AE%AE%E6%9E%9C%E7%A9%82,observed,base,wiki_only,shinycolors_enza,5ecfc920-8194-4af7-98a9-f51e8af8253a,5ecfc920-8194-4af7-98a9-f51e8af8253a,2026-10-06T16:29:53+00:00,"[""W02""]","[""series_status"",""collab_work""]"
v1-93a6a8b8d40e754a,1.0,2026-10-08T02:45:18+00:00,【MUGEN BEAT】,idol_d4177c5c-4600-4381-b5da-758f87fc23d7,八宮めぐる,S,SR,unit_1,イルミネーションスターズ,2022-10-24,gacha_bonus,[],unknown,,https://wikiwiki.jp/shinycolors/%E3%80%90MUGEN%20BEAT%E3%80%91%E5%85%AB%E5%AE%AE%E3%82%81%E3%81%90%E3%82%8B,observed,base,wiki_only,shinycolors_enza,5f0112c3-083c-4ce7-afce-52cc40306226,5f0112c3-083c-4ce7-afce-52cc40306226,2026-10-06T16:29:54+00:00,"[""W03""]","[""series_status"",""collab_work""]"
v1-93a6a8b8d40e754a,1.0,2026-10-08T02:45:18+00:00,【やさしいミライ】,idol_736d3fca-9560-4156-96fc-66cc0159ea42,七草にちか,S,SSR,unit_7,シーズ,2026-07-26,limited_gacha,"[""birthday""]",known,,https://wikiwiki.jp/shinycolors/%E3%80%90%E3%82%84%E3%81%95%E3%81%97%E3%81%84%E3%83%9F%E3%83%A9%E3%82%A4%E3%80%91%E4%B8%83%E8%8D%89%E3%81%AB%E3%81%A1%E3%81%8B,observed,base,wiki_only,shinycolors_enza,5f662d9a-b460-4975-a7fd-16f9ff1ea3f4,5f662d9a-b460-4975-a7fd-16f9ff1ea3f4,2026-10-06T16:29:53+00:00,"[""W03""]","[""collab_work""]"
v1-93a6a8b8d40e754a,1.0,2026-10-08T02:45:18+00:00,【ブルーミングハート】,idol_52544385-3ea1-42e6-bb47-faff2c6f9b4f,桑山千雪,S,SR,unit_4,アルストロメリア,2018-05-21,event_reward,[],unknown,,https://wikiwiki.jp/shinycolors/%E3%80%90%E3%83%96%E3%83%AB%E3%83%BC%E3%83%9F%E3%83%B3%E3%82%B0%E3%83%8F%E3%83%BC%E3%83%88%E3%80%91%E6%A1%91%E5%B1%B1%E5%8D%83%E9%9B%AA,observed,base,wiki_only,shinycolors_enza,5f8a3feb-224d-4ff8-b8db-a2d25c879572,5f8a3feb-224d-4ff8-b8db-a2d25c879572,2026-10-06T16:29:53+00:00,"[""W03""]","[""series_status"",""collab_work""]"
v1-93a6a8b8d40e754a,1.0,2026-10-08T02:45:18+00:00,【'25Pカップ】,idol_e91e6363-2dc9-42c1-bbf1-a759e797c2d1,月岡恋鐘,S,SR,unit_2,アンティーカ,2025-04-15,event_reward,[],unknown,,https://wikiwiki.jp/shinycolors/%E3%80%90%2725P%E3%82%AB%E3%83%83%E3%83%97%E3%80%91%E6%9C%88%E5%B2%A1%E6%81%8B%E9%90%98,observed,base,wiki_only,shinycolors_enza,5fa3147e-b30e-442d-b278-77029fbb302f,5fa3147e-b30e-442d-b278-77029fbb302f,2026-10-06T16:29:53+00:00,"[""W03""]","[""series_status"",""collab_work""]"
v1-93a6a8b8d40e754a,1.0,2026-10-08T02:45:18+00:00,【雨に祝福】,idol_81093365-1df1-4e6c-a252-27625c47ab96,三峰結華,P,SSR,unit_2,アンティーカ,2020-11-10,permanent_gacha,[],unknown,,https://wikiwiki.jp/shinycolors/%E3%80%90%E9%9B%A8%E3%81%AB%E7%A5%9D%E7%A6%8F%E3%80%91%E4%B8%89%E5%B3%B0%E7%B5%90%E8%8F%AF,observed,base,wiki_only,shinycolors_enza,5fbc8433-104d-4a6e-8c4c-0efff770375c,5fbc8433-104d-4a6e-8c4c-0efff770375c,2026-10-06T16:29:53+00:00,"[""W02""]","[""series_status"",""collab_work""]"
v1-93a6a8b8d40e754a,1.0,2026-10-08T02:45:18+00:00,【まわる音色、君色のかおり】,idol_1,櫻木真乃,S,SR,unit_1,イルミネーションスターズ,2020-09-11,event_reward,[],unknown,,https://wikiwiki.jp/shinycolors/%E3%80%90%E3%81%BE%E3%82%8F%E3%82%8B%E9%9F%B3%E8%89%B2%E3%80%81%E5%90%9B%E8%89%B2%E3%81%AE%E3%81%8B%E3%81%8A%E3%82%8A%E3%80%91%E6%AB%BB%E6%9C%A8%E7%9C%9F%E4%B9%83,observed,base,wiki_only,shinycolors_enza,60001451-29e8-48e1-b1ea-42129fbf0333,60001451-29e8-48e1-b1ea-42129fbf0333,2026-10-06T16:29:53+00:00,"[""W03""]","[""series_status"",""collab_work""]"
v1-93a6a8b8d40e754a,1.0,2026-10-08T02:45:18+00:00,【白いツバサ】,idol_72d6d5b6-dc2b-4e7c-90be-eb4770ba589b,市川雛菜,P,SR,unit_6,ノクチル,,mission,[],unknown,,https://wikiwiki.jp/shinycolors/%E3%80%90%E7%99%BD%E3%81%84%E3%83%84%E3%83%90%E3%82%B5%E3%80%91%E5%B8%82%E5%B7%9D%E9%9B%9B%E8%8F%9C,observed,idol_road_sr,wiki_only,shinycolors_enza,6004c676-2ad2-491e-9a6a-13ba34a53624,5a2ca40e-cc71-4b9c-b5c1-b5c8c8ae423e,2026-10-06T16:29:54+00:00,"[""W08""]","[""first_implemented_on"",""series_status"",""collab_work""]"
v1-93a6a8b8d40e754a,1.0,2026-10-08T02:45:18+00:00,【マイバレンタイン】,idol_92b8326c-72f5-4a2e-8581-7110738045f3,有栖川夏葉,P,SSR,unit_3,放課後クライマックスガールズ,2022-02-10,limited_gacha,[],unknown,,https://wikiwiki.jp/shinycolors/%E3%80%90%E3%83%9E%E3%82%A4%E3%83%90%E3%83%AC%E3%83%B3%E3%82%BF%E3%82%A4%E3%83%B3%E3%80%91%E6%9C%89%E6%A0%96%E5%B7%9D%E5%A4%8F%E8%91%89,observed,base,wiki_only,shinycolors_enza,6037e5fc-b35e-4d65-889e-b9bd1a02b84e,6037e5fc-b35e-4d65-889e-b9bd1a02b84e,2026-10-06T16:29:53+00:00,"[""W02""]","[""series_status"",""collab_work""]"
v1-93a6a8b8d40e754a,1.0,2026-10-08T02:45:18+00:00,【@満喫＆満腹】,idol_a1ecc291-124c-4aaa-8346-467a4386234b,七草はづき,S,SR,,,2025-09-23,other_bonus,[],unknown,,https://wikiwiki.jp/shinycolors/%E3%80%90%40%E6%BA%80%E5%96%AB%EF%BC%86%E6%BA%80%E8%85%B9%E3%80%91%E4%B8%83%E8%8D%89%E3%81%AF%E3%81%A5%E3%81%8D,observed,base,wiki_only,shinycolors_enza,60689c5c-b280-4c95-82a2-556b64fe127b,60689c5c-b280-4c95-82a2-556b64fe127b,2026-10-06T16:33:42+00:00,"[""W03""]","[""unit_id"",""unit_name"",""series_status"",""collab_work""]"
v1-93a6a8b8d40e754a,1.0,2026-10-08T02:45:18+00:00,【CONTRAIL】,idol_6874153a-a7f6-426a-98f0-815f121eeca4,緋田美琴,P,SSR,unit_7,シーズ,2022-04-30,limited_gacha,[],unknown,,https://wikiwiki.jp/shinycolors/%E3%80%90CONTRAIL%E3%80%91%E7%B7%8B%E7%94%B0%E7%BE%8E%E7%90%B4,observed,base,wiki_only,shinycolors_enza,608cc65c-2556-4ffb-8d84-e246412d4732,608cc65c-2556-4ffb-8d84-e246412d4732,2026-10-06T16:29:53+00:00,"[""W02""]","[""series_status"",""collab_work""]"
v1-93a6a8b8d40e754a,1.0,2026-10-08T02:45:18+00:00,【ねぇねぇ先生、質問です！】,idol_df07e98b-12f2-4984-b8f6-8da0a47c0cc7,小宮果穂,P,SSR,unit_3,放課後クライマックスガールズ,2025-11-29,collection_gacha,"[""casting""]",known,,https://wikiwiki.jp/shinycolors/%E3%80%90%E3%81%AD%E3%81%87%E3%81%AD%E3%81%87%E5%85%88%E7%94%9F%E3%80%81%E8%B3%AA%E5%95%8F%E3%81%A7%E3%81%99%EF%BC%81%E3%80%91%E5%B0%8F%E5%AE%AE%E6%9E%9C%E7%A9%82,observed,base,wiki_only,shinycolors_enza,60d832ae-aa3f-4986-9007-f6ce798e314b,60d832ae-aa3f-4986-9007-f6ce798e314b,2026-10-06T16:29:53+00:00,"[""W02""]","[""collab_work""]"
v1-93a6a8b8d40e754a,1.0,2026-10-08T02:45:18+00:00,【小さな夜のトロイメライ】,idol_d4177c5c-4600-4381-b5da-758f87fc23d7,八宮めぐる,P,SR,unit_1,イルミネーションスターズ,2018-12-21,permanent_gacha,[],unknown,,https://wikiwiki.jp/shinycolors/%E3%80%90%E5%B0%8F%E3%81%95%E3%81%AA%E5%A4%9C%E3%81%AE%E3%83%88%E3%83%AD%E3%82%A4%E3%83%A1%E3%83%A9%E3%82%A4%E3%80%91%E5%85%AB%E5%AE%AE%E3%82%81%E3%81%90%E3%82%8B,observed,base,wiki_only,shinycolors_enza,60f93bd2-32fa-400e-b5de-945b2e5962e1,60f93bd2-32fa-400e-b5de-945b2e5962e1,2026-10-06T16:29:53+00:00,"[""W02""]","[""series_status"",""collab_work""]"
v1-93a6a8b8d40e754a,1.0,2026-10-08T02:45:18+00:00,【レンズの先に見えたもの】,idol_0e2d3420-7295-4510-929d-01bf8378e12a,風野灯織,S,SSR,unit_1,イルミネーションスターズ,2024-10-18,collection_gacha,"[""twilights""]",known,,https://wikiwiki.jp/shinycolors/%E3%80%90%E3%83%AC%E3%83%B3%E3%82%BA%E3%81%AE%E5%85%88%E3%81%AB%E8%A6%8B%E3%81%88%E3%81%9F%E3%82%82%E3%81%AE%E3%80%91%E9%A2%A8%E9%87%8E%E7%81%AF%E7%B9%94,observed,base,wiki_only,shinycolors_enza,612d115c-3516-413b-83e3-1abcb996d8d2,612d115c-3516-413b-83e3-1abcb996d8d2,2026-10-06T16:29:53+00:00,"[""W03""]","[""collab_work""]"
v1-93a6a8b8d40e754a,1.0,2026-10-08T02:45:18+00:00,【アイドルロード】,idol_3c398182-7760-439e-8c77-3c09d173aa4c,芹沢あさひ,P,SSR,unit_5,ストレイライト,,mission,[],unknown,,https://wikiwiki.jp/shinycolors/%E3%80%90%E7%99%BD%E3%81%84%E3%83%84%E3%83%90%E3%82%B5%E3%80%91%E8%8A%B9%E6%B2%A2%E3%81%82%E3%81%95%E3%81%B2,observed,idol_road_ssr,wiki_only,shinycolors_enza,616d8ae5-8029-4f5a-a9c4-681e0d86dce4,1f8e9c3e-43c4-4625-8782-b343bd685c0a,2026-10-06T16:29:54+00:00,"[""W08""]","[""first_implemented_on"",""series_status"",""collab_work""]"
v1-93a6a8b8d40e754a,1.0,2026-10-08T02:45:18+00:00,【LATE】,idol_6874153a-a7f6-426a-98f0-815f121eeca4,緋田美琴,S,SSR,unit_7,シーズ,2022-02-10,limited_gacha,[],unknown,,https://wikiwiki.jp/shinycolors/%E3%80%90LATE%E3%80%91%E7%B7%8B%E7%94%B0%E7%BE%8E%E7%90%B4,observed,base,wiki_only,shinycolors_enza,6175d84b-9175-4b2d-becd-923f4293152b,6175d84b-9175-4b2d-becd-923f4293152b,2026-10-06T16:29:53+00:00,"[""W03""]","[""series_status"",""collab_work""]"
v1-93a6a8b8d40e754a,1.0,2026-10-08T02:45:18+00:00,【雪染めロマンティカ】,idol_ef328a51-2928-4d2d-a44f-5e3b92d305cf,白瀬咲耶,P,SR,unit_2,アンティーカ,2020-01-20,event_reward,[],unknown,,https://wikiwiki.jp/shinycolors/%E3%80%90%E9%9B%AA%E6%9F%93%E3%82%81%E3%83%AD%E3%83%9E%E3%83%B3%E3%83%86%E3%82%A3%E3%82%AB%E3%80%91%E7%99%BD%E7%80%AC%E5%92%B2%E8%80%B6,observed,base,wiki_only,shinycolors_enza,617ba412-59ec-412c-8cdb-1e3be15ec67a,617ba412-59ec-412c-8cdb-1e3be15ec67a,2026-10-06T16:29:53+00:00,"[""W02""]","[""series_status"",""collab_work""]"
v1-93a6a8b8d40e754a,1.0,2026-10-08T02:45:18+00:00,【ライブ前】,idol_e579db5c-0930-4984-aa40-ebe5a00e8a4f,幽谷霧子,S,SR,unit_2,アンティーカ,2024-06-15,gacha_bonus,[],unknown,,https://wikiwiki.jp/shinycolors/%E3%80%90%E3%83%A9%E3%82%A4%E3%83%96%E5%89%8D%E3%80%91%E5%B9%BD%E8%B0%B7%E9%9C%A7%E5%AD%90,observed,base,wiki_only,shinycolors_enza,618aea47-0f6b-4e23-bc97-c308a8b838d6,618aea47-0f6b-4e23-bc97-c308a8b838d6,2026-10-06T16:29:54+00:00,"[""W03""]","[""series_status"",""collab_work""]"
v1-93a6a8b8d40e754a,1.0,2026-10-08T02:45:18+00:00,【空と青とアイツ】,idol_3c398182-7760-439e-8c77-3c09d173aa4c,芹沢あさひ,P,SSR,unit_5,ストレイライト,2020-04-01,limited_gacha,[],unknown,,https://wikiwiki.jp/shinycolors/%E3%80%90%E7%A9%BA%E3%81%A8%E9%9D%92%E3%81%A8%E3%82%A2%E3%82%A4%E3%83%84%E3%80%91%E8%8A%B9%E6%B2%A2%E3%81%82%E3%81%95%E3%81%B2,observed,base,wiki_only,shinycolors_enza,61cc1bd4-7e25-470c-8fc8-6bea9d06ab3b,61cc1bd4-7e25-470c-8fc8-6bea9d06ab3b,2026-10-06T16:29:53+00:00,"[""W02""]","[""series_status"",""collab_work""]"
v1-93a6a8b8d40e754a,1.0,2026-10-08T02:45:18+00:00,【'25Pカップランクイン】,idol_b1cc8f6f-feab-4add-b5d9-d8777add7f60,大崎甜花,S,SSR,unit_4,アルストロメリア,2025-04-15,event_reward,[],unknown,,https://wikiwiki.jp/shinycolors/%E3%80%90%2725P%E3%82%AB%E3%83%83%E3%83%97%E3%83%A9%E3%83%B3%E3%82%AF%E3%82%A4%E3%83%B3%E3%80%91%E5%A4%A7%E5%B4%8E%E7%94%9C%E8%8A%B1,observed,base,wiki_only,shinycolors_enza,622a7e04-c1e2-4dbe-9eec-7ef9ac150e64,622a7e04-c1e2-4dbe-9eec-7ef9ac150e64,2026-10-06T16:29:53+00:00,"[""W03""]","[""series_status"",""collab_work""]"
v1-93a6a8b8d40e754a,1.0,2026-10-08T02:45:18+00:00,【当たり前みたいに】,idol_0c19be81-d3e3-4383-b5d4-0a94b290dba9,斑鳩ルカ,S,SSR,unit_8,コメティック,2026-01-31,limited_gacha,"[""birthday""]",known,,https://wikiwiki.jp/shinycolors/%E3%80%90%E5%BD%93%E3%81%9F%E3%82%8A%E5%89%8D%E3%81%BF%E3%81%9F%E3%81%84%E3%81%AB%E3%80%91%E6%96%91%E9%B3%A9%E3%83%AB%E3%82%AB,observed,base,wiki_only,shinycolors_enza,62aab437-96af-4797-8558-aa0afd50755a,62aab437-96af-4797-8558-aa0afd50755a,2026-10-06T16:29:53+00:00,"[""W03""]","[""collab_work""]"
v1-93a6a8b8d40e754a,1.0,2026-10-08T02:45:18+00:00,【'25Pカップランクイン】,idol_ef328a51-2928-4d2d-a44f-5e3b92d305cf,白瀬咲耶,S,SSR,unit_2,アンティーカ,2025-04-15,event_reward,[],unknown,,https://wikiwiki.jp/shinycolors/%E3%80%90%2725P%E3%82%AB%E3%83%83%E3%83%97%E3%83%A9%E3%83%B3%E3%82%AF%E3%82%A4%E3%83%B3%E3%80%91%E7%99%BD%E7%80%AC%E5%92%B2%E8%80%B6,observed,base,wiki_only,shinycolors_enza,62abdb14-c85b-4a62-af8f-fcdc7d72af0d,62abdb14-c85b-4a62-af8f-fcdc7d72af0d,2026-10-06T16:29:53+00:00,"[""W03""]","[""series_status"",""collab_work""]"
v1-93a6a8b8d40e754a,1.0,2026-10-08T02:45:18+00:00,【ななひゃくさんじゅう　えん】,idol_df07e98b-12f2-4984-b8f6-8da0a47c0cc7,小宮果穂,P,SSR,unit_3,放課後クライマックスガールズ,2024-07-18,collection_gacha,"[""parallel""]",known,,https://wikiwiki.jp/shinycolors/%E3%80%90%E3%81%AA%E3%81%AA%E3%81%B2%E3%82%83%E3%81%8F%E3%81%95%E3%82%93%E3%81%98%E3%82%85%E3%81%86%E3%80%80%E3%81%88%E3%82%93%E3%80%91%E5%B0%8F%E5%AE%AE%E6%9E%9C%E7%A9%82,observed,base,wiki_only,shinycolors_enza,62c6ab35-5a42-4ec9-a9a4-48d4fd2e9f12,62c6ab35-5a42-4ec9-a9a4-48d4fd2e9f12,2026-10-06T16:29:53+00:00,"[""W02""]","[""collab_work""]"
v1-93a6a8b8d40e754a,1.0,2026-10-08T02:45:18+00:00,【限定・あなたの恋人役】,idol_a2f858c3-da6e-4d6f-b777-5367a2671399,黛冬優子,S,SSR,unit_5,ストレイライト,2026-05-23,limited_gacha,[],unknown,,https://wikiwiki.jp/shinycolors/%E3%80%90%E9%99%90%E5%AE%9A%E3%83%BB%E3%81%82%E3%81%AA%E3%81%9F%E3%81%AE%E6%81%8B%E4%BA%BA%E5%BD%B9%E3%80%91%E9%BB%9B%E5%86%AC%E5%84%AA%E5%AD%90,observed,base,wiki_only,shinycolors_enza,6323a3f6-85a9-499b-9f7b-aaa75f788c50,6323a3f6-85a9-499b-9f7b-aaa75f788c50,2026-10-06T16:29:53+00:00,"[""W03""]","[""series_status"",""collab_work""]"
v1-93a6a8b8d40e754a,1.0,2026-10-08T02:45:18+00:00,【あの子の港町】,idol_0c19be81-d3e3-4383-b5d4-0a94b290dba9,斑鳩ルカ,S,SSR,unit_8,コメティック,2026-01-01,collection_gacha,"[""prelude""]",known,,https://wikiwiki.jp/shinycolors/%E3%80%90%E3%81%82%E3%81%AE%E5%AD%90%E3%81%AE%E6%B8%AF%E7%94%BA%E3%80%91%E6%96%91%E9%B3%A9%E3%83%AB%E3%82%AB,observed,base,wiki_only,shinycolors_enza,63521b10-1f40-4136-a977-41c8e8af0b2b,63521b10-1f40-4136-a977-41c8e8af0b2b,2026-10-06T16:29:53+00:00,"[""W03""]","[""collab_work""]"
v1-93a6a8b8d40e754a,1.0,2026-10-08T02:45:18+00:00,【白・架・祝・幻】,idol_e579db5c-0930-4984-aa40-ebe5a00e8a4f,幽谷霧子,P,SSR,unit_2,アンティーカ,2024-06-07,permanent_gacha,[],unknown,,https://wikiwiki.jp/shinycolors/%E3%80%90%E7%99%BD%E3%83%BB%E6%9E%B6%E3%83%BB%E7%A5%9D%E3%83%BB%E5%B9%BB%E3%80%91%E5%B9%BD%E8%B0%B7%E9%9C%A7%E5%AD%90,observed,base,wiki_only,shinycolors_enza,636253dd-da86-4561-b35c-7498d5e26f2b,636253dd-da86-4561-b35c-7498d5e26f2b,2026-10-06T16:29:53+00:00,"[""W02""]","[""series_status"",""collab_work""]"
v1-93a6a8b8d40e754a,1.0,2026-10-08T02:45:18+00:00,【思い出、繋いで】,idol_1,櫻木真乃,S,SSR,unit_1,イルミネーションスターズ,2025-09-19,event_reward,[],unknown,,https://wikiwiki.jp/shinycolors/%E3%80%90%E6%80%9D%E3%81%84%E5%87%BA%E3%80%81%E7%B9%8B%E3%81%84%E3%81%A7%E3%80%91%E6%AB%BB%E6%9C%A8%E7%9C%9F%E4%B9%83,observed,base,wiki_only,shinycolors_enza,637911f4-c25b-4b19-b21b-1431a11f1a21,637911f4-c25b-4b19-b21b-1431a11f1a21,2026-10-06T16:29:53+00:00,"[""W03""]","[""series_status"",""collab_work""]"
v1-93a6a8b8d40e754a,1.0,2026-10-08T02:45:18+00:00,【hurray for...】,idol_e91e6363-2dc9-42c1-bbf1-a759e797c2d1,月岡恋鐘,P,SSR,unit_2,アンティーカ,2024-03-23,collection_gacha,"[""mysongs""]",known,,https://wikiwiki.jp/shinycolors/%E3%80%90hurray%20for...%E3%80%91%E6%9C%88%E5%B2%A1%E6%81%8B%E9%90%98,observed,base,wiki_only,shinycolors_enza,6379b300-4399-43a1-996a-efbe2b080b5d,6379b300-4399-43a1-996a-efbe2b080b5d,2026-10-06T16:29:53+00:00,"[""W02""]","[""collab_work""]"
v1-93a6a8b8d40e754a,1.0,2026-10-08T02:45:18+00:00,【円環 -Halo around-】,idol_6874153a-a7f6-426a-98f0-815f121eeca4,緋田美琴,S,SSR,unit_7,シーズ,2025-06-22,gacha_bonus,[],unknown,,https://wikiwiki.jp/shinycolors/%E3%80%90%E5%86%86%E7%92%B0%20-Halo%20around-%E3%80%91%E7%B7%8B%E7%94%B0%E7%BE%8E%E7%90%B4,observed,base,wiki_only,shinycolors_enza,6385e3f6-b2dc-4433-817d-8a740833896e,6385e3f6-b2dc-4433-817d-8a740833896e,2026-10-06T16:29:53+00:00,"[""W03""]","[""series_status"",""collab_work""]"
v1-93a6a8b8d40e754a,1.0,2026-10-08T02:45:18+00:00,【反撃の狼煙をあげよ！】,idol_df07e98b-12f2-4984-b8f6-8da0a47c0cc7,小宮果穂,S,SSR,unit_3,放課後クライマックスガールズ,2021-04-01,limited_gacha,[],unknown,,https://wikiwiki.jp/shinycolors/%E3%80%90%E5%8F%8D%E6%92%83%E3%81%AE%E7%8B%BC%E7%85%99%E3%82%92%E3%81%82%E3%81%92%E3%82%88%EF%BC%81%E3%80%91%E5%B0%8F%E5%AE%AE%E6%9E%9C%E7%A9%82,observed,base,wiki_only,shinycolors_enza,63c7d836-1dc6-41be-9a78-e7bf81111246,63c7d836-1dc6-41be-9a78-e7bf81111246,2026-10-06T16:29:53+00:00,"[""W03""]","[""series_status"",""collab_work""]"
v1-93a6a8b8d40e754a,1.0,2026-10-08T02:45:18+00:00,【アイドルのたまご】,idol_92b8326c-72f5-4a2e-8581-7110738045f3,有栖川夏葉,S,N,unit_3,放課後クライマックスガールズ,2018-04-24,initial,[],unknown,,https://wikiwiki.jp/shinycolors/%E3%80%90%E3%82%A2%E3%82%A4%E3%83%89%E3%83%AB%E3%81%AE%E3%81%9F%E3%81%BE%E3%81%94%E3%80%91%E6%9C%89%E6%A0%96%E5%B7%9D%E5%A4%8F%E8%91%89,observed,base,wiki_only,shinycolors_enza,63c923bd-6555-4118-8e3e-ab2325399e4f,63c923bd-6555-4118-8e3e-ab2325399e4f,2026-10-06T16:29:54+00:00,"[""W03""]","[""series_status"",""collab_work""]"
v1-93a6a8b8d40e754a,1.0,2026-10-08T02:45:18+00:00,【白いツバサ】,idol_3,浅倉透,P,R,unit_6,ノクチル,2020-04-03,permanent_gacha,[],unknown,,https://wikiwiki.jp/shinycolors/%E3%80%90%E7%99%BD%E3%81%84%E3%83%84%E3%83%90%E3%82%B5%E3%80%91%E6%B5%85%E5%80%89%E9%80%8F,observed,base,wiki_only,shinycolors_enza,63cbf3e0-d4cb-4772-bdb0-4f0c89e54245,63cbf3e0-d4cb-4772-bdb0-4f0c89e54245,2026-10-06T16:29:53+00:00,"[""W02""]","[""series_status"",""collab_work""]"
v1-93a6a8b8d40e754a,1.0,2026-10-08T02:45:18+00:00,【はるかなる】,idol_1,櫻木真乃,P,SSR,unit_1,イルミネーションスターズ,2025-04-02,collection_gacha,"[""parallel""]",known,,https://wikiwiki.jp/shinycolors/%E3%80%90%E3%81%AF%E3%82%8B%E3%81%8B%E3%81%AA%E3%82%8B%E3%80%91%E6%AB%BB%E6%9C%A8%E7%9C%9F%E4%B9%83,observed,base,wiki_only,shinycolors_enza,63cddded-fc27-4232-aaf2-71223e1d3e9b,63cddded-fc27-4232-aaf2-71223e1d3e9b,2026-10-06T16:29:53+00:00,"[""W02""]","[""collab_work""]"
v1-93a6a8b8d40e754a,1.0,2026-10-08T02:45:18+00:00,【283プロのヒナ】,idol_72d6d5b6-dc2b-4e7c-90be-eb4770ba589b,市川雛菜,S,R,unit_6,ノクチル,2020-04-13,permanent_gacha,[],unknown,,https://wikiwiki.jp/shinycolors/%E3%80%90283%E3%83%97%E3%83%AD%E3%81%AE%E3%83%92%E3%83%8A%E3%80%91%E5%B8%82%E5%B7%9D%E9%9B%9B%E8%8F%9C,observed,base,wiki_only,shinycolors_enza,63ddb198-4e19-4d4b-8ef9-fff99e505f92,63ddb198-4e19-4d4b-8ef9-fff99e505f92,2026-10-06T16:29:54+00:00,"[""W03""]","[""series_status"",""collab_work""]"
v1-93a6a8b8d40e754a,1.0,2026-10-08T02:45:18+00:00,【Love∞Destiny】,idol_4,鈴木羽那,S,SSR,unit_8,コメティック,2025-12-13,gacha_bonus,[],unknown,,https://wikiwiki.jp/shinycolors/%E3%80%90Love%E2%88%9EDestiny%E3%80%91%E9%88%B4%E6%9C%A8%E7%BE%BD%E9%82%A3,observed,base,wiki_only,shinycolors_enza,63eaab8c-fd5a-429e-8272-9648c0bc8922,63eaab8c-fd5a-429e-8272-9648c0bc8922,2026-10-06T16:29:53+00:00,"[""W03""]","[""series_status"",""collab_work""]"
v1-93a6a8b8d40e754a,1.0,2026-10-08T02:45:18+00:00,【やけん、なんの話～！？】,idol_e91e6363-2dc9-42c1-bbf1-a759e797c2d1,月岡恋鐘,S,SR,unit_2,アンティーカ,2018-12-14,event_reward,[],unknown,,https://wikiwiki.jp/shinycolors/%E3%80%90%E3%82%84%E3%81%91%E3%82%93%E3%80%81%E3%81%AA%E3%82%93%E3%81%AE%E8%A9%B1%EF%BD%9E%EF%BC%81%EF%BC%9F%E3%80%91%E6%9C%88%E5%B2%A1%E6%81%8B%E9%90%98,observed,base,wiki_only,shinycolors_enza,6406050e-2aa5-46dd-abf9-3f71d73f4e46,6406050e-2aa5-46dd-abf9-3f71d73f4e46,2026-10-06T16:29:53+00:00,"[""W03""]","[""series_status"",""collab_work""]"
v1-93a6a8b8d40e754a,1.0,2026-10-08T02:45:18+00:00,【ワーキングスナップ～デート】,idol_52544385-3ea1-42e6-bb47-faff2c6f9b4f,桑山千雪,S,SSR,unit_4,アルストロメリア,2025-03-20,limited_gacha,[],unknown,,https://wikiwiki.jp/shinycolors/%E3%80%90%E3%83%AF%E3%83%BC%E3%82%AD%E3%83%B3%E3%82%B0%E3%82%B9%E3%83%8A%E3%83%83%E3%83%97%EF%BD%9E%E3%83%87%E3%83%BC%E3%83%88%E3%80%91%E6%A1%91%E5%B1%B1%E5%8D%83%E9%9B%AA,observed,base,wiki_only,shinycolors_enza,64557111-3928-41e3-bd0c-1b5d41614351,64557111-3928-41e3-bd0c-1b5d41614351,2026-10-06T16:29:53+00:00,"[""W03""]","[""series_status"",""collab_work""]"
v1-93a6a8b8d40e754a,1.0,2026-10-08T02:45:18+00:00,【永遠の方程式】,idol_0e2d3420-7295-4510-929d-01bf8378e12a,風野灯織,S,SSR,unit_1,イルミネーションスターズ,2021-09-30,limited_gacha,[],unknown,,https://wikiwiki.jp/shinycolors/%E3%80%90%E6%B0%B8%E9%81%A0%E3%81%AE%E6%96%B9%E7%A8%8B%E5%BC%8F%E3%80%91%E9%A2%A8%E9%87%8E%E7%81%AF%E7%B9%94,observed,base,wiki_only,shinycolors_enza,6471b295-1139-4e47-8833-290d424b330d,6471b295-1139-4e47-8833-290d424b330d,2026-10-06T16:29:53+00:00,"[""W03""]","[""series_status"",""collab_work""]"
v1-93a6a8b8d40e754a,1.0,2026-10-08T02:45:18+00:00,【vacati♡n!!!!】,idol_72d6d5b6-dc2b-4e7c-90be-eb4770ba589b,市川雛菜,S,SSR,unit_6,ノクチル,2026-01-24,limited_gacha,"[""vote_selection""]",known,,https://wikiwiki.jp/shinycolors/%E3%80%90vacati%E2%99%A1n%21%21%21%21%E3%80%91%E5%B8%82%E5%B7%9D%E9%9B%9B%E8%8F%9C,observed,base,wiki_only,shinycolors_enza,64c7d339-ef5f-4383-84f1-d0a985c03c7a,64c7d339-ef5f-4383-84f1-d0a985c03c7a,2026-10-07T00:59:08+00:00,"[""W03""]","[""collab_work""]"
v1-93a6a8b8d40e754a,1.0,2026-10-08T02:45:18+00:00,【283プロのヒナ】,idol_3c398182-7760-439e-8c77-3c09d173aa4c,芹沢あさひ,S,R,unit_5,ストレイライト,2019-04-12,permanent_gacha,[],unknown,,https://wikiwiki.jp/shinycolors/%E3%80%90283%E3%83%97%E3%83%AD%E3%81%AE%E3%83%92%E3%83%8A%E3%80%91%E8%8A%B9%E6%B2%A2%E3%81%82%E3%81%95%E3%81%B2,observed,base,wiki_only,shinycolors_enza,64c8ed64-e805-4ef6-92a4-e5ebdb3082b7,64c8ed64-e805-4ef6-92a4-e5ebdb3082b7,2026-10-06T16:29:54+00:00,"[""W03""]","[""series_status"",""collab_work""]"
v1-93a6a8b8d40e754a,1.0,2026-10-08T02:45:18+00:00,【ふりそそぐもの】,idol_e91e6363-2dc9-42c1-bbf1-a759e797c2d1,月岡恋鐘,P,SSR,unit_2,アンティーカ,2023-12-11,limited_gacha,[],unknown,,https://wikiwiki.jp/shinycolors/%E3%80%90%E3%81%B5%E3%82%8A%E3%81%9D%E3%81%9D%E3%81%90%E3%82%82%E3%81%AE%E3%80%91%E6%9C%88%E5%B2%A1%E6%81%8B%E9%90%98,observed,base,wiki_only,shinycolors_enza,64d60be1-1b7c-44f6-ae6b-a2e271fa3d70,64d60be1-1b7c-44f6-ae6b-a2e271fa3d70,2026-10-06T16:29:53+00:00,"[""W02""]","[""series_status"",""collab_work""]"
v1-93a6a8b8d40e754a,1.0,2026-10-08T02:45:18+00:00,【心に浮かぶもの】,idol_813a7356-e821-43e7-b25f-c104ca28870d,西城樹里,S,SSR,unit_3,放課後クライマックスガールズ,2023-06-20,limited_gacha,[],unknown,,https://wikiwiki.jp/shinycolors/%E3%80%90%E5%BF%83%E3%81%AB%E6%B5%AE%E3%81%8B%E3%81%B6%E3%82%82%E3%81%AE%E3%80%91%E8%A5%BF%E5%9F%8E%E6%A8%B9%E9%87%8C,observed,base,wiki_only,shinycolors_enza,64e5669d-f788-48f2-9c0f-f83c7dc07c73,64e5669d-f788-48f2-9c0f-f83c7dc07c73,2026-10-06T16:29:53+00:00,"[""W03""]","[""series_status"",""collab_work""]"
v1-93a6a8b8d40e754a,1.0,2026-10-08T02:45:18+00:00,【一夏一刻物語】,idol_52544385-3ea1-42e6-bb47-faff2c6f9b4f,桑山千雪,P,SR,unit_4,アルストロメリア,2018-06-30,permanent_gacha,[],unknown,,https://wikiwiki.jp/shinycolors/%E3%80%90%E4%B8%80%E5%A4%8F%E4%B8%80%E5%88%BB%E7%89%A9%E8%AA%9E%E3%80%91%E6%A1%91%E5%B1%B1%E5%8D%83%E9%9B%AA,observed,base,wiki_only,shinycolors_enza,64edd60f-6c0d-410d-9962-33fded535e80,64edd60f-6c0d-410d-9962-33fded535e80,2026-10-06T16:29:53+00:00,"[""W02""]","[""series_status"",""collab_work""]"
v1-93a6a8b8d40e754a,1.0,2026-10-08T02:45:18+00:00,【かぜかんむりのこどもたち】,idol_e579db5c-0930-4984-aa40-ebe5a00e8a4f,幽谷霧子,P,SSR,unit_2,アンティーカ,2021-11-10,permanent_gacha,[],unknown,,https://wikiwiki.jp/shinycolors/%E3%80%90%E3%81%8B%E3%81%9C%E3%81%8B%E3%82%93%E3%82%80%E3%82%8A%E3%81%AE%E3%81%93%E3%81%A9%E3%82%82%E3%81%9F%E3%81%A1%E3%80%91%E5%B9%BD%E8%B0%B7%E9%9C%A7%E5%AD%90,observed,base,wiki_only,shinycolors_enza,656c0bf9-1add-4cf3-b7c4-00a7fc489c25,656c0bf9-1add-4cf3-b7c4-00a7fc489c25,2026-10-06T16:29:53+00:00,"[""W02""]","[""series_status"",""collab_work""]"
v1-93a6a8b8d40e754a,1.0,2026-10-08T02:45:18+00:00,【Feel Like Flower】,idol_b1cc8f6f-feab-4add-b5d9-d8777add7f60,大崎甜花,P,SSR,unit_4,アルストロメリア,2022-04-01,limited_gacha,[],unknown,,https://wikiwiki.jp/shinycolors/%E3%80%90Feel%20Like%20Flower%E3%80%91%E5%A4%A7%E5%B4%8E%E7%94%9C%E8%8A%B1,observed,base,wiki_only,shinycolors_enza,65872590-6883-4a4c-a88f-09d9d2200a90,65872590-6883-4a4c-a88f-09d9d2200a90,2026-10-06T16:29:53+00:00,"[""W02""]","[""series_status"",""collab_work""]"
v1-93a6a8b8d40e754a,1.0,2026-10-08T02:45:18+00:00,【ビコーズ・ラブ】,idol_e91e6363-2dc9-42c1-bbf1-a759e797c2d1,月岡恋鐘,S,SSR,unit_2,アンティーカ,2021-07-31,event_reward,[],unknown,,https://wikiwiki.jp/shinycolors/%E3%80%90%E3%83%93%E3%82%B3%E3%83%BC%E3%82%BA%E3%83%BB%E3%83%A9%E3%83%96%E3%80%91%E6%9C%88%E5%B2%A1%E6%81%8B%E9%90%98,observed,base,wiki_only,shinycolors_enza,65900802-cb1c-4760-a0e5-f56b713fcdbe,65900802-cb1c-4760-a0e5-f56b713fcdbe,2026-10-06T16:29:53+00:00,"[""W03""]","[""series_status"",""collab_work""]"
v1-93a6a8b8d40e754a,1.0,2026-10-08T02:45:18+00:00,【花かんむりをあなたへ】,idol_d4177c5c-4600-4381-b5da-758f87fc23d7,八宮めぐる,S,SR,unit_1,イルミネーションスターズ,2026-03-18,collaboration_gacha,[],unknown,,https://wikiwiki.jp/shinycolors/%E3%80%90%E8%8A%B1%E3%81%8B%E3%82%93%E3%82%80%E3%82%8A%E3%82%92%E3%81%82%E3%81%AA%E3%81%9F%E3%81%B8%E3%80%91%E5%85%AB%E5%AE%AE%E3%82%81%E3%81%90%E3%82%8B,observed,base,wiki_only,shinycolors_enza,65d48b6b-787f-4b17-9221-68c6d87c0c18,65d48b6b-787f-4b17-9221-68c6d87c0c18,2026-10-06T16:29:53+00:00,"[""W03""]","[""series_status"",""collab_work""]"
v1-93a6a8b8d40e754a,1.0,2026-10-08T02:45:18+00:00,【クローズ・トゥ・ユー】,idol_0e2d3420-7295-4510-929d-01bf8378e12a,風野灯織,S,SR,unit_1,イルミネーションスターズ,2020-03-10,event_reward,[],unknown,,https://wikiwiki.jp/shinycolors/%E3%80%90%E3%82%AF%E3%83%AD%E3%83%BC%E3%82%BA%E3%83%BB%E3%83%88%E3%82%A5%E3%83%BB%E3%83%A6%E3%83%BC%E3%80%91%E9%A2%A8%E9%87%8E%E7%81%AF%E7%B9%94,observed,base,wiki_only,shinycolors_enza,65df8927-ac8d-4cc3-a1d3-65e7a06759e9,65df8927-ac8d-4cc3-a1d3-65e7a06759e9,2026-10-06T16:29:53+00:00,"[""W03""]","[""series_status"",""collab_work""]"
v1-93a6a8b8d40e754a,1.0,2026-10-08T02:45:18+00:00,【遊びも本気で】,idol_92b8326c-72f5-4a2e-8581-7110738045f3,有栖川夏葉,S,SSR,unit_3,放課後クライマックスガールズ,2018-05-31,event_reward,[],unknown,,https://wikiwiki.jp/shinycolors/%E3%80%90%E9%81%8A%E3%81%B3%E3%82%82%E6%9C%AC%E6%B0%97%E3%81%A7%E3%80%91%E6%9C%89%E6%A0%96%E5%B7%9D%E5%A4%8F%E8%91%89,observed,base,wiki_only,shinycolors_enza,66251641-2bdd-405b-b6cb-b5fd3688c4a3,66251641-2bdd-405b-b6cb-b5fd3688c4a3,2026-10-06T16:29:53+00:00,"[""W03""]","[""series_status"",""collab_work""]"
v1-93a6a8b8d40e754a,1.0,2026-10-08T02:45:18+00:00,【さかさま世界】,idol_3c398182-7760-439e-8c77-3c09d173aa4c,芹沢あさひ,P,SR,unit_5,ストレイライト,2019-05-20,permanent_gacha,[],unknown,,https://wikiwiki.jp/shinycolors/%E3%80%90%E3%81%95%E3%81%8B%E3%81%95%E3%81%BE%E4%B8%96%E7%95%8C%E3%80%91%E8%8A%B9%E6%B2%A2%E3%81%82%E3%81%95%E3%81%B2,observed,base,wiki_only,shinycolors_enza,66303ffa-62be-4208-97a5-2351e60b2c3e,66303ffa-62be-4208-97a5-2351e60b2c3e,2026-10-06T16:29:53+00:00,"[""W02""]","[""series_status"",""collab_work""]"
v1-93a6a8b8d40e754a,1.0,2026-10-08T02:45:18+00:00,【オールウェイズ】,idol_d4177c5c-4600-4381-b5da-758f87fc23d7,八宮めぐる,S,SSR,unit_1,イルミネーションスターズ,2022-06-30,limited_gacha,[],unknown,,https://wikiwiki.jp/shinycolors/%E3%80%90%E3%82%AA%E3%83%BC%E3%83%AB%E3%82%A6%E3%82%A7%E3%82%A4%E3%82%BA%E3%80%91%E5%85%AB%E5%AE%AE%E3%82%81%E3%81%90%E3%82%8B,observed,base,wiki_only,shinycolors_enza,66440a2a-9191-4dc4-bfea-38484294ebe1,66440a2a-9191-4dc4-bfea-38484294ebe1,2026-10-06T16:29:53+00:00,"[""W03""]","[""series_status"",""collab_work""]"
v1-93a6a8b8d40e754a,1.0,2026-10-08T02:45:18+00:00,【REHEARSE】,idol_6874153a-a7f6-426a-98f0-815f121eeca4,緋田美琴,S,UR,unit_7,シーズ,2026-01-01,permanent_gacha,[],unknown,,https://wikiwiki.jp/shinycolors/%E3%80%90REHEARSE%E3%80%91%E7%B7%8B%E7%94%B0%E7%BE%8E%E7%90%B4,observed,base,wiki_only,shinycolors_enza,66a49b73-613d-42a0-8970-e74825fc82a1,66a49b73-613d-42a0-8970-e74825fc82a1,2026-10-06T16:29:53+00:00,"[""W03""]","[""series_status"",""collab_work""]"
v1-93a6a8b8d40e754a,1.0,2026-10-08T02:45:18+00:00,【こんな顔して実は】,idol_81093365-1df1-4e6c-a252-27625c47ab96,三峰結華,S,SR,unit_2,アンティーカ,2023-11-13,event_reward,[],unknown,,https://wikiwiki.jp/shinycolors/%E3%80%90%E3%81%93%E3%82%93%E3%81%AA%E9%A1%94%E3%81%97%E3%81%A6%E5%AE%9F%E3%81%AF%E3%80%91%E4%B8%89%E5%B3%B0%E7%B5%90%E8%8F%AF,observed,base,wiki_only,shinycolors_enza,66b71e84-1951-4802-bbb4-fa5ce39dd89c,66b71e84-1951-4802-bbb4-fa5ce39dd89c,2026-10-06T16:29:53+00:00,"[""W03""]","[""series_status"",""collab_work""]"
v1-93a6a8b8d40e754a,1.0,2026-10-08T02:45:18+00:00,【お願い、ただの少女がいい】,idol_81093365-1df1-4e6c-a252-27625c47ab96,三峰結華,P,SR,unit_2,アンティーカ,2019-03-12,event_reward,[],unknown,,https://wikiwiki.jp/shinycolors/%E3%80%90%E3%81%8A%E9%A1%98%E3%81%84%E3%80%81%E3%81%9F%E3%81%A0%E3%81%AE%E5%B0%91%E5%A5%B3%E3%81%8C%E3%81%84%E3%81%84%E3%80%91%E4%B8%89%E5%B3%B0%E7%B5%90%E8%8F%AF,observed,base,wiki_only,shinycolors_enza,66f4c984-ff67-458d-bdb6-913d8296f9c4,66f4c984-ff67-458d-bdb6-913d8296f9c4,2026-10-06T16:29:53+00:00,"[""W02""]","[""series_status"",""collab_work""]"
v1-93a6a8b8d40e754a,1.0,2026-10-08T02:45:18+00:00,【白いツバサ】,idol_51651b60-7996-412b-bd16-5c1c3f3faebf,杜野凛世,P,SR,unit_3,放課後クライマックスガールズ,,mission,[],unknown,,https://wikiwiki.jp/shinycolors/%E3%80%90%E7%99%BD%E3%81%84%E3%83%84%E3%83%90%E3%82%B5%E3%80%91%E6%9D%9C%E9%87%8E%E5%87%9B%E4%B8%96,observed,idol_road_sr,wiki_only,shinycolors_enza,66fd549b-7011-4e68-8bae-baa19df1e1bf,86b9e115-0c97-40cc-839e-328c96c1e6e2,2026-10-06T16:29:54+00:00,"[""W08""]","[""first_implemented_on"",""series_status"",""collab_work""]"
v1-93a6a8b8d40e754a,1.0,2026-10-08T02:45:18+00:00,【日を食んで、夜を啜って】,idol_51651b60-7996-412b-bd16-5c1c3f3faebf,杜野凛世,S,SSR,unit_3,放課後クライマックスガールズ,2020-12-11,event_reward,[],unknown,,https://wikiwiki.jp/shinycolors/%E3%80%90%E6%97%A5%E3%82%92%E9%A3%9F%E3%82%93%E3%81%A7%E3%80%81%E5%A4%9C%E3%82%92%E5%95%9C%E3%81%A3%E3%81%A6%E3%80%91%E6%9D%9C%E9%87%8E%E5%87%9B%E4%B8%96,observed,base,wiki_only,shinycolors_enza,670d0270-9e5f-4283-bfb1-f2e9320c50ed,670d0270-9e5f-4283-bfb1-f2e9320c50ed,2026-10-06T16:29:53+00:00,"[""W03""]","[""series_status"",""collab_work""]"
v1-93a6a8b8d40e754a,1.0,2026-10-08T02:45:18+00:00,【ルート・ストリート】,idol_d4177c5c-4600-4381-b5da-758f87fc23d7,八宮めぐる,S,SR,unit_1,イルミネーションスターズ,2025-05-09,event_reward,[],unknown,,https://wikiwiki.jp/shinycolors/%E3%80%90%E3%83%AB%E3%83%BC%E3%83%88%E3%83%BB%E3%82%B9%E3%83%88%E3%83%AA%E3%83%BC%E3%83%88%E3%80%91%E5%85%AB%E5%AE%AE%E3%82%81%E3%81%90%E3%82%8B,observed,base,wiki_only,shinycolors_enza,6754d73b-98e5-4aac-841c-e146cc8e8189,6754d73b-98e5-4aac-841c-e146cc8e8189,2026-10-06T16:29:53+00:00,"[""W03""]","[""series_status"",""collab_work""]"
v1-93a6a8b8d40e754a,1.0,2026-10-08T02:45:18+00:00,【deco;re：memorie】,idol_a1ecc291-124c-4aaa-8346-467a4386234b,七草はづき,S,SSR,,,2025-05-17,collaboration_gacha,[],unknown,,https://wikiwiki.jp/shinycolors/%E3%80%90deco%3Bre%EF%BC%9Amemorie%E3%80%91%E4%B8%83%E8%8D%89%E3%81%AF%E3%81%A5%E3%81%8D,observed,base,wiki_only,shinycolors_enza,6774226f-8e75-4c74-8dba-9df04c09090e,6774226f-8e75-4c74-8dba-9df04c09090e,2026-10-06T16:29:53+00:00,"[""W03""]","[""unit_id"",""unit_name"",""series_status"",""collab_work""]"
v1-93a6a8b8d40e754a,1.0,2026-10-08T02:45:18+00:00,【'25Pカップランクイン】,idol_92b8326c-72f5-4a2e-8581-7110738045f3,有栖川夏葉,S,SSR,unit_3,放課後クライマックスガールズ,2025-04-15,event_reward,[],unknown,,,not_found,base,wiki_only,shinycolors_enza,67e622ea-8cc0-4ee4-833d-7009bf180781,67e622ea-8cc0-4ee4-833d-7009bf180781,2026-10-06T16:29:53+00:00,"[""W03""]","[""series_status"",""collab_work"",""wiki_url""]"
v1-93a6a8b8d40e754a,1.0,2026-10-08T02:45:18+00:00,【白いツバサ】,idol_e5ce74fd-2caf-4c1d-a696-0b1f17f7a53e,福丸小糸,P,R,unit_6,ノクチル,2020-04-09,permanent_gacha,[],unknown,,https://wikiwiki.jp/shinycolors/%E3%80%90%E7%99%BD%E3%81%84%E3%83%84%E3%83%90%E3%82%B5%E3%80%91%E7%A6%8F%E4%B8%B8%E5%B0%8F%E7%B3%B8,observed,base,wiki_only,shinycolors_enza,67fc84c5-64c5-4d15-a7e4-1433b8982ea9,67fc84c5-64c5-4d15-a7e4-1433b8982ea9,2026-10-06T16:29:53+00:00,"[""W02""]","[""series_status"",""collab_work""]"
v1-93a6a8b8d40e754a,1.0,2026-10-08T02:45:18+00:00,【坂道だらけのこの街で】,idol_813a7356-e821-43e7-b25f-c104ca28870d,西城樹里,S,SSR,unit_3,放課後クライマックスガールズ,2020-01-31,event_reward,[],unknown,,https://wikiwiki.jp/shinycolors/%E3%80%90%E5%9D%82%E9%81%93%E3%81%A0%E3%82%89%E3%81%91%E3%81%AE%E3%81%93%E3%81%AE%E8%A1%97%E3%81%A7%E3%80%91%E8%A5%BF%E5%9F%8E%E6%A8%B9%E9%87%8C,observed,base,wiki_only,shinycolors_enza,6806a70e-6e2e-4f35-918a-bab20693e4ab,6806a70e-6e2e-4f35-918a-bab20693e4ab,2026-10-06T16:29:53+00:00,"[""W03""]","[""series_status"",""collab_work""]"
v1-93a6a8b8d40e754a,1.0,2026-10-08T02:45:18+00:00,【クライマックス↑↓大貧民】,idol_7,園田智代子,S,SSR,unit_3,放課後クライマックスガールズ,2025-01-01,event_reward,[],unknown,,https://wikiwiki.jp/shinycolors/%E3%80%90%E3%82%AF%E3%83%A9%E3%82%A4%E3%83%9E%E3%83%83%E3%82%AF%E3%82%B9%E2%86%91%E2%86%93%E5%A4%A7%E8%B2%A7%E6%B0%91%E3%80%91%E5%9C%92%E7%94%B0%E6%99%BA%E4%BB%A3%E5%AD%90,observed,base,wiki_only,shinycolors_enza,685f65c1-a59a-465d-8a43-6984a5d923c6,685f65c1-a59a-465d-8a43-6984a5d923c6,2026-10-06T16:29:53+00:00,"[""W03""]","[""series_status"",""collab_work""]"
v1-93a6a8b8d40e754a,1.0,2026-10-08T02:45:18+00:00,【よしよし♪】,idol_786e9b98-d1e4-4419-a69a-3281d07dd4fb,和泉愛依,S,SSR,unit_5,ストレイライト,2021-04-20,limited_gacha,[],unknown,,https://wikiwiki.jp/shinycolors/%E3%80%90%E3%82%88%E3%81%97%E3%82%88%E3%81%97%E2%99%AA%E3%80%91%E5%92%8C%E6%B3%89%E6%84%9B%E4%BE%9D,observed,base,wiki_only,shinycolors_enza,6910cd9b-e85b-4ede-8997-2b8275c060e1,6910cd9b-e85b-4ede-8997-2b8275c060e1,2026-10-06T16:29:53+00:00,"[""W03""]","[""series_status"",""collab_work""]"
v1-93a6a8b8d40e754a,1.0,2026-10-08T02:45:18+00:00,【傍に……】,idol_8c18b422-295c-4259-9e14-413685deb7f8,大崎甘奈,S,SSR,unit_4,アルストロメリア,2025-08-20,limited_gacha,[],unknown,,https://wikiwiki.jp/shinycolors/%E3%80%90%E5%82%8D%E3%81%AB%E2%80%A6%E2%80%A6%E3%80%91%E5%A4%A7%E5%B4%8E%E7%94%98%E5%A5%88,observed,base,wiki_only,shinycolors_enza,692f443a-328a-499d-a716-08c87cb2eab3,692f443a-328a-499d-a716-08c87cb2eab3,2026-10-06T16:29:53+00:00,"[""W03""]","[""series_status"",""collab_work""]"
v1-93a6a8b8d40e754a,1.0,2026-10-08T02:45:18+00:00,【second quadrant】,idol_df07e98b-12f2-4984-b8f6-8da0a47c0cc7,小宮果穂,S,SR,unit_3,放課後クライマックスガールズ,2025-07-05,campaign,[],unknown,,https://wikiwiki.jp/shinycolors/%E3%80%90second%20quadrant%E3%80%91%E5%B0%8F%E5%AE%AE%E6%9E%9C%E7%A9%82,observed,base,wiki_only,shinycolors_enza,69403f31-b7bb-426f-ab37-2b3044c7da16,69403f31-b7bb-426f-ab37-2b3044c7da16,2026-10-06T16:29:53+00:00,"[""W03""]","[""series_status"",""collab_work""]"
v1-93a6a8b8d40e754a,1.0,2026-10-08T02:45:18+00:00,【漂白花火】,idol_f0b34f52-342b-4fdd-8231-816605449447,郁田はるき,P,SR,unit_8,コメティック,2024-11-08,permanent_gacha,[],unknown,,https://wikiwiki.jp/shinycolors/%E3%80%90%E6%BC%82%E7%99%BD%E8%8A%B1%E7%81%AB%E3%80%91%E9%83%81%E7%94%B0%E3%81%AF%E3%82%8B%E3%81%8D,observed,base,wiki_only,shinycolors_enza,694fda33-f72a-433f-b03f-bacce41aa82d,694fda33-f72a-433f-b03f-bacce41aa82d,2026-10-06T16:29:53+00:00,"[""W02""]","[""series_status"",""collab_work""]"
v1-93a6a8b8d40e754a,1.0,2026-10-08T02:45:18+00:00,【上るだけ！】,idol_786e9b98-d1e4-4419-a69a-3281d07dd4fb,和泉愛依,P,SSR,unit_5,ストレイライト,2026-02-18,collection_gacha,"[""twilights""]",known,,https://wikiwiki.jp/shinycolors/%E3%80%90%E4%B8%8A%E3%82%8B%E3%81%A0%E3%81%91%EF%BC%81%E3%80%91%E5%92%8C%E6%B3%89%E6%84%9B%E4%BE%9D,observed,base,wiki_only,shinycolors_enza,6990167a-0bff-43ae-9a36-1b3706025584,6990167a-0bff-43ae-9a36-1b3706025584,2026-10-06T16:29:53+00:00,"[""W02""]","[""collab_work""]"
v1-93a6a8b8d40e754a,1.0,2026-10-08T02:45:18+00:00,【菜・菜・輪・舞】,idol_e579db5c-0930-4984-aa40-ebe5a00e8a4f,幽谷霧子,P,SSR,unit_2,アンティーカ,2019-09-10,permanent_gacha,[],unknown,,https://wikiwiki.jp/shinycolors/%E3%80%90%E8%8F%9C%E3%83%BB%E8%8F%9C%E3%83%BB%E8%BC%AA%E3%83%BB%E8%88%9E%E3%80%91%E5%B9%BD%E8%B0%B7%E9%9C%A7%E5%AD%90,observed,base,wiki_only,shinycolors_enza,69ce97c1-4163-4c43-9ffa-4af2c0208bfa,69ce97c1-4163-4c43-9ffa-4af2c0208bfa,2026-10-06T16:29:53+00:00,"[""W02""]","[""series_status"",""collab_work""]"
v1-93a6a8b8d40e754a,1.0,2026-10-08T02:45:18+00:00,【LADY♡e-DOL】,idol_b1cc8f6f-feab-4add-b5d9-d8777add7f60,大崎甜花,P,SSR,unit_4,アルストロメリア,2024-09-29,collection_gacha,"[""parallel""]",known,,https://wikiwiki.jp/shinycolors/%E3%80%90LADY%E2%99%A1e-DOL%E3%80%91%E5%A4%A7%E5%B4%8E%E7%94%9C%E8%8A%B1,observed,base,wiki_only,shinycolors_enza,69d700af-3416-4cd6-b74d-086f1290dee4,69d700af-3416-4cd6-b74d-086f1290dee4,2026-10-06T16:29:53+00:00,"[""W02""]","[""collab_work""]"
v1-93a6a8b8d40e754a,1.0,2026-10-08T02:45:18+00:00,【The Straylight】,idol_3c398182-7760-439e-8c77-3c09d173aa4c,芹沢あさひ,S,SR,unit_5,ストレイライト,2024-10-12,gacha_bonus,[],unknown,,https://wikiwiki.jp/shinycolors/%E3%80%90The%20Straylight%E3%80%91%E8%8A%B9%E6%B2%A2%E3%81%82%E3%81%95%E3%81%B2,observed,base,wiki_only,shinycolors_enza,69fe496e-7ad6-4bac-802c-3fadd9785727,69fe496e-7ad6-4bac-802c-3fadd9785727,2026-10-06T16:29:54+00:00,"[""W03""]","[""series_status"",""collab_work""]"
v1-93a6a8b8d40e754a,1.0,2026-10-08T02:45:18+00:00,【援・心・熱・行】,idol_e579db5c-0930-4984-aa40-ebe5a00e8a4f,幽谷霧子,P,SSR,unit_2,アンティーカ,2025-11-19,limited_gacha,[],unknown,,https://wikiwiki.jp/shinycolors/%E3%80%90%E6%8F%B4%E3%83%BB%E5%BF%83%E3%83%BB%E7%86%B1%E3%83%BB%E8%A1%8C%E3%80%91%E5%B9%BD%E8%B0%B7%E9%9C%A7%E5%AD%90,observed,base,wiki_only,shinycolors_enza,6a31ceb1-06c2-45d7-8919-c75007a0887a,6a31ceb1-06c2-45d7-8919-c75007a0887a,2026-10-06T16:29:53+00:00,"[""W02""]","[""series_status"",""collab_work""]"
v1-93a6a8b8d40e754a,1.0,2026-10-08T02:45:18+00:00,【似合うかな？】,idol_8c18b422-295c-4259-9e14-413685deb7f8,大崎甘奈,P,SR,unit_4,アルストロメリア,2018-04-24,permanent_gacha,[],unknown,,https://wikiwiki.jp/shinycolors/%E3%80%90%E4%BC%BC%E5%90%88%E3%81%86%E3%81%8B%E3%81%AA%EF%BC%9F%E3%80%91%E5%A4%A7%E5%B4%8E%E7%94%98%E5%A5%88,observed,base,wiki_only,shinycolors_enza,6a3d9f8d-b884-4f90-97ca-18a3507dc3ab,6a3d9f8d-b884-4f90-97ca-18a3507dc3ab,2026-10-06T16:29:53+00:00,"[""W02""]","[""series_status"",""collab_work""]"
v1-93a6a8b8d40e754a,1.0,2026-10-08T02:45:18+00:00,【ねぇ、ねぇ、ねぇ】,idol_7,園田智代子,S,SSR,unit_3,放課後クライマックスガールズ,2024-10-26,gacha_bonus,[],unknown,,https://wikiwiki.jp/shinycolors/%E3%80%90%E3%81%AD%E3%81%87%E3%80%81%E3%81%AD%E3%81%87%E3%80%81%E3%81%AD%E3%81%87%E3%80%91%E5%9C%92%E7%94%B0%E6%99%BA%E4%BB%A3%E5%AD%90,observed,base,wiki_only,shinycolors_enza,6a486078-f9cc-460a-ba55-271bb07c9389,6a486078-f9cc-460a-ba55-271bb07c9389,2026-10-06T16:29:53+00:00,"[""W03""]","[""series_status"",""collab_work""]"
v1-93a6a8b8d40e754a,1.0,2026-10-08T02:45:18+00:00,【雲のかなたまで】,idol_e5ce74fd-2caf-4c1d-a696-0b1f17f7a53e,福丸小糸,P,SSR,unit_6,ノクチル,2023-09-25,collection_gacha,"[""mysongs""]",known,,https://wikiwiki.jp/shinycolors/%E3%80%90%E9%9B%B2%E3%81%AE%E3%81%8B%E3%81%AA%E3%81%9F%E3%81%BE%E3%81%A7%E3%80%91%E7%A6%8F%E4%B8%B8%E5%B0%8F%E7%B3%B8,observed,base,wiki_only,shinycolors_enza,6a6b6f39-7613-45d8-b658-36ba30bed0b7,6a6b6f39-7613-45d8-b658-36ba30bed0b7,2026-10-06T16:29:53+00:00,"[""W02""]","[""collab_work""]"
v1-93a6a8b8d40e754a,1.0,2026-10-08T02:45:18+00:00,【エンドレス・ゲーム】,idol_b1cc8f6f-feab-4add-b5d9-d8777add7f60,大崎甜花,S,SSR,unit_4,アルストロメリア,2022-01-01,exchange,[],unknown,,https://wikiwiki.jp/shinycolors/%E3%80%90%E3%82%A8%E3%83%B3%E3%83%89%E3%83%AC%E3%82%B9%E3%83%BB%E3%82%B2%E3%83%BC%E3%83%A0%E3%80%91%E5%A4%A7%E5%B4%8E%E7%94%9C%E8%8A%B1,observed,base,wiki_only,shinycolors_enza,6ac0f81b-7ab2-4024-b51b-5f629bbc47e0,6ac0f81b-7ab2-4024-b51b-5f629bbc47e0,2026-10-06T16:29:53+00:00,"[""W03""]","[""series_status"",""collab_work""]"
v1-93a6a8b8d40e754a,1.0,2026-10-08T02:45:18+00:00,【アイドルロード】,idol_7,園田智代子,P,SSR,unit_3,放課後クライマックスガールズ,,mission,[],unknown,,https://wikiwiki.jp/shinycolors/%E3%80%90%E7%99%BD%E3%81%84%E3%83%84%E3%83%90%E3%82%B5%E3%80%91%E5%9C%92%E7%94%B0%E6%99%BA%E4%BB%A3%E5%AD%90,observed,idol_road_ssr,wiki_only,shinycolors_enza,6b198dc3-dbed-40ab-bcc0-171644074459,5843ca5c-a1b9-4245-91a0-c9443a70fdd0,2026-10-06T16:29:54+00:00,"[""W08""]","[""first_implemented_on"",""series_status"",""collab_work""]"
v1-93a6a8b8d40e754a,1.0,2026-10-08T02:45:18+00:00,【カラメル】,idol_2,樋口円香,P,SR,unit_6,ノクチル,2022-01-20,permanent_gacha,[],unknown,,https://wikiwiki.jp/shinycolors/%E3%80%90%E3%82%AB%E3%83%A9%E3%83%A1%E3%83%AB%E3%80%91%E6%A8%8B%E5%8F%A3%E5%86%86%E9%A6%99,observed,base,wiki_only,shinycolors_enza,6b547d23-845c-4320-8590-576669ddad01,6b547d23-845c-4320-8590-576669ddad01,2026-10-06T16:29:53+00:00,"[""W02""]","[""series_status"",""collab_work""]"
v1-93a6a8b8d40e754a,1.0,2026-10-08T02:45:18+00:00,【光の想い出】,idol_8c18b422-295c-4259-9e14-413685deb7f8,大崎甘奈,S,SR,unit_4,アルストロメリア,2018-07-31,event_reward,[],unknown,,https://wikiwiki.jp/shinycolors/%E3%80%90%E5%85%89%E3%81%AE%E6%83%B3%E3%81%84%E5%87%BA%E3%80%91%E5%A4%A7%E5%B4%8E%E7%94%98%E5%A5%88,observed,base,wiki_only,shinycolors_enza,6b5c61e0-c4a8-46e6-9c57-fb2beab4dc87,6b5c61e0-c4a8-46e6-9c57-fb2beab4dc87,2026-10-06T16:29:53+00:00,"[""W03""]","[""series_status"",""collab_work""]"
v1-93a6a8b8d40e754a,1.0,2026-10-08T02:45:18+00:00,【そらいろの海】,idol_e5ce74fd-2caf-4c1d-a696-0b1f17f7a53e,福丸小糸,S,SSR,unit_6,ノクチル,2026-05-21,collection_gacha,"[""twilights""]",known,,https://wikiwiki.jp/shinycolors/%E3%80%90%E3%81%9D%E3%82%89%E3%81%84%E3%82%8D%E3%81%AE%E6%B5%B7%E3%80%91%E7%A6%8F%E4%B8%B8%E5%B0%8F%E7%B3%B8,observed,base,wiki_only,shinycolors_enza,6b6eac8c-61e2-441f-80dd-681cb7fa20a1,6b6eac8c-61e2-441f-80dd-681cb7fa20a1,2026-10-06T16:29:53+00:00,"[""W03""]","[""collab_work""]"
v1-93a6a8b8d40e754a,1.0,2026-10-08T02:45:18+00:00,【水平】,idol_2,樋口円香,S,SSR,unit_6,ノクチル,2024-05-30,limited_gacha,[],unknown,,https://wikiwiki.jp/shinycolors/%E3%80%90%E6%B0%B4%E5%B9%B3%E3%80%91%E6%A8%8B%E5%8F%A3%E5%86%86%E9%A6%99,observed,base,wiki_only,shinycolors_enza,6b88c3af-a1f5-4ad3-89ee-6c7259d140eb,6b88c3af-a1f5-4ad3-89ee-6c7259d140eb,2026-10-06T16:29:53+00:00,"[""W03""]","[""series_status"",""collab_work""]"
v1-93a6a8b8d40e754a,1.0,2026-10-08T02:45:18+00:00,【アマテラス】,idol_2,樋口円香,P,UR,unit_6,ノクチル,2025-07-08,permanent_gacha,[],unknown,,https://wikiwiki.jp/shinycolors/%E3%80%90%E3%82%A2%E3%83%9E%E3%83%86%E3%83%A9%E3%82%B9%E3%80%91%E6%A8%8B%E5%8F%A3%E5%86%86%E9%A6%99,observed,base,wiki_only,shinycolors_enza,6b98f267-3dd0-4e4b-9c25-edce2801b211,6b98f267-3dd0-4e4b-9c25-edce2801b211,2026-10-06T16:29:52+00:00,"[""W02""]","[""series_status"",""collab_work""]"
v1-93a6a8b8d40e754a,1.0,2026-10-08T02:45:18+00:00,【バグ・ル】,idol_2,樋口円香,P,SSR,unit_6,ノクチル,2023-03-03,collection_gacha,"[""mysongs""]",known,,https://wikiwiki.jp/shinycolors/%E3%80%90%E3%83%90%E3%82%B0%E3%83%BB%E3%83%AB%E3%80%91%E6%A8%8B%E5%8F%A3%E5%86%86%E9%A6%99,observed,base,wiki_only,shinycolors_enza,6bb06f66-bb2d-49c3-9d6e-362ea15a4348,6bb06f66-bb2d-49c3-9d6e-362ea15a4348,2026-10-06T16:29:53+00:00,"[""W02""]","[""collab_work""]"
v1-93a6a8b8d40e754a,1.0,2026-10-08T02:45:18+00:00,【白いツバサ】,idol_e5ce74fd-2caf-4c1d-a696-0b1f17f7a53e,福丸小糸,P,SR,unit_6,ノクチル,,mission,[],unknown,,https://wikiwiki.jp/shinycolors/%E3%80%90%E7%99%BD%E3%81%84%E3%83%84%E3%83%90%E3%82%B5%E3%80%91%E7%A6%8F%E4%B8%B8%E5%B0%8F%E7%B3%B8,observed,idol_road_sr,wiki_only,shinycolors_enza,6bcd382f-2626-4400-bded-fc96655ade36,67fc84c5-64c5-4d15-a7e4-1433b8982ea9,2026-10-06T16:29:54+00:00,"[""W08""]","[""first_implemented_on"",""series_status"",""collab_work""]"
v1-93a6a8b8d40e754a,1.0,2026-10-08T02:45:18+00:00,【白いツバサ】,idol_e579db5c-0930-4984-aa40-ebe5a00e8a4f,幽谷霧子,P,R,unit_2,アンティーカ,2018-04-24,permanent_gacha,[],unknown,,https://wikiwiki.jp/shinycolors/%E3%80%90%E7%99%BD%E3%81%84%E3%83%84%E3%83%90%E3%82%B5%E3%80%91%E5%B9%BD%E8%B0%B7%E9%9C%A7%E5%AD%90,observed,base,wiki_only,shinycolors_enza,6bdac124-8fa5-4a7f-bf36-99a8b24e4ed8,6bdac124-8fa5-4a7f-bf36-99a8b24e4ed8,2026-10-06T16:29:53+00:00,"[""W02""]","[""series_status"",""collab_work""]"
v1-93a6a8b8d40e754a,1.0,2026-10-08T02:45:18+00:00,【春日影、さんならび】,idol_1,櫻木真乃,S,SSR,unit_1,イルミネーションスターズ,2022-03-19,limited_gacha,[],unknown,,https://wikiwiki.jp/shinycolors/%E3%80%90%E6%98%A5%E6%97%A5%E5%BD%B1%E3%80%81%E3%81%95%E3%82%93%E3%81%AA%E3%82%89%E3%81%B3%E3%80%91%E6%AB%BB%E6%9C%A8%E7%9C%9F%E4%B9%83,observed,base,wiki_only,shinycolors_enza,6c206a6d-528f-4ce8-a644-8ebcec243b0c,6c206a6d-528f-4ce8-a644-8ebcec243b0c,2026-10-06T16:29:53+00:00,"[""W03""]","[""series_status"",""collab_work""]"
v1-93a6a8b8d40e754a,1.0,2026-10-08T02:45:18+00:00,【窓辺・サイレントタイム】,idol_df07e98b-12f2-4984-b8f6-8da0a47c0cc7,小宮果穂,P,SR,unit_3,放課後クライマックスガールズ,2019-11-11,event_reward,[],unknown,,https://wikiwiki.jp/shinycolors/%E3%80%90%E7%AA%93%E8%BE%BA%E3%83%BB%E3%82%B5%E3%82%A4%E3%83%AC%E3%83%B3%E3%83%88%E3%82%BF%E3%82%A4%E3%83%A0%E3%80%91%E5%B0%8F%E5%AE%AE%E6%9E%9C%E7%A9%82,observed,base,wiki_only,shinycolors_enza,6c2c26c9-0652-4312-8303-3a562a49da22,6c2c26c9-0652-4312-8303-3a562a49da22,2026-10-06T16:29:53+00:00,"[""W02""]","[""series_status"",""collab_work""]"
v1-93a6a8b8d40e754a,1.0,2026-10-08T02:45:18+00:00,【ピトス・エルピス】,idol_2,樋口円香,P,SSR,unit_6,ノクチル,2021-08-31,limited_gacha,[],unknown,,https://wikiwiki.jp/shinycolors/%E3%80%90%E3%83%94%E3%83%88%E3%82%B9%E3%83%BB%E3%82%A8%E3%83%AB%E3%83%94%E3%82%B9%E3%80%91%E6%A8%8B%E5%8F%A3%E5%86%86%E9%A6%99,observed,base,wiki_only,shinycolors_enza,6c344789-1482-4780-860a-4358a1883ee7,6c344789-1482-4780-860a-4358a1883ee7,2026-10-06T16:29:53+00:00,"[""W02""]","[""series_status"",""collab_work""]"
v1-93a6a8b8d40e754a,1.0,2026-10-08T02:45:18+00:00,【ウタという炎】,idol_81093365-1df1-4e6c-a252-27625c47ab96,三峰結華,S,SR,unit_2,アンティーカ,2024-04-13,campaign,[],unknown,,https://wikiwiki.jp/shinycolors/%E3%80%90%E3%82%A6%E3%82%BF%E3%81%A8%E3%81%84%E3%81%86%E7%82%8E%E3%80%91%E4%B8%89%E5%B3%B0%E7%B5%90%E8%8F%AF,observed,base,wiki_only,shinycolors_enza,6c5a43c0-8079-4742-b0cb-fa93c3e30a98,6c5a43c0-8079-4742-b0cb-fa93c3e30a98,2026-10-06T16:29:54+00:00,"[""W03""]","[""series_status"",""collab_work""]"
v1-93a6a8b8d40e754a,1.0,2026-10-08T02:45:18+00:00,【おみくじ結びますか】,idol_e5ce74fd-2caf-4c1d-a696-0b1f17f7a53e,福丸小糸,P,SSR,unit_6,ノクチル,2021-01-01,limited_gacha,[],unknown,,https://wikiwiki.jp/shinycolors/%E3%80%90%E3%81%8A%E3%81%BF%E3%81%8F%E3%81%98%E7%B5%90%E3%81%B3%E3%81%BE%E3%81%99%E3%81%8B%E3%80%91%E7%A6%8F%E4%B8%B8%E5%B0%8F%E7%B3%B8,observed,base,wiki_only,shinycolors_enza,6c6bf2ff-8299-43df-ab05-2c69439988cc,6c6bf2ff-8299-43df-ab05-2c69439988cc,2026-10-06T16:29:53+00:00,"[""W02""]","[""series_status"",""collab_work""]"
v1-93a6a8b8d40e754a,1.0,2026-10-08T02:45:18+00:00,【THE W♡RLD】,idol_72d6d5b6-dc2b-4e7c-90be-eb4770ba589b,市川雛菜,S,SSR,unit_6,ノクチル,2023-04-02,event_reward,[],unknown,,https://wikiwiki.jp/shinycolors/%E3%80%90THE%20W%E2%99%A1RLD%E3%80%91%E5%B8%82%E5%B7%9D%E9%9B%9B%E8%8F%9C,observed,base,wiki_only,shinycolors_enza,6c6f0317-9bf0-4f31-bd31-16b51ced9187,6c6f0317-9bf0-4f31-bd31-16b51ced9187,2026-10-06T16:29:53+00:00,"[""W03""]","[""series_status"",""collab_work""]"
v1-93a6a8b8d40e754a,1.0,2026-10-08T02:45:18+00:00,【言葉にならないサプライズ】,idol_0e2d3420-7295-4510-929d-01bf8378e12a,風野灯織,S,SSR,unit_1,イルミネーションスターズ,2026-03-04,limited_gacha,"[""birthday""]",known,,https://wikiwiki.jp/shinycolors/%E3%80%90%E8%A8%80%E8%91%89%E3%81%AB%E3%81%AA%E3%82%89%E3%81%AA%E3%81%84%E3%82%B5%E3%83%97%E3%83%A9%E3%82%A4%E3%82%BA%E3%80%91%E9%A2%A8%E9%87%8E%E7%81%AF%E7%B9%94,observed,base,wiki_only,shinycolors_enza,6c960e44-a62a-4c1d-8238-067a3ddafc76,6c960e44-a62a-4c1d-8238-067a3ddafc76,2026-10-06T16:29:53+00:00,"[""W03""]","[""collab_work""]"
v1-93a6a8b8d40e754a,1.0,2026-10-08T02:45:18+00:00,【'25Pカップランクイン】,idol_51651b60-7996-412b-bd16-5c1c3f3faebf,杜野凛世,S,SSR,unit_3,放課後クライマックスガールズ,2025-04-15,event_reward,[],unknown,,https://wikiwiki.jp/shinycolors/%E3%80%90%2725P%E3%82%AB%E3%83%83%E3%83%97%E3%83%A9%E3%83%B3%E3%82%AF%E3%82%A4%E3%83%B3%E3%80%91%E6%9D%9C%E9%87%8E%E5%87%9B%E4%B8%96,observed,base,wiki_only,shinycolors_enza,6cd77f6d-d814-4b07-a4b5-3f008521638a,6cd77f6d-d814-4b07-a4b5-3f008521638a,2026-10-06T16:29:53+00:00,"[""W03""]","[""series_status"",""collab_work""]"
v1-93a6a8b8d40e754a,1.0,2026-10-08T02:45:18+00:00,【STARTRAIN】,idol_813a7356-e821-43e7-b25f-c104ca28870d,西城樹里,P,SR,unit_3,放課後クライマックスガールズ,2019-02-18,event_reward,[],unknown,,https://wikiwiki.jp/shinycolors/%E3%80%90STARTRAIN%E3%80%91%E8%A5%BF%E5%9F%8E%E6%A8%B9%E9%87%8C,observed,base,wiki_only,shinycolors_enza,6d06c26e-cfef-4378-a9c9-4a83b95fa606,6d06c26e-cfef-4378-a9c9-4a83b95fa606,2026-10-06T16:29:53+00:00,"[""W02""]","[""series_status"",""collab_work""]"
v1-93a6a8b8d40e754a,1.0,2026-10-08T02:45:18+00:00,【七田 琴か】,idol_736d3fca-9560-4156-96fc-66cc0159ea42,七草にちか,S,SR,unit_7,シーズ,2026-04-01,gacha_bonus,[],unknown,,,not_found,base,wiki_only,shinycolors_enza,6d1acdef-4580-499a-8df0-04de29035833,6d1acdef-4580-499a-8df0-04de29035833,2026-10-06T16:29:53+00:00,"[""W03""]","[""series_status"",""collab_work"",""wiki_url""]"
v1-93a6a8b8d40e754a,1.0,2026-10-08T02:45:18+00:00,【SWEET♡WINGS】,idol_6,田中摩美々,S,SSR,unit_2,アンティーカ,2026-01-30,exchange,[],unknown,,https://wikiwiki.jp/shinycolors/%E3%80%90SWEET%E2%99%A1WINGS%E3%80%91%E7%94%B0%E4%B8%AD%E6%91%A9%E7%BE%8E%E3%80%85,observed,base,wiki_only,shinycolors_enza,6d2334fe-2d96-4c39-9a75-95e2021431db,6d2334fe-2d96-4c39-9a75-95e2021431db,2026-10-06T16:29:53+00:00,"[""W03""]","[""series_status"",""collab_work""]"
v1-93a6a8b8d40e754a,1.0,2026-10-08T02:45:18+00:00,【と～りゃんせ！】,idol_e91e6363-2dc9-42c1-bbf1-a759e797c2d1,月岡恋鐘,S,SR,unit_2,アンティーカ,2019-04-01,limited_gacha,[],unknown,,https://wikiwiki.jp/shinycolors/%E3%80%90%E3%81%A8%EF%BD%9E%E3%82%8A%E3%82%83%E3%82%93%E3%81%9B%EF%BC%81%E3%80%91%E6%9C%88%E5%B2%A1%E6%81%8B%E9%90%98,observed,base,wiki_only,shinycolors_enza,6d749ef5-1c02-4018-9d8e-e7c16f58d548,6d749ef5-1c02-4018-9d8e-e7c16f58d548,2026-10-06T16:29:54+00:00,"[""W03""]","[""series_status"",""collab_work""]"
v1-93a6a8b8d40e754a,1.0,2026-10-08T02:45:18+00:00,【Trick For ???】,idol_f0b34f52-342b-4fdd-8231-816605449447,郁田はるき,S,SSR,unit_8,コメティック,2025-10-31,limited_gacha,[],unknown,,https://wikiwiki.jp/shinycolors/%E3%80%90Trick%20For%20%3F%3F%3F%E3%80%91%E9%83%81%E7%94%B0%E3%81%AF%E3%82%8B%E3%81%8D,observed,base,wiki_only,shinycolors_enza,6dd61167-5794-40f9-b1c7-4c2b8a5d2dda,6dd61167-5794-40f9-b1c7-4c2b8a5d2dda,2026-10-06T16:29:53+00:00,"[""W03""]","[""series_status"",""collab_work""]"
v1-93a6a8b8d40e754a,1.0,2026-10-08T02:45:18+00:00,【無敵の証！五紋章！】,idol_df07e98b-12f2-4984-b8f6-8da0a47c0cc7,小宮果穂,S,SR,unit_3,放課後クライマックスガールズ,2019-03-22,event_reward,[],unknown,,https://wikiwiki.jp/shinycolors/%E3%80%90%E7%84%A1%E6%95%B5%E3%81%AE%E8%A8%BC%EF%BC%81%E4%BA%94%E7%B4%8B%E7%AB%A0%EF%BC%81%E3%80%91%E5%B0%8F%E5%AE%AE%E6%9E%9C%E7%A9%82,observed,base,wiki_only,shinycolors_enza,6dd9919f-3286-4ba2-9798-6417d11ca2ec,6dd9919f-3286-4ba2-9798-6417d11ca2ec,2026-10-06T16:29:53+00:00,"[""W03""]","[""series_status"",""collab_work""]"
v1-93a6a8b8d40e754a,1.0,2026-10-08T02:45:18+00:00,【一人分の空、一枚の羽】,idol_81093365-1df1-4e6c-a252-27625c47ab96,三峰結華,S,SSR,unit_2,アンティーカ,2024-01-05,other_bonus,[],unknown,,https://wikiwiki.jp/shinycolors/%E3%80%90%E4%B8%80%E4%BA%BA%E5%88%86%E3%81%AE%E7%A9%BA%E3%80%81%E4%B8%80%E6%9E%9A%E3%81%AE%E7%BE%BD%E3%80%91%E4%B8%89%E5%B3%B0%E7%B5%90%E8%8F%AF,observed,base,wiki_only,shinycolors_enza,6e19da64-a630-424a-a156-a451a39f4c40,6e19da64-a630-424a-a156-a451a39f4c40,2026-10-06T16:33:42+00:00,"[""W03""]","[""series_status"",""collab_work""]"
v1-93a6a8b8d40e754a,1.0,2026-10-08T02:45:18+00:00,【きゃっ、と。あふれて】,idol_736d3fca-9560-4156-96fc-66cc0159ea42,七草にちか,S,SSR,unit_7,シーズ,2026-02-22,limited_gacha,[],unknown,,https://wikiwiki.jp/shinycolors/%E3%80%90%E3%81%8D%E3%82%83%E3%81%A3%E3%80%81%E3%81%A8%E3%80%82%E3%81%82%E3%81%B5%E3%82%8C%E3%81%A6%E3%80%91%E4%B8%83%E8%8D%89%E3%81%AB%E3%81%A1%E3%81%8B,observed,base,wiki_only,shinycolors_enza,6e1a3a50-c285-4e67-92da-5a358af32d3f,6e1a3a50-c285-4e67-92da-5a358af32d3f,2026-10-06T16:29:53+00:00,"[""W03""]","[""series_status"",""collab_work""]"
v1-93a6a8b8d40e754a,1.0,2026-10-08T02:45:18+00:00,【夏葬灯】,idol_736d3fca-9560-4156-96fc-66cc0159ea42,七草にちか,S,SR,unit_7,シーズ,2022-07-11,collaboration_gacha,[],unknown,,https://wikiwiki.jp/shinycolors/%E3%80%90%E5%A4%8F%E8%91%AC%E7%81%AF%E3%80%91%E4%B8%83%E8%8D%89%E3%81%AB%E3%81%A1%E3%81%8B,observed,base,wiki_only,shinycolors_enza,6e2a9870-edb0-4714-99c9-86dbad81fec1,6e2a9870-edb0-4714-99c9-86dbad81fec1,2026-10-06T16:29:53+00:00,"[""W03""]","[""series_status"",""collab_work""]"
v1-93a6a8b8d40e754a,1.0,2026-10-08T02:45:18+00:00,【夏風渡るdiary】,idol_1,櫻木真乃,S,SSR,unit_1,イルミネーションスターズ,2021-06-30,limited_gacha,[],unknown,,https://wikiwiki.jp/shinycolors/%E3%80%90%E5%A4%8F%E9%A2%A8%E6%B8%A1%E3%82%8Bdiary%E3%80%91%E6%AB%BB%E6%9C%A8%E7%9C%9F%E4%B9%83,observed,base,wiki_only,shinycolors_enza,6e95a618-ff4c-4481-b242-ea4220b07a64,6e95a618-ff4c-4481-b242-ea4220b07a64,2026-10-06T16:29:53+00:00,"[""W03""]","[""series_status"",""collab_work""]"
v1-93a6a8b8d40e754a,1.0,2026-10-08T02:45:18+00:00,【コミケ102】,idol_6,田中摩美々,S,SR,unit_2,アンティーカ,2023-08-09,gacha_bonus,[],unknown,,https://wikiwiki.jp/shinycolors/%E3%80%90%E3%82%B3%E3%83%9F%E3%82%B1102%E3%80%91%E7%94%B0%E4%B8%AD%E6%91%A9%E7%BE%8E%E3%80%85,observed,base,wiki_only,shinycolors_enza,6eb265d4-2efb-42fe-89bd-4384f47a028d,6eb265d4-2efb-42fe-89bd-4384f47a028d,2026-10-06T16:29:54+00:00,"[""W03""]","[""series_status"",""collab_work""]"
v1-93a6a8b8d40e754a,1.0,2026-10-08T02:45:18+00:00,【こころ、えんにならんで】,idol_1,櫻木真乃,S,SSR,unit_1,イルミネーションスターズ,2020-10-12,permanent_gacha,[],unknown,,https://wikiwiki.jp/shinycolors/%E3%80%90%E3%81%93%E3%81%93%E3%82%8D%E3%80%81%E3%81%88%E3%82%93%E3%81%AB%E3%81%AA%E3%82%89%E3%82%93%E3%81%A7%E3%80%91%E6%AB%BB%E6%9C%A8%E7%9C%9F%E4%B9%83,observed,base,wiki_only,shinycolors_enza,6ed0587f-df73-4c01-baad-28a521b12deb,6ed0587f-df73-4c01-baad-28a521b12deb,2026-10-06T16:29:53+00:00,"[""W03""]","[""series_status"",""collab_work""]"
v1-93a6a8b8d40e754a,1.0,2026-10-08T02:45:18+00:00,【スプリング・フィッシュ】,idol_6,田中摩美々,S,SSR,unit_2,アンティーカ,2020-04-20,limited_gacha,[],unknown,,https://wikiwiki.jp/shinycolors/%E3%80%90%E3%82%B9%E3%83%97%E3%83%AA%E3%83%B3%E3%82%B0%E3%83%BB%E3%83%95%E3%82%A3%E3%83%83%E3%82%B7%E3%83%A5%E3%80%91%E7%94%B0%E4%B8%AD%E6%91%A9%E7%BE%8E%E3%80%85,observed,base,wiki_only,shinycolors_enza,6efeec15-883b-4051-b689-1a0cae20e06d,6efeec15-883b-4051-b689-1a0cae20e06d,2026-10-06T16:29:53+00:00,"[""W03""]","[""series_status"",""collab_work""]"
v1-93a6a8b8d40e754a,1.0,2026-10-08T02:45:18+00:00,【幸あれと】,idol_51651b60-7996-412b-bd16-5c1c3f3faebf,杜野凛世,S,SSR,unit_3,放課後クライマックスガールズ,2026-06-18,collection_gacha,"[""twilights""]",known,,https://wikiwiki.jp/shinycolors/%E3%80%90%E5%B9%B8%E3%81%82%E3%82%8C%E3%81%A8%E3%80%91%E6%9D%9C%E9%87%8E%E5%87%9B%E4%B8%96,observed,base,wiki_only,shinycolors_enza,6f3b75be-3f4b-4839-8c28-5d935bd593b9,6f3b75be-3f4b-4839-8c28-5d935bd593b9,2026-10-06T16:29:53+00:00,"[""W03""]","[""collab_work""]"
v1-93a6a8b8d40e754a,1.0,2026-10-08T02:45:18+00:00,【Howling】,idol_3c398182-7760-439e-8c77-3c09d173aa4c,芹沢あさひ,P,SSR,unit_5,ストレイライト,2022-01-11,limited_gacha,[],unknown,,https://wikiwiki.jp/shinycolors/%E3%80%90Howling%E3%80%91%E8%8A%B9%E6%B2%A2%E3%81%82%E3%81%95%E3%81%B2,observed,base,wiki_only,shinycolors_enza,6f4a7fe3-48df-427f-8c74-a1ff56c353c9,6f4a7fe3-48df-427f-8c74-a1ff56c353c9,2026-10-06T16:29:53+00:00,"[""W02""]","[""series_status"",""collab_work""]"
v1-93a6a8b8d40e754a,1.0,2026-10-08T02:45:18+00:00,【FEEL】,idol_6874153a-a7f6-426a-98f0-815f121eeca4,緋田美琴,S,SR,unit_7,シーズ,2021-08-10,event_reward,[],unknown,,https://wikiwiki.jp/shinycolors/%E3%80%90FEEL%E3%80%91%E7%B7%8B%E7%94%B0%E7%BE%8E%E7%90%B4,observed,base,wiki_only,shinycolors_enza,6fb08eef-9c65-408e-a40f-17dfe65505d9,6fb08eef-9c65-408e-a40f-17dfe65505d9,2026-10-06T16:29:53+00:00,"[""W03""]","[""series_status"",""collab_work""]"
v1-93a6a8b8d40e754a,1.0,2026-10-08T02:45:18+00:00,【broken shout】,idol_0c19be81-d3e3-4383-b5d4-0a94b290dba9,斑鳩ルカ,P,SSR,unit_8,コメティック,2023-04-12,permanent_gacha,[],unknown,,https://wikiwiki.jp/shinycolors/%E3%80%90broken%20shout%E3%80%91%E6%96%91%E9%B3%A9%E3%83%AB%E3%82%AB,observed,base,wiki_only,shinycolors_enza,70220cb2-51ed-42f1-aaf2-80f28c50765e,70220cb2-51ed-42f1-aaf2-80f28c50765e,2026-10-06T16:29:53+00:00,"[""W02""]","[""series_status"",""collab_work""]"
v1-93a6a8b8d40e754a,1.0,2026-10-08T02:45:18+00:00,【桜餅マスター……？】,idol_7,園田智代子,S,SSR,unit_3,放課後クライマックスガールズ,2018-06-20,permanent_gacha,[],unknown,,https://wikiwiki.jp/shinycolors/%E3%80%90%E6%A1%9C%E9%A4%85%E3%83%9E%E3%82%B9%E3%82%BF%E3%83%BC%E2%80%A6%E2%80%A6%EF%BC%9F%E3%80%91%E5%9C%92%E7%94%B0%E6%99%BA%E4%BB%A3%E5%AD%90,observed,base,wiki_only,shinycolors_enza,7063c99b-27ef-494c-9847-d4e515b19afb,7063c99b-27ef-494c-9847-d4e515b19afb,2026-10-06T16:29:53+00:00,"[""W03""]","[""series_status"",""collab_work""]"
v1-93a6a8b8d40e754a,1.0,2026-10-08T02:45:18+00:00,【あけまして、大吉～！】,idol_e91e6363-2dc9-42c1-bbf1-a759e797c2d1,月岡恋鐘,S,SSR,unit_2,アンティーカ,2022-01-01,limited_gacha,[],unknown,,https://wikiwiki.jp/shinycolors/%E3%80%90%E3%81%82%E3%81%91%E3%81%BE%E3%81%97%E3%81%A6%E3%80%81%E5%A4%A7%E5%90%89%EF%BD%9E%EF%BC%81%E3%80%91%E6%9C%88%E5%B2%A1%E6%81%8B%E9%90%98,observed,base,wiki_only,shinycolors_enza,70b64aa0-2237-420f-91ea-9a9761cbde66,70b64aa0-2237-420f-91ea-9a9761cbde66,2026-10-06T16:29:53+00:00,"[""W03""]","[""series_status"",""collab_work""]"
v1-93a6a8b8d40e754a,1.0,2026-10-08T02:45:18+00:00,【まといてホワイトフル】,idol_6,田中摩美々,P,SSR,unit_2,アンティーカ,2025-06-17,limited_gacha,[],unknown,,https://wikiwiki.jp/shinycolors/%E3%80%90%E3%81%BE%E3%81%A8%E3%81%84%E3%81%A6%E3%83%9B%E3%83%AF%E3%82%A4%E3%83%88%E3%83%95%E3%83%AB%E3%80%91%E7%94%B0%E4%B8%AD%E6%91%A9%E7%BE%8E%E3%80%85,observed,base,wiki_only,shinycolors_enza,70e17409-8d5d-42ff-801c-250e5bb3332b,70e17409-8d5d-42ff-801c-250e5bb3332b,2026-10-06T16:29:53+00:00,"[""W02""]","[""series_status"",""collab_work""]"
v1-93a6a8b8d40e754a,1.0,2026-10-08T02:45:18+00:00,【白いツバサ】,idol_e91e6363-2dc9-42c1-bbf1-a759e797c2d1,月岡恋鐘,P,SR,unit_2,アンティーカ,,mission,[],unknown,,https://wikiwiki.jp/shinycolors/%E3%80%90%E7%99%BD%E3%81%84%E3%83%84%E3%83%90%E3%82%B5%E3%80%91%E6%9C%88%E5%B2%A1%E6%81%8B%E9%90%98,observed,idol_road_sr,wiki_only,shinycolors_enza,70e8becd-b0db-4e37-beb5-7cf0f692a91f,c9ed72de-f47f-4847-93d7-02bc9abedd1c,2026-10-06T16:29:54+00:00,"[""W08""]","[""first_implemented_on"",""series_status"",""collab_work""]"
v1-93a6a8b8d40e754a,1.0,2026-10-08T02:45:18+00:00,【This way】,idol_6874153a-a7f6-426a-98f0-815f121eeca4,緋田美琴,P,SSR,unit_7,シーズ,2024-06-19,collection_gacha,"[""twilights""]",known,,https://wikiwiki.jp/shinycolors/%E3%80%90This%20way%E3%80%91%E7%B7%8B%E7%94%B0%E7%BE%8E%E7%90%B4,observed,base,wiki_only,shinycolors_enza,70ecc835-17e3-413e-acae-ae3160340ba8,70ecc835-17e3-413e-acae-ae3160340ba8,2026-10-06T16:29:53+00:00,"[""W02""]","[""collab_work""]"
v1-93a6a8b8d40e754a,1.0,2026-10-08T02:45:18+00:00,【一人分の空、一枚の羽】,idol_e579db5c-0930-4984-aa40-ebe5a00e8a4f,幽谷霧子,S,SSR,unit_2,アンティーカ,2023-10-27,other_bonus,[],unknown,,https://wikiwiki.jp/shinycolors/%E3%80%90%E4%B8%80%E4%BA%BA%E5%88%86%E3%81%AE%E7%A9%BA%E3%80%81%E4%B8%80%E6%9E%9A%E3%81%AE%E7%BE%BD%E3%80%91%E5%B9%BD%E8%B0%B7%E9%9C%A7%E5%AD%90,observed,base,wiki_only,shinycolors_enza,71451105-6c37-4472-94cf-83259c30164d,71451105-6c37-4472-94cf-83259c30164d,2026-10-06T16:33:42+00:00,"[""W03""]","[""series_status"",""collab_work""]"
v1-93a6a8b8d40e754a,1.0,2026-10-08T02:45:18+00:00,【アルマ】,idol_3,浅倉透,P,SSR,unit_6,ノクチル,2025-10-20,collection_gacha,"[""twilights""]",known,,https://wikiwiki.jp/shinycolors/%E3%80%90%E3%82%A2%E3%83%AB%E3%83%9E%E3%80%91%E6%B5%85%E5%80%89%E9%80%8F,observed,base,wiki_only,shinycolors_enza,715921f6-6d13-470d-ac9d-c3920b918c82,715921f6-6d13-470d-ac9d-c3920b918c82,2026-10-06T16:29:53+00:00,"[""W02""]","[""collab_work""]"
v1-93a6a8b8d40e754a,1.0,2026-10-08T02:45:18+00:00,【輝いてアンドロメダ】,idol_8c18b422-295c-4259-9e14-413685deb7f8,大崎甘奈,P,SSR,unit_4,アルストロメリア,2024-08-30,limited_gacha,[],unknown,,https://wikiwiki.jp/shinycolors/%E3%80%90%E8%BC%9D%E3%81%84%E3%81%A6%E3%82%A2%E3%83%B3%E3%83%89%E3%83%AD%E3%83%A1%E3%83%80%E3%80%91%E5%A4%A7%E5%B4%8E%E7%94%98%E5%A5%88,observed,base,wiki_only,shinycolors_enza,718b4ce8-d076-4ea9-9dc2-119907c7a0dd,718b4ce8-d076-4ea9-9dc2-119907c7a0dd,2026-10-06T16:29:53+00:00,"[""W02""]","[""series_status"",""collab_work""]"
v1-93a6a8b8d40e754a,1.0,2026-10-08T02:45:18+00:00,【星掬い藍仰ぐ】,idol_0e2d3420-7295-4510-929d-01bf8378e12a,風野灯織,S,SSR,unit_1,イルミネーションスターズ,2019-10-31,limited_gacha,[],unknown,,https://wikiwiki.jp/shinycolors/%E3%80%90%E6%98%9F%E6%8E%AC%E3%81%84%E8%97%8D%E4%BB%B0%E3%81%90%E3%80%91%E9%A2%A8%E9%87%8E%E7%81%AF%E7%B9%94,observed,base,wiki_only,shinycolors_enza,718d2162-0d70-4a0b-a5b0-44b80ee85b71,718d2162-0d70-4a0b-a5b0-44b80ee85b71,2026-10-06T16:29:53+00:00,"[""W03""]","[""series_status"",""collab_work""]"
v1-93a6a8b8d40e754a,1.0,2026-10-08T02:45:18+00:00,【NOT≠EQUAL】,idol_81093365-1df1-4e6c-a252-27625c47ab96,三峰結華,P,SSR,unit_2,アンティーカ,2019-08-31,limited_gacha,[],unknown,,https://wikiwiki.jp/shinycolors/%E3%80%90NOT%E2%89%A0EQUAL%E3%80%91%E4%B8%89%E5%B3%B0%E7%B5%90%E8%8F%AF,observed,base,wiki_only,shinycolors_enza,71c5ff8b-c410-4e58-bc3e-a96d3cb94f7b,71c5ff8b-c410-4e58-bc3e-a96d3cb94f7b,2026-10-06T16:29:53+00:00,"[""W02""]","[""series_status"",""collab_work""]"
v1-93a6a8b8d40e754a,1.0,2026-10-08T02:45:18+00:00,【ぐうぜんBOOKS】,idol_1,櫻木真乃,P,SR,unit_1,イルミネーションスターズ,2018-09-30,permanent_gacha,[],unknown,,https://wikiwiki.jp/shinycolors/%E3%80%90%E3%81%90%E3%81%86%E3%81%9C%E3%82%93BOOKS%E3%80%91%E6%AB%BB%E6%9C%A8%E7%9C%9F%E4%B9%83,observed,base,wiki_only,shinycolors_enza,71f589f7-4777-4a2c-8760-cab231997dcf,71f589f7-4777-4a2c-8760-cab231997dcf,2026-10-06T16:29:53+00:00,"[""W02""]","[""series_status"",""collab_work""]"
v1-93a6a8b8d40e754a,1.0,2026-10-08T02:45:18+00:00,【Starlight】,idol_5,ルビー,S,SSR,,,2024-08-07,collaboration_gacha,[],unknown,【推しの子】,https://wikiwiki.jp/shinycolors/%E3%80%90Starlight%E3%80%91%E3%83%AB%E3%83%93%E3%83%BC,observed,base,wiki_only,shinycolors_enza,7206bc8e-78e2-451a-b295-6a3c0d49bd2a,7206bc8e-78e2-451a-b295-6a3c0d49bd2a,2026-10-06T16:29:53+00:00,"[""W03""]","[""unit_id"",""unit_name"",""series_status""]"
v1-93a6a8b8d40e754a,1.0,2026-10-08T02:45:18+00:00,【ハッピー・バレンタイン？】,idol_d4177c5c-4600-4381-b5da-758f87fc23d7,八宮めぐる,S,SSR,unit_1,イルミネーションスターズ,2021-02-10,permanent_gacha,[],unknown,,https://wikiwiki.jp/shinycolors/%E3%80%90%E3%83%8F%E3%83%83%E3%83%94%E3%83%BC%E3%83%BB%E3%83%90%E3%83%AC%E3%83%B3%E3%82%BF%E3%82%A4%E3%83%B3%EF%BC%9F%E3%80%91%E5%85%AB%E5%AE%AE%E3%82%81%E3%81%90%E3%82%8B,observed,base,wiki_only,shinycolors_enza,7218f40e-f9a9-438b-b169-60a5a8f25444,7218f40e-f9a9-438b-b169-60a5a8f25444,2026-10-06T16:29:53+00:00,"[""W03""]","[""series_status"",""collab_work""]"
v1-93a6a8b8d40e754a,1.0,2026-10-08T02:45:18+00:00,【まわるものについて】,idol_3,浅倉透,P,SR,unit_6,ノクチル,2020-11-10,event_reward,[],unknown,,https://wikiwiki.jp/shinycolors/%E3%80%90%E3%81%BE%E3%82%8F%E3%82%8B%E3%82%82%E3%81%AE%E3%81%AB%E3%81%A4%E3%81%84%E3%81%A6%E3%80%91%E6%B5%85%E5%80%89%E9%80%8F,observed,base,wiki_only,shinycolors_enza,72264965-184a-40e9-8488-21ef2c432235,72264965-184a-40e9-8488-21ef2c432235,2026-10-06T16:29:53+00:00,"[""W02""]","[""series_status"",""collab_work""]"
v1-93a6a8b8d40e754a,1.0,2026-10-08T02:45:18+00:00,【liminal;marginal;eternal】,idol_6874153a-a7f6-426a-98f0-815f121eeca4,緋田美琴,S,SR,unit_7,シーズ,2025-01-11,gacha_bonus,[],unknown,,https://wikiwiki.jp/shinycolors/%E3%80%90liminal%3Bmarginal%3Beternal%E3%80%91%E7%B7%8B%E7%94%B0%E7%BE%8E%E7%90%B4,observed,base,wiki_only,shinycolors_enza,72b5c85e-7edf-42f6-9084-5c9380ef5f12,72b5c85e-7edf-42f6-9084-5c9380ef5f12,2026-10-06T16:29:53+00:00,"[""W03""]","[""series_status"",""collab_work""]"
v1-93a6a8b8d40e754a,1.0,2026-10-08T02:45:18+00:00,【雨色、上機嫌】,idol_81093365-1df1-4e6c-a252-27625c47ab96,三峰結華,P,SR,unit_2,アンティーカ,2018-06-11,permanent_gacha,[],unknown,,https://wikiwiki.jp/shinycolors/%E3%80%90%E9%9B%A8%E8%89%B2%E3%80%81%E4%B8%8A%E6%A9%9F%E5%AB%8C%E3%80%91%E4%B8%89%E5%B3%B0%E7%B5%90%E8%8F%AF,observed,base,wiki_only,shinycolors_enza,72e343cf-4a5e-48ad-aafc-cb467a35766f,72e343cf-4a5e-48ad-aafc-cb467a35766f,2026-10-06T16:29:53+00:00,"[""W02""]","[""series_status"",""collab_work""]"
v1-93a6a8b8d40e754a,1.0,2026-10-08T02:45:18+00:00,【プレゼントなら両手いっぱい】,idol_81093365-1df1-4e6c-a252-27625c47ab96,三峰結華,S,SSR,unit_2,アンティーカ,2019-12-13,limited_gacha,[],unknown,,https://wikiwiki.jp/shinycolors/%E3%80%90%E3%83%97%E3%83%AC%E3%82%BC%E3%83%B3%E3%83%88%E3%81%AA%E3%82%89%E4%B8%A1%E6%89%8B%E3%81%84%E3%81%A3%E3%81%B1%E3%81%84%E3%80%91%E4%B8%89%E5%B3%B0%E7%B5%90%E8%8F%AF,observed,base,wiki_only,shinycolors_enza,73229fe9-7d22-4feb-8253-fab6db86c50e,73229fe9-7d22-4feb-8253-fab6db86c50e,2026-10-06T16:29:53+00:00,"[""W03""]","[""series_status"",""collab_work""]"
v1-93a6a8b8d40e754a,1.0,2026-10-08T02:45:18+00:00,【ばってん長崎恋岬】,idol_e91e6363-2dc9-42c1-bbf1-a759e797c2d1,月岡恋鐘,P,SR,unit_2,アンティーカ,2018-04-24,permanent_gacha,[],unknown,,https://wikiwiki.jp/shinycolors/%E3%80%90%E3%81%B0%E3%81%A3%E3%81%A6%E3%82%93%E9%95%B7%E5%B4%8E%E6%81%8B%E5%B2%AC%E3%80%91%E6%9C%88%E5%B2%A1%E6%81%8B%E9%90%98,observed,base,wiki_only,shinycolors_enza,734188a1-26d1-431e-be80-e6dbd479cd17,734188a1-26d1-431e-be80-e6dbd479cd17,2026-10-06T16:29:53+00:00,"[""W02""]","[""series_status"",""collab_work""]"
v1-93a6a8b8d40e754a,1.0,2026-10-08T02:45:18+00:00,【さあ舞い上がれ】,idol_813a7356-e821-43e7-b25f-c104ca28870d,西城樹里,S,SSR,unit_3,放課後クライマックスガールズ,2024-12-07,gacha_bonus,[],unknown,,https://wikiwiki.jp/shinycolors/%E3%80%90%E3%81%95%E3%81%82%E8%88%9E%E3%81%84%E4%B8%8A%E3%81%8C%E3%82%8C%E3%80%91%E8%A5%BF%E5%9F%8E%E6%A8%B9%E9%87%8C,observed,base,wiki_only,shinycolors_enza,7363dd2f-f295-415f-8442-240d611158a0,7363dd2f-f295-415f-8442-240d611158a0,2026-10-06T16:29:53+00:00,"[""W03""]","[""series_status"",""collab_work""]"
v1-93a6a8b8d40e754a,1.0,2026-10-08T02:45:18+00:00,【ぐるもこ・まふ×２】,idol_7,園田智代子,S,SR,unit_3,放課後クライマックスガールズ,2019-11-20,permanent_gacha,[],unknown,,https://wikiwiki.jp/shinycolors/%E3%80%90%E3%81%90%E3%82%8B%E3%82%82%E3%81%93%E3%83%BB%E3%81%BE%E3%81%B5%C3%97%EF%BC%92%E3%80%91%E5%9C%92%E7%94%B0%E6%99%BA%E4%BB%A3%E5%AD%90,observed,base,wiki_only,shinycolors_enza,7371ce1c-924d-4ade-826f-252c22959c0d,7371ce1c-924d-4ade-826f-252c22959c0d,2026-10-06T16:29:54+00:00,"[""W03""]","[""series_status"",""collab_work""]"
v1-93a6a8b8d40e754a,1.0,2026-10-08T02:45:18+00:00,【つむぎ、まばゆく。星屑たち】,idol_1,櫻木真乃,S,SSR,unit_1,イルミネーションスターズ,2020-07-31,event_reward,[],unknown,,https://wikiwiki.jp/shinycolors/%E3%80%90%E3%81%A4%E3%82%80%E3%81%8E%E3%80%81%E3%81%BE%E3%81%B0%E3%82%86%E3%81%8F%E3%80%82%E6%98%9F%E5%B1%91%E3%81%9F%E3%81%A1%E3%80%91%E6%AB%BB%E6%9C%A8%E7%9C%9F%E4%B9%83,observed,base,wiki_only,shinycolors_enza,73804498-995b-4ad9-9983-78259003713c,73804498-995b-4ad9-9983-78259003713c,2026-10-06T16:29:53+00:00,"[""W03""]","[""series_status"",""collab_work""]"
v1-93a6a8b8d40e754a,1.0,2026-10-08T02:45:18+00:00,【『大天使カホエル』】,idol_df07e98b-12f2-4984-b8f6-8da0a47c0cc7,小宮果穂,S,SR,unit_3,放課後クライマックスガールズ,2023-08-09,event_reward,[],unknown,,https://wikiwiki.jp/shinycolors/%E3%80%90%E3%80%8E%E5%A4%A7%E5%A4%A9%E4%BD%BF%E3%82%AB%E3%83%9B%E3%82%A8%E3%83%AB%E3%80%8F%E3%80%91%E5%B0%8F%E5%AE%AE%E6%9E%9C%E7%A9%82,observed,base,wiki_only,shinycolors_enza,7385c12e-61cd-4fc1-b302-1449f63a209c,7385c12e-61cd-4fc1-b302-1449f63a209c,2026-10-06T16:29:53+00:00,"[""W03""]","[""series_status"",""collab_work""]"
v1-93a6a8b8d40e754a,1.0,2026-10-08T02:45:18+00:00,【私のレンズの先のこと】,idol_1,櫻木真乃,S,SSR,unit_1,イルミネーションスターズ,2022-08-31,event_reward,[],unknown,,https://wikiwiki.jp/shinycolors/%E3%80%90%E7%A7%81%E3%81%AE%E3%83%AC%E3%83%B3%E3%82%BA%E3%81%AE%E5%85%88%E3%81%AE%E3%81%93%E3%81%A8%E3%80%91%E6%AB%BB%E6%9C%A8%E7%9C%9F%E4%B9%83,observed,base,wiki_only,shinycolors_enza,73950017-8142-4f22-92c8-67b5bc39e3d2,73950017-8142-4f22-92c8-67b5bc39e3d2,2026-10-06T16:29:53+00:00,"[""W03""]","[""series_status"",""collab_work""]"
v1-93a6a8b8d40e754a,1.0,2026-10-08T02:45:18+00:00,【アイドルじゃなくなったら】,idol_df07e98b-12f2-4984-b8f6-8da0a47c0cc7,小宮果穂,P,SSR,unit_3,放課後クライマックスガールズ,2025-06-09,limited_gacha,[],unknown,,https://wikiwiki.jp/shinycolors/%E3%80%90%E3%82%A2%E3%82%A4%E3%83%89%E3%83%AB%E3%81%98%E3%82%83%E3%81%AA%E3%81%8F%E3%81%AA%E3%81%A3%E3%81%9F%E3%82%89%E3%80%91%E5%B0%8F%E5%AE%AE%E6%9E%9C%E7%A9%82,observed,base,wiki_only,shinycolors_enza,73a0d790-5530-4613-ac94-20e783d5d3b0,73a0d790-5530-4613-ac94-20e783d5d3b0,2026-10-06T16:29:53+00:00,"[""W02""]","[""series_status"",""collab_work""]"
v1-93a6a8b8d40e754a,1.0,2026-10-08T02:45:18+00:00,【花笑み咲匂う】,idol_d4177c5c-4600-4381-b5da-758f87fc23d7,八宮めぐる,S,SSR,unit_1,イルミネーションスターズ,2019-04-29,limited_gacha,[],unknown,,https://wikiwiki.jp/shinycolors/%E3%80%90%E8%8A%B1%E7%AC%91%E3%81%BF%E5%92%B2%E5%8C%82%E3%81%86%E3%80%91%E5%85%AB%E5%AE%AE%E3%82%81%E3%81%90%E3%82%8B,observed,base,wiki_only,shinycolors_enza,73a74286-ed7f-4018-9421-88967e4a03f0,73a74286-ed7f-4018-9421-88967e4a03f0,2026-10-06T16:29:53+00:00,"[""W03""]","[""series_status"",""collab_work""]"
v1-93a6a8b8d40e754a,1.0,2026-10-08T02:45:18+00:00,【ナチュラルデイズ】,idol_92b8326c-72f5-4a2e-8581-7110738045f3,有栖川夏葉,S,SR,unit_3,放課後クライマックスガールズ,2022-06-10,event_reward,[],unknown,,https://wikiwiki.jp/shinycolors/%E3%80%90%E3%83%8A%E3%83%81%E3%83%A5%E3%83%A9%E3%83%AB%E3%83%87%E3%82%A4%E3%82%BA%E3%80%91%E6%9C%89%E6%A0%96%E5%B7%9D%E5%A4%8F%E8%91%89,observed,base,wiki_only,shinycolors_enza,73b73780-6b7e-477c-b995-625496044791,73b73780-6b7e-477c-b995-625496044791,2026-10-06T16:29:53+00:00,"[""W03""]","[""series_status"",""collab_work""]"
v1-93a6a8b8d40e754a,1.0,2026-10-08T02:45:18+00:00,【放課後の振り返り】,idol_a2f858c3-da6e-4d6f-b777-5367a2671399,黛冬優子,S,SSR,unit_5,ストレイライト,2025-07-08,event_reward,[],unknown,,https://wikiwiki.jp/shinycolors/%E3%80%90%E6%94%BE%E8%AA%B2%E5%BE%8C%E3%81%AE%E6%8C%AF%E3%82%8A%E8%BF%94%E3%82%8A%E3%80%91%E9%BB%9B%E5%86%AC%E5%84%AA%E5%AD%90,observed,base,wiki_only,shinycolors_enza,73e03e77-4954-49d9-95d7-c25dde437092,73e03e77-4954-49d9-95d7-c25dde437092,2026-10-06T16:29:53+00:00,"[""W03""]","[""series_status"",""collab_work""]"
v1-93a6a8b8d40e754a,1.0,2026-10-08T02:45:18+00:00,【牛的情感盛り、一丁】,idol_51651b60-7996-412b-bd16-5c1c3f3faebf,杜野凛世,S,SSR,unit_3,放課後クライマックスガールズ,2021-10-21,limited_gacha,[],unknown,,https://wikiwiki.jp/shinycolors/%E3%80%90%E7%89%9B%E7%9A%84%E6%83%85%E6%84%9F%E7%9B%9B%E3%82%8A%E3%80%81%E4%B8%80%E4%B8%81%E3%80%91%E6%9D%9C%E9%87%8E%E5%87%9B%E4%B8%96,observed,base,wiki_only,shinycolors_enza,743c0421-f2f2-4c2c-9aac-99ebbc5fcb20,743c0421-f2f2-4c2c-9aac-99ebbc5fcb20,2026-10-06T16:29:53+00:00,"[""W03""]","[""series_status"",""collab_work""]"
v1-93a6a8b8d40e754a,1.0,2026-10-08T02:45:18+00:00,【一人分の空、一枚の羽】,idol_8c18b422-295c-4259-9e14-413685deb7f8,大崎甘奈,S,SSR,unit_4,アルストロメリア,2023-10-27,other_bonus,[],unknown,,https://wikiwiki.jp/shinycolors/%E3%80%90%E4%B8%80%E4%BA%BA%E5%88%86%E3%81%AE%E7%A9%BA%E3%80%81%E4%B8%80%E6%9E%9A%E3%81%AE%E7%BE%BD%E3%80%91%E5%A4%A7%E5%B4%8E%E7%94%98%E5%A5%88,observed,base,wiki_only,shinycolors_enza,7474d9f3-2aff-402e-afec-0e3f695e951b,7474d9f3-2aff-402e-afec-0e3f695e951b,2026-10-06T16:33:42+00:00,"[""W03""]","[""series_status"",""collab_work""]"
v1-93a6a8b8d40e754a,1.0,2026-10-08T02:45:18+00:00,【指先の煌めき】,idol_ef328a51-2928-4d2d-a44f-5e3b92d305cf,白瀬咲耶,S,SSR,unit_2,アンティーカ,2018-04-24,permanent_gacha,[],unknown,,https://wikiwiki.jp/shinycolors/%E3%80%90%E6%8C%87%E5%85%88%E3%81%AE%E7%85%8C%E3%82%81%E3%81%8D%E3%80%91%E7%99%BD%E7%80%AC%E5%92%B2%E8%80%B6,observed,base,wiki_only,shinycolors_enza,7484ce8e-1f76-4056-b9ee-373d2d9f674f,7484ce8e-1f76-4056-b9ee-373d2d9f674f,2026-10-06T16:29:53+00:00,"[""W03""]","[""series_status"",""collab_work""]"
v1-93a6a8b8d40e754a,1.0,2026-10-08T02:45:18+00:00,【back to back】,idol_ef328a51-2928-4d2d-a44f-5e3b92d305cf,白瀬咲耶,S,SR,unit_2,アンティーカ,2023-09-21,event_reward,[],unknown,,https://wikiwiki.jp/shinycolors/%E3%80%90back%20to%20back%E3%80%91%E7%99%BD%E7%80%AC%E5%92%B2%E8%80%B6,observed,base,wiki_only,shinycolors_enza,75041590-ce86-49fe-950f-774d67495900,75041590-ce86-49fe-950f-774d67495900,2026-10-06T16:29:53+00:00,"[""W03""]","[""series_status"",""collab_work""]"
v1-93a6a8b8d40e754a,1.0,2026-10-08T02:45:18+00:00,【沢泉 依子】,idol_3c398182-7760-439e-8c77-3c09d173aa4c,芹沢あさひ,S,SR,unit_5,ストレイライト,2026-04-01,gacha_bonus,[],unknown,,,not_found,base,wiki_only,shinycolors_enza,75265d21-8e3c-4808-b7f7-340b8be5c433,75265d21-8e3c-4808-b7f7-340b8be5c433,2026-10-06T16:29:53+00:00,"[""W03""]","[""series_status"",""collab_work"",""wiki_url""]"
v1-93a6a8b8d40e754a,1.0,2026-10-08T02:45:18+00:00,【をとめ条約】,idol_51651b60-7996-412b-bd16-5c1c3f3faebf,杜野凛世,S,SSR,unit_3,放課後クライマックスガールズ,2021-09-30,exchange,[],unknown,,https://wikiwiki.jp/shinycolors/%E3%80%90%E3%82%92%E3%81%A8%E3%82%81%E6%9D%A1%E7%B4%84%E3%80%91%E6%9D%9C%E9%87%8E%E5%87%9B%E4%B8%96,observed,base,wiki_only,shinycolors_enza,75b56c21-dd06-4ce0-a0d4-2430178e82e8,75b56c21-dd06-4ce0-a0d4-2430178e82e8,2026-10-06T16:29:53+00:00,"[""W03""]","[""series_status"",""collab_work""]"
v1-93a6a8b8d40e754a,1.0,2026-10-08T02:45:18+00:00,【あなたと、月の満ちる頃】,idol_e91e6363-2dc9-42c1-bbf1-a759e797c2d1,月岡恋鐘,P,SSR,unit_2,アンティーカ,2022-07-21,permanent_gacha,[],unknown,,https://wikiwiki.jp/shinycolors/%E3%80%90%E3%81%82%E3%81%AA%E3%81%9F%E3%81%A8%E3%80%81%E6%9C%88%E3%81%AE%E6%BA%80%E3%81%A1%E3%82%8B%E9%A0%83%E3%80%91%E6%9C%88%E5%B2%A1%E6%81%8B%E9%90%98,observed,base,wiki_only,shinycolors_enza,75ed20a8-6860-4e67-8f6d-47dbca9bd7ff,75ed20a8-6860-4e67-8f6d-47dbca9bd7ff,2026-10-06T16:29:53+00:00,"[""W02""]","[""series_status"",""collab_work""]"
v1-93a6a8b8d40e754a,1.0,2026-10-08T02:45:18+00:00,【ひまな白銀】,idol_6,田中摩美々,S,SR,unit_2,アンティーカ,2024-01-22,event_reward,[],unknown,,https://wikiwiki.jp/shinycolors/%E3%80%90%E3%81%B2%E3%81%BE%E3%81%AA%E7%99%BD%E9%8A%80%E3%80%91%E7%94%B0%E4%B8%AD%E6%91%A9%E7%BE%8E%E3%80%85,observed,base,wiki_only,shinycolors_enza,7653a0fb-4cf6-42a6-853f-a56d7c47dbb0,7653a0fb-4cf6-42a6-853f-a56d7c47dbb0,2026-10-06T16:29:53+00:00,"[""W03""]","[""series_status"",""collab_work""]"
v1-93a6a8b8d40e754a,1.0,2026-10-08T02:45:18+00:00,【SPECTACLES】,idol_6874153a-a7f6-426a-98f0-815f121eeca4,緋田美琴,S,SSR,unit_7,シーズ,2025-09-08,limited_gacha,"[""birthday""]",known,,https://wikiwiki.jp/shinycolors/%E3%80%90SPECTACLES%E3%80%91%E7%B7%8B%E7%94%B0%E7%BE%8E%E7%90%B4,observed,base,wiki_only,shinycolors_enza,76860f90-958b-45da-88f5-fea2bc63cb23,76860f90-958b-45da-88f5-fea2bc63cb23,2026-10-06T16:29:53+00:00,"[""W03""]","[""collab_work""]"
v1-93a6a8b8d40e754a,1.0,2026-10-08T02:45:18+00:00,【CRIMSON LOVERS】,idol_2,樋口円香,S,SSR,unit_6,ノクチル,2026-07-25,gacha_bonus,[],unknown,,,not_found,base,wiki_only,shinycolors_enza,76be833b-76e9-4b11-a2a2-e110b574ee5b,76be833b-76e9-4b11-a2a2-e110b574ee5b,2026-10-06T16:29:53+00:00,"[""W03""]","[""series_status"",""collab_work"",""wiki_url""]"
v1-93a6a8b8d40e754a,1.0,2026-10-08T02:45:18+00:00,【はれのひ喫茶店】,idol_e5ce74fd-2caf-4c1d-a696-0b1f17f7a53e,福丸小糸,P,SR,unit_6,ノクチル,2021-03-22,event_reward,[],unknown,,https://wikiwiki.jp/shinycolors/%E3%80%90%E3%81%AF%E3%82%8C%E3%81%AE%E3%81%B2%E5%96%AB%E8%8C%B6%E5%BA%97%E3%80%91%E7%A6%8F%E4%B8%B8%E5%B0%8F%E7%B3%B8,observed,base,wiki_only,shinycolors_enza,76e381aa-f614-4d89-b593-f7a76d4ced21,76e381aa-f614-4d89-b593-f7a76d4ced21,2026-10-06T16:29:53+00:00,"[""W02""]","[""series_status"",""collab_work""]"
v1-93a6a8b8d40e754a,1.0,2026-10-08T02:45:18+00:00,【純粋・fall into a trap】,idol_ef328a51-2928-4d2d-a44f-5e3b92d305cf,白瀬咲耶,S,SSR,unit_2,アンティーカ,2023-03-10,permanent_gacha,[],unknown,,https://wikiwiki.jp/shinycolors/%E3%80%90%E7%B4%94%E7%B2%8B%E3%83%BBfall%20into%20a%20trap%E3%80%91%E7%99%BD%E7%80%AC%E5%92%B2%E8%80%B6,observed,base,wiki_only,shinycolors_enza,76e4b28d-3bc6-4431-880e-f49e78c4a450,76e4b28d-3bc6-4431-880e-f49e78c4a450,2026-10-06T16:29:53+00:00,"[""W03""]","[""series_status"",""collab_work""]"
v1-93a6a8b8d40e754a,1.0,2026-10-08T02:45:18+00:00,【Housekeeping!】,idol_3c398182-7760-439e-8c77-3c09d173aa4c,芹沢あさひ,P,SSR,unit_5,ストレイライト,2021-01-31,limited_gacha,[],unknown,,https://wikiwiki.jp/shinycolors/%E3%80%90Housekeeping%21%E3%80%91%E8%8A%B9%E6%B2%A2%E3%81%82%E3%81%95%E3%81%B2,observed,base,wiki_only,shinycolors_enza,76e8c0ab-6549-46f6-8695-2e25b6da7315,76e8c0ab-6549-46f6-8695-2e25b6da7315,2026-10-06T16:29:53+00:00,"[""W02""]","[""series_status"",""collab_work""]"
v1-93a6a8b8d40e754a,1.0,2026-10-08T02:45:18+00:00,【MANNEQUIN】,idol_6874153a-a7f6-426a-98f0-815f121eeca4,緋田美琴,P,SR,unit_7,シーズ,2022-07-21,permanent_gacha,[],unknown,,https://wikiwiki.jp/shinycolors/%E3%80%90MANNEQUIN%E3%80%91%E7%B7%8B%E7%94%B0%E7%BE%8E%E7%90%B4,observed,base,wiki_only,shinycolors_enza,77570c4d-7b41-479d-91e9-7d8b86fed32d,77570c4d-7b41-479d-91e9-7d8b86fed32d,2026-10-06T16:29:53+00:00,"[""W02""]","[""series_status"",""collab_work""]"
v1-93a6a8b8d40e754a,1.0,2026-10-08T02:45:18+00:00,【マイ・ピュア・ロマンス】,idol_52544385-3ea1-42e6-bb47-faff2c6f9b4f,桑山千雪,P,SSR,unit_4,アルストロメリア,2018-09-20,permanent_gacha,[],unknown,,https://wikiwiki.jp/shinycolors/%E3%80%90%E3%83%9E%E3%82%A4%E3%83%BB%E3%83%94%E3%83%A5%E3%82%A2%E3%83%BB%E3%83%AD%E3%83%9E%E3%83%B3%E3%82%B9%E3%80%91%E6%A1%91%E5%B1%B1%E5%8D%83%E9%9B%AA,observed,base,wiki_only,shinycolors_enza,7757774f-3403-4eb6-b587-3dcd06cdb4e6,7757774f-3403-4eb6-b587-3dcd06cdb4e6,2026-10-06T16:29:53+00:00,"[""W02""]","[""series_status"",""collab_work""]"
v1-93a6a8b8d40e754a,1.0,2026-10-08T02:45:18+00:00,【混ぜ込む気持ち】,idol_0e2d3420-7295-4510-929d-01bf8378e12a,風野灯織,S,SR,unit_1,イルミネーションスターズ,2023-10-19,event_reward,[],unknown,,https://wikiwiki.jp/shinycolors/%E3%80%90%E6%B7%B7%E3%81%9C%E8%BE%BC%E3%82%80%E6%B0%97%E6%8C%81%E3%81%A1%E3%80%91%E9%A2%A8%E9%87%8E%E7%81%AF%E7%B9%94,observed,base,wiki_only,shinycolors_enza,776272f6-3e61-478f-954f-92ce5f2bd4cc,776272f6-3e61-478f-954f-92ce5f2bd4cc,2026-10-06T16:29:53+00:00,"[""W03""]","[""series_status"",""collab_work""]"
v1-93a6a8b8d40e754a,1.0,2026-10-08T02:45:18+00:00,【白いツバサ】,idol_6,田中摩美々,P,R,unit_2,アンティーカ,2018-04-24,permanent_gacha,[],unknown,,https://wikiwiki.jp/shinycolors/%E3%80%90%E7%99%BD%E3%81%84%E3%83%84%E3%83%90%E3%82%B5%E3%80%91%E7%94%B0%E4%B8%AD%E6%91%A9%E7%BE%8E%E3%80%85,observed,base,wiki_only,shinycolors_enza,777f39bd-7f74-46a6-ac5a-4681a9c164ca,777f39bd-7f74-46a6-ac5a-4681a9c164ca,2026-10-06T16:29:53+00:00,"[""W02""]","[""series_status"",""collab_work""]"
v1-93a6a8b8d40e754a,1.0,2026-10-08T02:45:18+00:00,【新緑に響く】,idol_813a7356-e821-43e7-b25f-c104ca28870d,西城樹里,S,SR,unit_3,放課後クライマックスガールズ,2025-03-19,collaboration_gacha,[],unknown,,https://wikiwiki.jp/shinycolors/%E3%80%90%E6%96%B0%E7%B7%91%E3%81%AB%E9%9F%BF%E3%81%8F%E3%80%91%E8%A5%BF%E5%9F%8E%E6%A8%B9%E9%87%8C,observed,base,wiki_only,shinycolors_enza,778a8dcc-b9e0-4ab5-bedd-3a9b3a793c0a,778a8dcc-b9e0-4ab5-bedd-3a9b3a793c0a,2026-10-06T16:29:53+00:00,"[""W03""]","[""series_status"",""collab_work""]"
v1-93a6a8b8d40e754a,1.0,2026-10-08T02:45:18+00:00,【交雑する心、合わせて】,idol_51651b60-7996-412b-bd16-5c1c3f3faebf,杜野凛世,S,SR,unit_3,放課後クライマックスガールズ,2024-10-19,gacha_bonus,[],unknown,,https://wikiwiki.jp/shinycolors/%E3%80%90%E4%BA%A4%E9%9B%91%E3%81%99%E3%82%8B%E5%BF%83%E3%80%81%E5%90%88%E3%82%8F%E3%81%9B%E3%81%A6%E3%80%91%E6%9D%9C%E9%87%8E%E5%87%9B%E4%B8%96,observed,base,wiki_only,shinycolors_enza,77b12fbc-bdd7-488b-becb-d1e8f06f3d7b,77b12fbc-bdd7-488b-becb-d1e8f06f3d7b,2026-10-06T16:29:54+00:00,"[""W03""]","[""series_status"",""collab_work""]"
v1-93a6a8b8d40e754a,1.0,2026-10-08T02:45:18+00:00,【liminal;marginal;eternal】,idol_736d3fca-9560-4156-96fc-66cc0159ea42,七草にちか,S,SR,unit_7,シーズ,2025-01-12,gacha_bonus,[],unknown,,https://wikiwiki.jp/shinycolors/%E3%80%90liminal%3Bmarginal%3Beternal%E3%80%91%E4%B8%83%E8%8D%89%E3%81%AB%E3%81%A1%E3%81%8B,observed,base,wiki_only,shinycolors_enza,78628792-b737-42cb-8c11-d5d6c6a560b6,78628792-b737-42cb-8c11-d5d6c6a560b6,2026-10-06T16:29:53+00:00,"[""W03""]","[""series_status"",""collab_work""]"
v1-93a6a8b8d40e754a,1.0,2026-10-08T02:45:18+00:00,【283プロのヒナ】,idol_6874153a-a7f6-426a-98f0-815f121eeca4,緋田美琴,S,R,unit_7,シーズ,2021-04-30,permanent_gacha,[],unknown,,https://wikiwiki.jp/shinycolors/%E3%80%90283%E3%83%97%E3%83%AD%E3%81%AE%E3%83%92%E3%83%8A%E3%80%91%E7%B7%8B%E7%94%B0%E7%BE%8E%E7%90%B4,observed,base,wiki_only,shinycolors_enza,78a338bb-6188-4874-b0b3-fe299d01920d,78a338bb-6188-4874-b0b3-fe299d01920d,2026-10-06T16:29:54+00:00,"[""W03""]","[""series_status"",""collab_work""]"
v1-93a6a8b8d40e754a,1.0,2026-10-08T02:45:18+00:00,【かしまし、みっつの願いごと】,idol_b1cc8f6f-feab-4add-b5d9-d8777add7f60,大崎甜花,S,SSR,unit_4,アルストロメリア,2019-01-01,limited_gacha,[],unknown,,https://wikiwiki.jp/shinycolors/%E3%80%90%E3%81%8B%E3%81%97%E3%81%BE%E3%81%97%E3%80%81%E3%81%BF%E3%81%A3%E3%81%A4%E3%81%AE%E9%A1%98%E3%81%84%E3%81%94%E3%81%A8%E3%80%91%E5%A4%A7%E5%B4%8E%E7%94%9C%E8%8A%B1,observed,base,wiki_only,shinycolors_enza,78bf7933-4afa-4755-a5af-62b2be8c7022,78bf7933-4afa-4755-a5af-62b2be8c7022,2026-10-06T16:29:53+00:00,"[""W03""]","[""series_status"",""collab_work""]"
v1-93a6a8b8d40e754a,1.0,2026-10-08T02:45:18+00:00,【If I_wings.】,idol_92b8326c-72f5-4a2e-8581-7110738045f3,有栖川夏葉,S,SR,unit_3,放課後クライマックスガールズ,2023-04-12,campaign,[],unknown,,https://wikiwiki.jp/shinycolors/%E3%80%90If%20I_wings.%E3%80%91%E6%9C%89%E6%A0%96%E5%B7%9D%E5%A4%8F%E8%91%89,observed,base,wiki_only,shinycolors_enza,78e010f4-9716-4105-9ca8-c9652c378fd0,78e010f4-9716-4105-9ca8-c9652c378fd0,2026-10-06T16:29:54+00:00,"[""W03""]","[""series_status"",""collab_work""]"
v1-93a6a8b8d40e754a,1.0,2026-10-08T02:45:18+00:00,【バッドガールの羽ばたき】,idol_813a7356-e821-43e7-b25f-c104ca28870d,西城樹里,P,SR,unit_3,放課後クライマックスガールズ,2018-04-24,permanent_gacha,[],unknown,,https://wikiwiki.jp/shinycolors/%E3%80%90%E3%83%90%E3%83%83%E3%83%89%E3%82%AC%E3%83%BC%E3%83%AB%E3%81%AE%E7%BE%BD%E3%81%B0%E3%81%9F%E3%81%8D%E3%80%91%E8%A5%BF%E5%9F%8E%E6%A8%B9%E9%87%8C,observed,base,wiki_only,shinycolors_enza,795c6d7a-22ee-47e0-91d3-525c1507505f,795c6d7a-22ee-47e0-91d3-525c1507505f,2026-10-06T16:29:53+00:00,"[""W02""]","[""series_status"",""collab_work""]"
v1-93a6a8b8d40e754a,1.0,2026-10-08T02:45:18+00:00,【友達という灯り】,idol_d4177c5c-4600-4381-b5da-758f87fc23d7,八宮めぐる,S,SR,unit_1,イルミネーションスターズ,2018-04-26,event_reward,[],unknown,,https://wikiwiki.jp/shinycolors/%E3%80%90%E5%8F%8B%E9%81%94%E3%81%A8%E3%81%84%E3%81%86%E7%81%AF%E3%82%8A%E3%80%91%E5%85%AB%E5%AE%AE%E3%82%81%E3%81%90%E3%82%8B,observed,base,wiki_only,shinycolors_enza,797bf514-c384-446b-9ba3-b8e54f5133c5,797bf514-c384-446b-9ba3-b8e54f5133c5,2026-10-06T16:29:53+00:00,"[""W03""]","[""series_status"",""collab_work""]"
v1-93a6a8b8d40e754a,1.0,2026-10-08T02:45:18+00:00,【283プロのヒナ】,idol_52544385-3ea1-42e6-bb47-faff2c6f9b4f,桑山千雪,S,R,unit_4,アルストロメリア,2018-04-24,permanent_gacha,[],unknown,,https://wikiwiki.jp/shinycolors/%E3%80%90283%E3%83%97%E3%83%AD%E3%81%AE%E3%83%92%E3%83%8A%E3%80%91%E6%A1%91%E5%B1%B1%E5%8D%83%E9%9B%AA,observed,base,wiki_only,shinycolors_enza,7996b13d-f1ad-4213-919d-ba56c5580dda,7996b13d-f1ad-4213-919d-ba56c5580dda,2026-10-06T16:29:54+00:00,"[""W03""]","[""series_status"",""collab_work""]"
v1-93a6a8b8d40e754a,1.0,2026-10-08T02:45:18+00:00,【砂糖づけ・ビターエンド】,idol_7,園田智代子,P,SSR,unit_3,放課後クライマックスガールズ,2021-09-21,permanent_gacha,[],unknown,,https://wikiwiki.jp/shinycolors/%E3%80%90%E7%A0%82%E7%B3%96%E3%81%A5%E3%81%91%E3%83%BB%E3%83%93%E3%82%BF%E3%83%BC%E3%82%A8%E3%83%B3%E3%83%89%E3%80%91%E5%9C%92%E7%94%B0%E6%99%BA%E4%BB%A3%E5%AD%90,observed,base,wiki_only,shinycolors_enza,79ab4448-13d5-47dc-9ee3-610d8ff7993e,79ab4448-13d5-47dc-9ee3-610d8ff7993e,2026-10-06T16:29:53+00:00,"[""W02""]","[""series_status"",""collab_work""]"
v1-93a6a8b8d40e754a,1.0,2026-10-08T02:45:18+00:00,【afterward(s)】,idol_ef328a51-2928-4d2d-a44f-5e3b92d305cf,白瀬咲耶,S,SSR,unit_2,アンティーカ,2025-06-17,event_reward,[],unknown,,https://wikiwiki.jp/shinycolors/%E3%80%90afterward%28s%29%E3%80%91%E7%99%BD%E7%80%AC%E5%92%B2%E8%80%B6,observed,base,wiki_only,shinycolors_enza,79cf5ae7-ed1f-4835-8d93-514222f43b3c,79cf5ae7-ed1f-4835-8d93-514222f43b3c,2026-10-06T16:29:53+00:00,"[""W03""]","[""series_status"",""collab_work""]"
v1-93a6a8b8d40e754a,1.0,2026-10-08T02:45:18+00:00,【キング・アンド・ヒーロー】,idol_df07e98b-12f2-4984-b8f6-8da0a47c0cc7,小宮果穂,S,SR,unit_3,放課後クライマックスガールズ,2021-07-10,event_reward,[],unknown,,https://wikiwiki.jp/shinycolors/%E3%80%90%E3%82%AD%E3%83%B3%E3%82%B0%E3%83%BB%E3%82%A2%E3%83%B3%E3%83%89%E3%83%BB%E3%83%92%E3%83%BC%E3%83%AD%E3%83%BC%E3%80%91%E5%B0%8F%E5%AE%AE%E6%9E%9C%E7%A9%82,observed,base,wiki_only,shinycolors_enza,79faf85a-ce56-41f4-b359-51f86f372ae3,79faf85a-ce56-41f4-b359-51f86f372ae3,2026-10-06T16:29:53+00:00,"[""W03""]","[""series_status"",""collab_work""]"
v1-93a6a8b8d40e754a,1.0,2026-10-08T02:45:18+00:00,【心、知れて】,idol_81093365-1df1-4e6c-a252-27625c47ab96,三峰結華,P,SSR,unit_2,アンティーカ,2026-05-30,collection_gacha,"[""casting""]",known,,https://wikiwiki.jp/shinycolors/%E3%80%90%E5%BF%83%E3%80%81%E7%9F%A5%E3%82%8C%E3%81%A6%E3%80%91%E4%B8%89%E5%B3%B0%E7%B5%90%E8%8F%AF,observed,base,wiki_only,shinycolors_enza,7a10c177-4895-42cf-92f7-07129ab4792f,7a10c177-4895-42cf-92f7-07129ab4792f,2026-10-06T16:29:52+00:00,"[""W02""]","[""collab_work""]"
v1-93a6a8b8d40e754a,1.0,2026-10-08T02:45:18+00:00,【歩幅をそろえて】,idol_51651b60-7996-412b-bd16-5c1c3f3faebf,杜野凛世,S,SSR,unit_3,放課後クライマックスガールズ,2026-06-20,limited_gacha,[],unknown,,https://wikiwiki.jp/shinycolors/%E3%80%90%E6%AD%A9%E5%B9%85%E3%82%92%E3%81%9D%E3%82%8D%E3%81%88%E3%81%A6%E3%80%91%E6%9D%9C%E9%87%8E%E5%87%9B%E4%B8%96,observed,base,wiki_only,shinycolors_enza,7a20ba16-ea08-42b4-960d-96d22a3d5961,7a20ba16-ea08-42b4-960d-96d22a3d5961,2026-10-06T16:29:53+00:00,"[""W03""]","[""series_status"",""collab_work""]"
v1-93a6a8b8d40e754a,1.0,2026-10-08T02:45:18+00:00,【出会い】,idol_1,櫻木真乃,S,SR,unit_1,イルミネーションスターズ,2024-04-06,gacha_bonus,[],unknown,,https://wikiwiki.jp/shinycolors/%E3%80%90%E5%87%BA%E4%BC%9A%E3%81%84%E3%80%91%E6%AB%BB%E6%9C%A8%E7%9C%9F%E4%B9%83,observed,base,wiki_only,shinycolors_enza,7a39b36c-0db7-43af-8b28-abc5394da76a,7a39b36c-0db7-43af-8b28-abc5394da76a,2026-10-06T16:29:54+00:00,"[""W03""]","[""series_status"",""collab_work""]"
v1-93a6a8b8d40e754a,1.0,2026-10-08T02:45:18+00:00,【小さな灯、空の花】,idol_813a7356-e821-43e7-b25f-c104ca28870d,西城樹里,S,SR,unit_3,放課後クライマックスガールズ,2026-07-17,event_reward,[],unknown,,https://wikiwiki.jp/shinycolors/%E3%80%90%E5%B0%8F%E3%81%95%E3%81%AA%E7%81%AF%E3%80%81%E7%A9%BA%E3%81%AE%E8%8A%B1%E3%80%91%E8%A5%BF%E5%9F%8E%E6%A8%B9%E9%87%8C,observed,base,wiki_only,shinycolors_enza,7b219f12-3c9f-461c-a395-e7a1eb2283f9,7b219f12-3c9f-461c-a395-e7a1eb2283f9,2026-10-06T16:29:53+00:00,"[""W03""]","[""series_status"",""collab_work""]"
v1-93a6a8b8d40e754a,1.0,2026-10-08T02:45:18+00:00,【Hearty!Holy!Party!】,idol_813a7356-e821-43e7-b25f-c104ca28870d,西城樹里,S,SSR,unit_3,放課後クライマックスガールズ,2021-11-30,limited_gacha,[],unknown,,https://wikiwiki.jp/shinycolors/%E3%80%90Hearty%21Holy%21Party%21%E3%80%91%E8%A5%BF%E5%9F%8E%E6%A8%B9%E9%87%8C,observed,base,wiki_only,shinycolors_enza,7b676eda-795e-432c-97b3-c99022b26fa0,7b676eda-795e-432c-97b3-c99022b26fa0,2026-10-06T16:29:53+00:00,"[""W03""]","[""series_status"",""collab_work""]"
v1-93a6a8b8d40e754a,1.0,2026-10-08T02:45:18+00:00,【よろしく♡めしませっ】,idol_7,園田智代子,P,SR,unit_3,放課後クライマックスガールズ,2018-07-20,event_reward,[],unknown,,https://wikiwiki.jp/shinycolors/%E3%80%90%E3%82%88%E3%82%8D%E3%81%97%E3%81%8F%E3%82%81%E3%81%97%E3%81%BE%E3%81%9B%E3%81%A3%E3%80%91%E5%9C%92%E7%94%B0%E6%99%BA%E4%BB%A3%E5%AD%90,observed,base,wiki_only,shinycolors_enza,7b9af8f8-d4b0-43b3-aaa9-c61008d6ff04,7b9af8f8-d4b0-43b3-aaa9-c61008d6ff04,2026-10-06T16:29:53+00:00,"[""W02""]","[""series_status"",""collab_work""]"
v1-93a6a8b8d40e754a,1.0,2026-10-08T02:45:18+00:00,【アイドルロード】,idol_d4177c5c-4600-4381-b5da-758f87fc23d7,八宮めぐる,P,SSR,unit_1,イルミネーションスターズ,,mission,[],unknown,,https://wikiwiki.jp/shinycolors/%E3%80%90%E7%99%BD%E3%81%84%E3%83%84%E3%83%90%E3%82%B5%E3%80%91%E5%85%AB%E5%AE%AE%E3%82%81%E3%81%90%E3%82%8B,observed,idol_road_ssr,wiki_only,shinycolors_enza,7bafb21b-9894-43f0-a2e8-2844d4be79ed,3f6beaee-11c9-4d5b-9f93-94baf33e8a83,2026-10-06T16:29:54+00:00,"[""W08""]","[""first_implemented_on"",""series_status"",""collab_work""]"
v1-93a6a8b8d40e754a,1.0,2026-10-08T02:45:18+00:00,【＜IF＞】,idol_a2f858c3-da6e-4d6f-b777-5367a2671399,黛冬優子,S,SSR,unit_5,ストレイライト,2022-06-30,event_reward,[],unknown,,https://wikiwiki.jp/shinycolors/%E3%80%90%EF%BC%9CIF%EF%BC%9E%E3%80%91%E9%BB%9B%E5%86%AC%E5%84%AA%E5%AD%90,observed,base,wiki_only,shinycolors_enza,7bd6471a-6953-46e3-8f4c-4b9eb0d13ff6,7bd6471a-6953-46e3-8f4c-4b9eb0d13ff6,2026-10-06T16:29:53+00:00,"[""W03""]","[""series_status"",""collab_work""]"
v1-93a6a8b8d40e754a,1.0,2026-10-08T02:45:18+00:00,【OH MY GOD】,idol_6874153a-a7f6-426a-98f0-815f121eeca4,緋田美琴,S,SSR,unit_7,シーズ,2026-07-24,gacha_bonus,[],unknown,,,not_found,base,wiki_only,shinycolors_enza,7c10e228-c10b-43c2-a971-ada36fec0a14,7c10e228-c10b-43c2-a971-ada36fec0a14,2026-10-06T16:29:53+00:00,"[""W03""]","[""series_status"",""collab_work"",""wiki_url""]"
v1-93a6a8b8d40e754a,1.0,2026-10-08T02:45:18+00:00,【すれちがいシアター】,idol_8c18b422-295c-4259-9e14-413685deb7f8,大崎甘奈,P,SSR,unit_4,アルストロメリア,2023-09-21,permanent_gacha,[],unknown,,https://wikiwiki.jp/shinycolors/%E3%80%90%E3%81%99%E3%82%8C%E3%81%A1%E3%81%8C%E3%81%84%E3%82%B7%E3%82%A2%E3%82%BF%E3%83%BC%E3%80%91%E5%A4%A7%E5%B4%8E%E7%94%98%E5%A5%88,observed,base,wiki_only,shinycolors_enza,7c331f58-165b-434b-8135-17f352960f7e,7c331f58-165b-434b-8135-17f352960f7e,2026-10-06T16:29:53+00:00,"[""W02""]","[""series_status"",""collab_work""]"
v1-93a6a8b8d40e754a,1.0,2026-10-08T02:45:18+00:00,【アルティメットマーメイド】,idol_92b8326c-72f5-4a2e-8581-7110738045f3,有栖川夏葉,P,SSR,unit_3,放課後クライマックスガールズ,2018-07-20,permanent_gacha,[],unknown,,https://wikiwiki.jp/shinycolors/%E3%80%90%E3%82%A2%E3%83%AB%E3%83%86%E3%82%A3%E3%83%A1%E3%83%83%E3%83%88%E3%83%9E%E3%83%BC%E3%83%A1%E3%82%A4%E3%83%89%E3%80%91%E6%9C%89%E6%A0%96%E5%B7%9D%E5%A4%8F%E8%91%89,observed,base,wiki_only,shinycolors_enza,7c34d617-7f59-47ce-aaf5-60f68b97e51a,7c34d617-7f59-47ce-aaf5-60f68b97e51a,2026-10-06T16:29:53+00:00,"[""W02""]","[""series_status"",""collab_work""]"
v1-93a6a8b8d40e754a,1.0,2026-10-08T02:45:18+00:00,【'25Pカップランクイン】,idol_8c18b422-295c-4259-9e14-413685deb7f8,大崎甘奈,S,SSR,unit_4,アルストロメリア,2025-04-15,event_reward,[],unknown,,,not_found,base,wiki_only,shinycolors_enza,7c5855d3-80c2-496d-9ebe-af04ddc62cda,7c5855d3-80c2-496d-9ebe-af04ddc62cda,2026-10-06T16:29:53+00:00,"[""W03""]","[""series_status"",""collab_work"",""wiki_url""]"
v1-93a6a8b8d40e754a,1.0,2026-10-08T02:45:18+00:00,【聖・捨・裁・罪】,idol_e579db5c-0930-4984-aa40-ebe5a00e8a4f,幽谷霧子,S,SSR,unit_2,アンティーカ,2026-01-09,limited_gacha,[],unknown,,https://wikiwiki.jp/shinycolors/%E3%80%90%E8%81%96%E3%83%BB%E6%8D%A8%E3%83%BB%E8%A3%81%E3%83%BB%E7%BD%AA%E3%80%91%E5%B9%BD%E8%B0%B7%E9%9C%A7%E5%AD%90,observed,base,wiki_only,shinycolors_enza,7c5bf015-db40-44b6-885d-ea87b61267b0,7c5bf015-db40-44b6-885d-ea87b61267b0,2026-10-06T16:29:53+00:00,"[""W03""]","[""series_status"",""collab_work""]"
v1-93a6a8b8d40e754a,1.0,2026-10-08T02:45:18+00:00,【アイムカミングスーン】,idol_d4177c5c-4600-4381-b5da-758f87fc23d7,八宮めぐる,S,SR,unit_1,イルミネーションスターズ,2019-01-31,event_reward,[],unknown,,https://wikiwiki.jp/shinycolors/%E3%80%90%E3%82%A2%E3%82%A4%E3%83%A0%E3%82%AB%E3%83%9F%E3%83%B3%E3%82%B0%E3%82%B9%E3%83%BC%E3%83%B3%E3%80%91%E5%85%AB%E5%AE%AE%E3%82%81%E3%81%90%E3%82%8B,observed,base,wiki_only,shinycolors_enza,7cb68e23-405f-40ee-9966-c74fc3199976,7cb68e23-405f-40ee-9966-c74fc3199976,2026-10-06T16:29:53+00:00,"[""W03""]","[""series_status"",""collab_work""]"
v1-93a6a8b8d40e754a,1.0,2026-10-08T02:45:18+00:00,【'25Pカップ】,idol_0c19be81-d3e3-4383-b5d4-0a94b290dba9,斑鳩ルカ,S,SR,unit_8,コメティック,2025-04-15,event_reward,[],unknown,,https://wikiwiki.jp/shinycolors/%E3%80%90%2725P%E3%82%AB%E3%83%83%E3%83%97%E3%80%91%E6%96%91%E9%B3%A9%E3%83%AB%E3%82%AB,observed,base,wiki_only,shinycolors_enza,7cf74b06-589e-43e9-b94f-dab3a043d507,7cf74b06-589e-43e9-b94f-dab3a043d507,2026-10-06T16:29:53+00:00,"[""W03""]","[""series_status"",""collab_work""]"
v1-93a6a8b8d40e754a,1.0,2026-10-08T02:45:18+00:00,【白・白・白・祈】,idol_e579db5c-0930-4984-aa40-ebe5a00e8a4f,幽谷霧子,P,SR,unit_2,アンティーカ,2019-02-28,permanent_gacha,[],unknown,,https://wikiwiki.jp/shinycolors/%E3%80%90%E7%99%BD%E3%83%BB%E7%99%BD%E3%83%BB%E7%99%BD%E3%83%BB%E7%A5%88%E3%80%91%E5%B9%BD%E8%B0%B7%E9%9C%A7%E5%AD%90,observed,base,wiki_only,shinycolors_enza,7d2b1ff2-3e66-443d-b532-cabce019ad20,7d2b1ff2-3e66-443d-b532-cabce019ad20,2026-10-06T16:29:53+00:00,"[""W02""]","[""series_status"",""collab_work""]"
v1-93a6a8b8d40e754a,1.0,2026-10-08T02:45:18+00:00,【'25Pカップランクイン】,idol_0c19be81-d3e3-4383-b5d4-0a94b290dba9,斑鳩ルカ,S,SSR,unit_8,コメティック,2025-04-15,event_reward,[],unknown,,,not_found,base,wiki_only,shinycolors_enza,7d8e9dfe-21ed-443b-aaf3-47c2e8eccb5a,7d8e9dfe-21ed-443b-aaf3-47c2e8eccb5a,2026-10-06T16:29:53+00:00,"[""W03""]","[""series_status"",""collab_work"",""wiki_url""]"
v1-93a6a8b8d40e754a,1.0,2026-10-08T02:45:18+00:00,【a[___]ction】,idol_92b8326c-72f5-4a2e-8581-7110738045f3,有栖川夏葉,P,SSR,unit_3,放課後クライマックスガールズ,2026-04-09,collection_gacha,"[""casting""]",known,,https://wikiwiki.jp/shinycolors/%E3%80%90a%EF%BC%BB___%EF%BC%BDction%E3%80%91%E6%9C%89%E6%A0%96%E5%B7%9D%E5%A4%8F%E8%91%89,observed,base,wiki_only,shinycolors_enza,7dc7e4de-8439-46ce-9585-2a86bb97a2b4,7dc7e4de-8439-46ce-9585-2a86bb97a2b4,2026-10-06T16:29:53+00:00,"[""W02""]","[""collab_work""]"
v1-93a6a8b8d40e754a,1.0,2026-10-08T02:45:18+00:00,【パーティーのやくそく】,idol_e5ce74fd-2caf-4c1d-a696-0b1f17f7a53e,福丸小糸,S,SSR,unit_6,ノクチル,2020-09-30,limited_gacha,[],unknown,,https://wikiwiki.jp/shinycolors/%E3%80%90%E3%83%91%E3%83%BC%E3%83%86%E3%82%A3%E3%83%BC%E3%81%AE%E3%82%84%E3%81%8F%E3%81%9D%E3%81%8F%E3%80%91%E7%A6%8F%E4%B8%B8%E5%B0%8F%E7%B3%B8,observed,base,wiki_only,shinycolors_enza,7dc89a9f-0ed4-4f51-af45-3ce8abed3ac1,7dc89a9f-0ed4-4f51-af45-3ce8abed3ac1,2026-10-06T16:29:53+00:00,"[""W03""]","[""series_status"",""collab_work""]"
v1-93a6a8b8d40e754a,1.0,2026-10-08T02:45:18+00:00,【連綿と、桜】,idol_f0b34f52-342b-4fdd-8231-816605449447,郁田はるき,P,SSR,unit_8,コメティック,2024-02-28,collection_gacha,"[""twilights""]",known,,https://wikiwiki.jp/shinycolors/%E3%80%90%E9%80%A3%E7%B6%BF%E3%81%A8%E3%80%81%E6%A1%9C%E3%80%91%E9%83%81%E7%94%B0%E3%81%AF%E3%82%8B%E3%81%8D,observed,base,wiki_only,shinycolors_enza,7dee45c8-9de0-462d-b941-1204d57fac45,7dee45c8-9de0-462d-b941-1204d57fac45,2026-10-06T16:29:53+00:00,"[""W02""]","[""collab_work""]"
v1-93a6a8b8d40e754a,1.0,2026-10-08T02:45:18+00:00,【ゆめのごとし】,idol_51651b60-7996-412b-bd16-5c1c3f3faebf,杜野凛世,S,SSR,unit_3,放課後クライマックスガールズ,2025-10-19,limited_gacha,"[""birthday""]",known,,https://wikiwiki.jp/shinycolors/%E3%80%90%E3%82%86%E3%82%81%E3%81%AE%E3%81%94%E3%81%A8%E3%81%97%E3%80%91%E6%9D%9C%E9%87%8E%E5%87%9B%E4%B8%96,observed,base,wiki_only,shinycolors_enza,7e005c1b-0556-469c-b5ea-8e7cfcbb3ceb,7e005c1b-0556-469c-b5ea-8e7cfcbb3ceb,2026-10-06T16:29:53+00:00,"[""W03""]","[""collab_work""]"
v1-93a6a8b8d40e754a,1.0,2026-10-08T02:45:18+00:00,【ノー・ライフ】,idol_81093365-1df1-4e6c-a252-27625c47ab96,三峰結華,P,SSR,unit_2,アンティーカ,2023-01-20,permanent_gacha,[],unknown,,https://wikiwiki.jp/shinycolors/%E3%80%90%E3%83%8E%E3%83%BC%E3%83%BB%E3%83%A9%E3%82%A4%E3%83%95%E3%80%91%E4%B8%89%E5%B3%B0%E7%B5%90%E8%8F%AF,observed,base,wiki_only,shinycolors_enza,7e205eb7-567d-4ec0-8556-c6d573e16e69,7e205eb7-567d-4ec0-8556-c6d573e16e69,2026-10-06T16:29:53+00:00,"[""W02""]","[""series_status"",""collab_work""]"
v1-93a6a8b8d40e754a,1.0,2026-10-08T02:45:18+00:00,【シークレット・ヒロイン】,idol_52544385-3ea1-42e6-bb47-faff2c6f9b4f,桑山千雪,P,SSR,unit_4,アルストロメリア,2019-03-12,permanent_gacha,[],unknown,,https://wikiwiki.jp/shinycolors/%E3%80%90%E3%82%B7%E3%83%BC%E3%82%AF%E3%83%AC%E3%83%83%E3%83%88%E3%83%BB%E3%83%92%E3%83%AD%E3%82%A4%E3%83%B3%E3%80%91%E6%A1%91%E5%B1%B1%E5%8D%83%E9%9B%AA,observed,base,wiki_only,shinycolors_enza,7e4ddb87-1fab-44de-b4ec-a0de2f0c7217,7e4ddb87-1fab-44de-b4ec-a0de2f0c7217,2026-10-06T16:29:53+00:00,"[""W02""]","[""series_status"",""collab_work""]"
v1-93a6a8b8d40e754a,1.0,2026-10-08T02:45:18+00:00,【I♡DOLL】,idol_b1cc8f6f-feab-4add-b5d9-d8777add7f60,大崎甜花,P,SSR,unit_4,アルストロメリア,2019-11-11,permanent_gacha,[],unknown,,https://wikiwiki.jp/shinycolors/%E3%80%90IDOLL%E3%80%91%E5%A4%A7%E5%B4%8E%E7%94%9C%E8%8A%B1,observed,base,wiki_only,shinycolors_enza,7e61c866-53bc-4048-a8a9-ac4bfca32480,7e61c866-53bc-4048-a8a9-ac4bfca32480,2026-10-06T16:29:53+00:00,"[""W02""]","[""series_status"",""collab_work""]"
v1-93a6a8b8d40e754a,1.0,2026-10-08T02:45:18+00:00,【283プロのヒナ】,idol_92b8326c-72f5-4a2e-8581-7110738045f3,有栖川夏葉,S,R,unit_3,放課後クライマックスガールズ,2018-04-24,permanent_gacha,[],unknown,,https://wikiwiki.jp/shinycolors/%E3%80%90283%E3%83%97%E3%83%AD%E3%81%AE%E3%83%92%E3%83%8A%E3%80%91%E6%9C%89%E6%A0%96%E5%B7%9D%E5%A4%8F%E8%91%89,observed,base,wiki_only,shinycolors_enza,7e83b694-6781-4b5f-9bda-bf0bfa4e8203,7e83b694-6781-4b5f-9bda-bf0bfa4e8203,2026-10-06T16:29:54+00:00,"[""W03""]","[""series_status"",""collab_work""]"
v1-93a6a8b8d40e754a,1.0,2026-10-08T02:45:18+00:00,【今はまだ──】,idol_2,樋口円香,S,SR,unit_6,ノクチル,2024-11-02,gacha_bonus,[],unknown,,https://wikiwiki.jp/shinycolors/%E3%80%90%E4%BB%8A%E3%81%AF%E3%81%BE%E3%81%A0%E2%94%80%E2%94%80%E3%80%91%E6%A8%8B%E5%8F%A3%E5%86%86%E9%A6%99,observed,base,wiki_only,shinycolors_enza,7ea0b189-39fe-4167-a612-223c1c383eaa,7ea0b189-39fe-4167-a612-223c1c383eaa,2026-10-06T16:29:54+00:00,"[""W03""]","[""series_status"",""collab_work""]"
v1-93a6a8b8d40e754a,1.0,2026-10-08T02:45:18+00:00,【アイマスEXPO】,idol_2,樋口円香,S,SR,unit_6,ノクチル,2024-12-14,gacha_bonus,[],unknown,,https://wikiwiki.jp/shinycolors/%E3%80%90%E3%82%A2%E3%82%A4%E3%83%9E%E3%82%B9EXPO%E3%80%91%E6%A8%8B%E5%8F%A3%E5%86%86%E9%A6%99,observed,base,wiki_only,shinycolors_enza,7ec984c8-724c-4d21-bf43-aff5361d491a,7ec984c8-724c-4d21-bf43-aff5361d491a,2026-10-06T16:29:53+00:00,"[""W03""]","[""series_status"",""collab_work""]"
v1-93a6a8b8d40e754a,1.0,2026-10-08T02:45:18+00:00,【一人分の空、一枚の羽】,idol_0e2d3420-7295-4510-929d-01bf8378e12a,風野灯織,S,SSR,unit_1,イルミネーションスターズ,2024-01-05,other_bonus,[],unknown,,https://wikiwiki.jp/shinycolors/%E3%80%90%E4%B8%80%E4%BA%BA%E5%88%86%E3%81%AE%E7%A9%BA%E3%80%81%E4%B8%80%E6%9E%9A%E3%81%AE%E7%BE%BD%E3%80%91%E9%A2%A8%E9%87%8E%E7%81%AF%E7%B9%94,observed,base,wiki_only,shinycolors_enza,7ee8a144-c7ed-4546-a4ad-580418935510,7ee8a144-c7ed-4546-a4ad-580418935510,2026-10-06T16:33:42+00:00,"[""W03""]","[""series_status"",""collab_work""]"
v1-93a6a8b8d40e754a,1.0,2026-10-08T02:45:18+00:00,【叶えて☆ゴールドフィッシュ】,idol_8c18b422-295c-4259-9e14-413685deb7f8,大崎甘奈,P,SSR,unit_4,アルストロメリア,2020-08-21,permanent_gacha,[],unknown,,https://wikiwiki.jp/shinycolors/%E3%80%90%E5%8F%B6%E3%81%88%E3%81%A6%E2%98%86%E3%82%B4%E3%83%BC%E3%83%AB%E3%83%89%E3%83%95%E3%82%A3%E3%83%83%E3%82%B7%E3%83%A5%E3%80%91%E5%A4%A7%E5%B4%8E%E7%94%98%E5%A5%88,observed,base,wiki_only,shinycolors_enza,7f3bc6ce-d0fa-4c3b-8b82-4e2e06727fb0,7f3bc6ce-d0fa-4c3b-8b82-4e2e06727fb0,2026-10-06T16:29:53+00:00,"[""W02""]","[""series_status"",""collab_work""]"
v1-93a6a8b8d40e754a,1.0,2026-10-08T02:45:18+00:00,【ハロー、私の「いつも通り」】,idol_81093365-1df1-4e6c-a252-27625c47ab96,三峰結華,S,SSR,unit_2,アンティーカ,2019-01-11,permanent_gacha,[],unknown,,https://wikiwiki.jp/shinycolors/%E3%80%90%E3%83%8F%E3%83%AD%E3%83%BC%E3%80%81%E7%A7%81%E3%81%AE%E3%80%8C%E3%81%84%E3%81%A4%E3%82%82%E9%80%9A%E3%82%8A%E3%80%8D%E3%80%91%E4%B8%89%E5%B3%B0%E7%B5%90%E8%8F%AF,observed,base,wiki_only,shinycolors_enza,7f448c46-0af7-448d-91ab-74451b1cbabe,7f448c46-0af7-448d-91ab-74451b1cbabe,2026-10-06T16:29:53+00:00,"[""W03""]","[""series_status"",""collab_work""]"
v1-93a6a8b8d40e754a,1.0,2026-10-08T02:45:18+00:00,【いるっしょ！】,idol_786e9b98-d1e4-4419-a69a-3281d07dd4fb,和泉愛依,S,SSR,unit_5,ストレイライト,2021-01-31,event_reward,[],unknown,,https://wikiwiki.jp/shinycolors/%E3%80%90%E3%81%84%E3%82%8B%E3%81%A3%E3%81%97%E3%82%87%EF%BC%81%E3%80%91%E5%92%8C%E6%B3%89%E6%84%9B%E4%BE%9D,observed,base,wiki_only,shinycolors_enza,7faf3d3d-8dbd-4697-b238-755a13c3122e,7faf3d3d-8dbd-4697-b238-755a13c3122e,2026-10-06T16:29:53+00:00,"[""W03""]","[""series_status"",""collab_work""]"
v1-93a6a8b8d40e754a,1.0,2026-10-08T02:45:18+00:00,【センパイレッスン】,idol_3c398182-7760-439e-8c77-3c09d173aa4c,芹沢あさひ,P,SSR,unit_5,ストレイライト,2025-11-29,collection_gacha,"[""casting""]",known,,https://wikiwiki.jp/shinycolors/%E3%80%90%E3%82%BB%E3%83%B3%E3%83%91%E3%82%A4%E3%83%AC%E3%83%83%E3%82%B9%E3%83%B3%E3%80%91%E8%8A%B9%E6%B2%A2%E3%81%82%E3%81%95%E3%81%B2,observed,base,wiki_only,shinycolors_enza,7fb23231-0fa8-4e8c-b3f5-8829903ac16e,7fb23231-0fa8-4e8c-b3f5-8829903ac16e,2026-10-06T16:29:53+00:00,"[""W02""]","[""collab_work""]"
v1-93a6a8b8d40e754a,1.0,2026-10-08T02:45:18+00:00,【Perfect☆February】,idol_7,園田智代子,S,SSR,unit_3,放課後クライマックスガールズ,2026-02-18,collection_gacha,"[""twilights""]",known,,https://wikiwiki.jp/shinycolors/%E3%80%90Perfect%E2%98%86February%E3%80%91%E5%9C%92%E7%94%B0%E6%99%BA%E4%BB%A3%E5%AD%90,observed,base,wiki_only,shinycolors_enza,7ff33133-67ec-4264-8545-f85db6256296,7ff33133-67ec-4264-8545-f85db6256296,2026-10-06T16:29:53+00:00,"[""W03""]","[""collab_work""]"
v1-93a6a8b8d40e754a,1.0,2026-10-08T02:45:18+00:00,【一人分の空、一枚の羽】,idol_51651b60-7996-412b-bd16-5c1c3f3faebf,杜野凛世,S,SSR,unit_3,放課後クライマックスガールズ,2024-01-05,other_bonus,[],unknown,,https://wikiwiki.jp/shinycolors/%E3%80%90%E4%B8%80%E4%BA%BA%E5%88%86%E3%81%AE%E7%A9%BA%E3%80%81%E4%B8%80%E6%9E%9A%E3%81%AE%E7%BE%BD%E3%80%91%E6%9D%9C%E9%87%8E%E5%87%9B%E4%B8%96,observed,base,wiki_only,shinycolors_enza,7ffcf723-b806-431f-be34-1dd8b7bdbddf,7ffcf723-b806-431f-be34-1dd8b7bdbddf,2026-10-06T16:33:42+00:00,"[""W03""]","[""series_status"",""collab_work""]"
v1-93a6a8b8d40e754a,1.0,2026-10-08T02:45:18+00:00,【♡like】,idol_72d6d5b6-dc2b-4e7c-90be-eb4770ba589b,市川雛菜,S,SSR,unit_6,ノクチル,2022-01-01,event_reward,[],unknown,,https://wikiwiki.jp/shinycolors/%E3%80%90%E2%99%A1like%E3%80%91%E5%B8%82%E5%B7%9D%E9%9B%9B%E8%8F%9C,observed,base,wiki_only,shinycolors_enza,8008510e-01b9-4ec0-acb5-11b35271027c,8008510e-01b9-4ec0-acb5-11b35271027c,2026-10-06T16:29:53+00:00,"[""W03""]","[""series_status"",""collab_work""]"
v1-93a6a8b8d40e754a,1.0,2026-10-08T02:45:18+00:00,【ナカキヨノ】,idol_2,樋口円香,S,SSR,unit_6,ノクチル,2025-01-01,collection_gacha,"[""twilights""]",known,,https://wikiwiki.jp/shinycolors/%E3%80%90%E3%83%8A%E3%82%AB%E3%82%AD%E3%83%A8%E3%83%8E%E3%80%91%E6%A8%8B%E5%8F%A3%E5%86%86%E9%A6%99,observed,base,wiki_only,shinycolors_enza,806069d3-db03-488a-9246-e6ac1fc09627,806069d3-db03-488a-9246-e6ac1fc09627,2026-10-06T16:29:53+00:00,"[""W03""]","[""collab_work""]"
v1-93a6a8b8d40e754a,1.0,2026-10-08T02:45:18+00:00,【当日じゃない日】,idol_ef328a51-2928-4d2d-a44f-5e3b92d305cf,白瀬咲耶,S,SR,unit_2,アンティーカ,2021-11-30,event_reward,[],unknown,,https://wikiwiki.jp/shinycolors/%E3%80%90%E5%BD%93%E6%97%A5%E3%81%98%E3%82%83%E3%81%AA%E3%81%84%E6%97%A5%E3%80%91%E7%99%BD%E7%80%AC%E5%92%B2%E8%80%B6,observed,base,wiki_only,shinycolors_enza,80725190-bc14-4020-a0ab-7def3b97d7e3,80725190-bc14-4020-a0ab-7def3b97d7e3,2026-10-06T16:29:53+00:00,"[""W03""]","[""series_status"",""collab_work""]"
v1-93a6a8b8d40e754a,1.0,2026-10-08T02:45:18+00:00,【第2形態アーマードタイプ】,idol_df07e98b-12f2-4984-b8f6-8da0a47c0cc7,小宮果穂,P,SSR,unit_3,放課後クライマックスガールズ,2018-05-31,permanent_gacha,[],unknown,,https://wikiwiki.jp/shinycolors/%E3%80%90%E7%AC%AC2%E5%BD%A2%E6%85%8B%E3%82%A2%E3%83%BC%E3%83%9E%E3%83%BC%E3%83%89%E3%82%BF%E3%82%A4%E3%83%97%E3%80%91%E5%B0%8F%E5%AE%AE%E6%9E%9C%E7%A9%82,observed,base,wiki_only,shinycolors_enza,8079507a-6fbe-4788-8d8c-f8a29c56bb17,8079507a-6fbe-4788-8d8c-f8a29c56bb17,2026-10-06T16:29:53+00:00,"[""W02""]","[""series_status"",""collab_work""]"
v1-93a6a8b8d40e754a,1.0,2026-10-08T02:45:18+00:00,【剥がされて、虚ろ】,idol_52544385-3ea1-42e6-bb47-faff2c6f9b4f,桑山千雪,P,SSR,unit_4,アルストロメリア,2023-11-29,permanent_gacha,[],unknown,,https://wikiwiki.jp/shinycolors/%E3%80%90%E5%89%A5%E3%81%8C%E3%81%95%E3%82%8C%E3%81%A6%E3%80%81%E8%99%9A%E3%82%8D%E3%80%91%E6%A1%91%E5%B1%B1%E5%8D%83%E9%9B%AA,observed,base,wiki_only,shinycolors_enza,80be0d50-b761-4b0c-b49a-a5043b403abf,80be0d50-b761-4b0c-b49a-a5043b403abf,2026-10-06T16:29:53+00:00,"[""W02""]","[""series_status"",""collab_work""]"
v1-93a6a8b8d40e754a,1.0,2026-10-08T02:45:18+00:00,【Have a bad day♥】,idol_6,田中摩美々,P,SSR,unit_2,アンティーカ,2021-12-10,limited_gacha,[],unknown,,https://wikiwiki.jp/shinycolors/%E3%80%90Have%20a%20bad%20day%E2%99%A5%E3%80%91%E7%94%B0%E4%B8%AD%E6%91%A9%E7%BE%8E%E3%80%85,observed,base,wiki_only,shinycolors_enza,80c02468-872a-4fd3-8dc8-76b215849fc9,80c02468-872a-4fd3-8dc8-76b215849fc9,2026-10-06T16:29:53+00:00,"[""W02""]","[""series_status"",""collab_work""]"
v1-93a6a8b8d40e754a,1.0,2026-10-08T02:45:18+00:00,【'25Pカップ】,idol_813a7356-e821-43e7-b25f-c104ca28870d,西城樹里,S,SR,unit_3,放課後クライマックスガールズ,2025-04-15,event_reward,[],unknown,,https://wikiwiki.jp/shinycolors/%E3%80%90%2725P%E3%82%AB%E3%83%83%E3%83%97%E3%80%91%E8%A5%BF%E5%9F%8E%E6%A8%B9%E9%87%8C,observed,base,wiki_only,shinycolors_enza,80e19338-e02a-4480-b491-5762c6209aff,80e19338-e02a-4480-b491-5762c6209aff,2026-10-06T16:29:53+00:00,"[""W03""]","[""series_status"",""collab_work""]"
v1-93a6a8b8d40e754a,1.0,2026-10-08T02:45:18+00:00,【散光白書】,idol_a2f858c3-da6e-4d6f-b777-5367a2671399,黛冬優子,S,SR,unit_5,ストレイライト,2024-12-19,event_reward,[],unknown,,https://wikiwiki.jp/shinycolors/%E3%80%90%E6%95%A3%E5%85%89%E7%99%BD%E6%9B%B8%E3%80%91%E9%BB%9B%E5%86%AC%E5%84%AA%E5%AD%90,observed,base,wiki_only,shinycolors_enza,80ece739-2b44-4d2d-b2f4-be60568450d7,80ece739-2b44-4d2d-b2f4-be60568450d7,2026-10-06T16:29:53+00:00,"[""W03""]","[""series_status"",""collab_work""]"
v1-93a6a8b8d40e754a,1.0,2026-10-08T02:45:18+00:00,【アイドルロード】,idol_df07e98b-12f2-4984-b8f6-8da0a47c0cc7,小宮果穂,P,SSR,unit_3,放課後クライマックスガールズ,,mission,[],unknown,,https://wikiwiki.jp/shinycolors/%E3%80%90%E7%99%BD%E3%81%84%E3%83%84%E3%83%90%E3%82%B5%E3%80%91%E5%B0%8F%E5%AE%AE%E6%9E%9C%E7%A9%82,observed,idol_road_ssr,wiki_only,shinycolors_enza,813034b6-1872-40e2-8720-6c0e05f0cbd8,e7e21594-679f-47cc-8812-87da1be4dbb8,2026-10-06T16:29:54+00:00,"[""W08""]","[""first_implemented_on"",""series_status"",""collab_work""]"
v1-93a6a8b8d40e754a,1.0,2026-10-08T02:45:18+00:00,【晴れ待ちのひと時】,idol_813a7356-e821-43e7-b25f-c104ca28870d,西城樹里,S,SR,unit_3,放課後クライマックスガールズ,2021-01-22,permanent_gacha,[],unknown,,https://wikiwiki.jp/shinycolors/%E3%80%90%E6%99%B4%E3%82%8C%E5%BE%85%E3%81%A1%E3%81%AE%E3%81%B2%E3%81%A8%E6%99%82%E3%80%91%E8%A5%BF%E5%9F%8E%E6%A8%B9%E9%87%8C,observed,base,wiki_only,shinycolors_enza,813f8a2c-17b7-4387-afa6-b6340d491836,813f8a2c-17b7-4387-afa6-b6340d491836,2026-10-06T16:29:54+00:00,"[""W03""]","[""series_status"",""collab_work""]"
v1-93a6a8b8d40e754a,1.0,2026-10-08T02:45:18+00:00,【白いツバサ】,idol_7,園田智代子,P,SR,unit_3,放課後クライマックスガールズ,,mission,[],unknown,,https://wikiwiki.jp/shinycolors/%E3%80%90%E7%99%BD%E3%81%84%E3%83%84%E3%83%90%E3%82%B5%E3%80%91%E5%9C%92%E7%94%B0%E6%99%BA%E4%BB%A3%E5%AD%90,observed,idol_road_sr,wiki_only,shinycolors_enza,8151831e-caa2-4af9-94b3-fca3cb9f21a5,5843ca5c-a1b9-4245-91a0-c9443a70fdd0,2026-10-06T16:29:54+00:00,"[""W08""]","[""first_implemented_on"",""series_status"",""collab_work""]"
v1-93a6a8b8d40e754a,1.0,2026-10-08T02:45:18+00:00,【For worker】,idol_8c18b422-295c-4259-9e14-413685deb7f8,大崎甘奈,S,SR,unit_4,アルストロメリア,2023-04-21,collaboration_gacha,[],unknown,,https://wikiwiki.jp/shinycolors/%E3%80%90For%20worker%E3%80%91%E5%A4%A7%E5%B4%8E%E7%94%98%E5%A5%88,observed,base,wiki_only,shinycolors_enza,819deeb6-8911-493a-90e7-b56c436aaa61,819deeb6-8911-493a-90e7-b56c436aaa61,2026-10-06T16:29:53+00:00,"[""W03""]","[""series_status"",""collab_work""]"
v1-93a6a8b8d40e754a,1.0,2026-10-08T02:45:18+00:00,【白いツバサ】,idol_786e9b98-d1e4-4419-a69a-3281d07dd4fb,和泉愛依,P,R,unit_5,ストレイライト,2019-04-09,permanent_gacha,[],unknown,,https://wikiwiki.jp/shinycolors/%E3%80%90%E7%99%BD%E3%81%84%E3%83%84%E3%83%90%E3%82%B5%E3%80%91%E5%92%8C%E6%B3%89%E6%84%9B%E4%BE%9D,observed,base,wiki_only,shinycolors_enza,81b108e4-46a3-49ba-9e53-84f7b6d7a828,81b108e4-46a3-49ba-9e53-84f7b6d7a828,2026-10-06T16:29:53+00:00,"[""W02""]","[""series_status"",""collab_work""]"
v1-93a6a8b8d40e754a,1.0,2026-10-08T02:45:18+00:00,【円環 -Halo around-】,idol_e579db5c-0930-4984-aa40-ebe5a00e8a4f,幽谷霧子,S,SSR,unit_2,アンティーカ,2025-06-21,gacha_bonus,[],unknown,,https://wikiwiki.jp/shinycolors/%E3%80%90%E5%86%86%E7%92%B0%20-Halo%20around-%E3%80%91%E5%B9%BD%E8%B0%B7%E9%9C%A7%E5%AD%90,observed,base,wiki_only,shinycolors_enza,81e45a2e-739e-4589-a896-9da8a819591a,81e45a2e-739e-4589-a896-9da8a819591a,2026-10-06T16:29:53+00:00,"[""W03""]","[""series_status"",""collab_work""]"
v1-93a6a8b8d40e754a,1.0,2026-10-08T02:45:18+00:00,【グッド・ラック・ボール】,idol_813a7356-e821-43e7-b25f-c104ca28870d,西城樹里,S,SR,unit_3,放課後クライマックスガールズ,2019-05-10,event_reward,[],unknown,,https://wikiwiki.jp/shinycolors/%E3%80%90%E3%82%B0%E3%83%83%E3%83%89%E3%83%BB%E3%83%A9%E3%83%83%E3%82%AF%E3%83%BB%E3%83%9C%E3%83%BC%E3%83%AB%E3%80%91%E8%A5%BF%E5%9F%8E%E6%A8%B9%E9%87%8C,observed,base,wiki_only,shinycolors_enza,82066eb0-7301-4469-a6c0-9b4ed0432825,82066eb0-7301-4469-a6c0-9b4ed0432825,2026-10-06T16:29:53+00:00,"[""W03""]","[""series_status"",""collab_work""]"
v1-93a6a8b8d40e754a,1.0,2026-10-08T02:45:18+00:00,【チエルアルコは流星の】,idol_d4177c5c-4600-4381-b5da-758f87fc23d7,八宮めぐる,P,SR,unit_1,イルミネーションスターズ,2019-04-19,permanent_gacha,[],unknown,,https://wikiwiki.jp/shinycolors/%E3%80%90%E3%83%81%E3%82%A8%E3%83%AB%E3%82%A2%E3%83%AB%E3%82%B3%E3%81%AF%E6%B5%81%E6%98%9F%E3%81%AE%E3%80%91%E5%85%AB%E5%AE%AE%E3%82%81%E3%81%90%E3%82%8B,observed,base,wiki_only,shinycolors_enza,8235e3ac-39cb-4ab6-aad2-e053e9c2c88c,8235e3ac-39cb-4ab6-aad2-e053e9c2c88c,2026-10-06T16:29:53+00:00,"[""W02""]","[""series_status"",""collab_work""]"
v1-93a6a8b8d40e754a,1.0,2026-10-08T02:45:18+00:00,【いんすたんとバケーション！】,idol_e91e6363-2dc9-42c1-bbf1-a759e797c2d1,月岡恋鐘,S,SSR,unit_2,アンティーカ,2024-07-09,permanent_gacha,[],unknown,,https://wikiwiki.jp/shinycolors/%E3%80%90%E3%81%84%E3%82%93%E3%81%99%E3%81%9F%E3%82%93%E3%81%A8%E3%83%90%E3%82%B1%E3%83%BC%E3%82%B7%E3%83%A7%E3%83%B3%EF%BC%81%E3%80%91%E6%9C%88%E5%B2%A1%E6%81%8B%E9%90%98,observed,base,wiki_only,shinycolors_enza,827de95f-f485-48de-a6a0-579a23cd9dad,827de95f-f485-48de-a6a0-579a23cd9dad,2026-10-06T16:29:53+00:00,"[""W03""]","[""series_status"",""collab_work""]"
v1-93a6a8b8d40e754a,1.0,2026-10-08T02:45:18+00:00,【好きなものはなんですか？】,idol_b1cc8f6f-feab-4add-b5d9-d8777add7f60,大崎甜花,P,SSR,unit_4,アルストロメリア,2019-04-29,limited_gacha,[],unknown,,https://wikiwiki.jp/shinycolors/%E3%80%90%E5%A5%BD%E3%81%8D%E3%81%AA%E3%82%82%E3%81%AE%E3%81%AF%E3%81%AA%E3%82%93%E3%81%A7%E3%81%99%E3%81%8B%EF%BC%9F%E3%80%91%E5%A4%A7%E5%B4%8E%E7%94%9C%E8%8A%B1,observed,base,wiki_only,shinycolors_enza,8287ce22-87cb-46c8-8fc8-278d64d11cb0,8287ce22-87cb-46c8-8fc8-278d64d11cb0,2026-10-06T16:29:53+00:00,"[""W02""]","[""series_status"",""collab_work""]"
v1-93a6a8b8d40e754a,1.0,2026-10-08T02:45:18+00:00,【@ヨガに夢見て】,idol_a1ecc291-124c-4aaa-8346-467a4386234b,七草はづき,S,SR,,,2025-09-23,other_bonus,[],unknown,,https://wikiwiki.jp/shinycolors/%E3%80%90%40%E3%83%A8%E3%82%AC%E3%81%AB%E5%A4%A2%E8%A6%8B%E3%81%A6%E3%80%91%E4%B8%83%E8%8D%89%E3%81%AF%E3%81%A5%E3%81%8D,observed,base,wiki_only,shinycolors_enza,82b33e03-0d67-468f-b06e-6c680f487f67,82b33e03-0d67-468f-b06e-6c680f487f67,2026-10-06T16:33:42+00:00,"[""W03""]","[""unit_id"",""unit_name"",""series_status"",""collab_work""]"
v1-93a6a8b8d40e754a,1.0,2026-10-08T02:45:18+00:00,【ベター・ザン・ベスト】,idol_0e2d3420-7295-4510-929d-01bf8378e12a,風野灯織,P,SSR,unit_1,イルミネーションスターズ,2024-09-09,limited_gacha,[],unknown,,https://wikiwiki.jp/shinycolors/%E3%80%90%E3%83%99%E3%82%BF%E3%83%BC%E3%83%BB%E3%82%B6%E3%83%B3%E3%83%BB%E3%83%99%E3%82%B9%E3%83%88%E3%80%91%E9%A2%A8%E9%87%8E%E7%81%AF%E7%B9%94,observed,base,wiki_only,shinycolors_enza,82f54b25-ff60-4ce2-9bac-9f079c749a35,82f54b25-ff60-4ce2-9bac-9f079c749a35,2026-10-06T16:29:53+00:00,"[""W02""]","[""series_status"",""collab_work""]"
v1-93a6a8b8d40e754a,1.0,2026-10-08T02:45:18+00:00,【とキどき間氷期】,idol_736d3fca-9560-4156-96fc-66cc0159ea42,七草にちか,P,SSR,unit_7,シーズ,2023-09-30,limited_gacha,[],unknown,,https://wikiwiki.jp/shinycolors/%E3%80%90%E3%81%A8%E3%82%AD%E3%81%A9%E3%81%8D%E9%96%93%E6%B0%B7%E6%9C%9F%E3%80%91%E4%B8%83%E8%8D%89%E3%81%AB%E3%81%A1%E3%81%8B,observed,base,wiki_only,shinycolors_enza,832f9a21-8636-4a64-a580-cd07354518f4,832f9a21-8636-4a64-a580-cd07354518f4,2026-10-06T16:29:53+00:00,"[""W02""]","[""series_status"",""collab_work""]"
v1-93a6a8b8d40e754a,1.0,2026-10-08T02:45:18+00:00,【黒色彗星】,idol_4,鈴木羽那,S,SSR,unit_8,コメティック,2024-01-01,event_reward,[],unknown,,https://wikiwiki.jp/shinycolors/%E3%80%90%E9%BB%92%E8%89%B2%E5%BD%97%E6%98%9F%E3%80%91%E9%88%B4%E6%9C%A8%E7%BE%BD%E9%82%A3,observed,base,wiki_only,shinycolors_enza,8349af08-b198-45f0-a2bb-67e2b1953dc7,8349af08-b198-45f0-a2bb-67e2b1953dc7,2026-10-06T16:29:53+00:00,"[""W03""]","[""series_status"",""collab_work""]"
v1-93a6a8b8d40e754a,1.0,2026-10-08T02:45:18+00:00,【祝・祝・祈・生】,idol_e579db5c-0930-4984-aa40-ebe5a00e8a4f,幽谷霧子,S,SSR,unit_2,アンティーカ,2025-09-23,limited_gacha,"[""birthday""]",known,,https://wikiwiki.jp/shinycolors/%E3%80%90%E7%A5%9D%E3%83%BB%E7%A5%9D%E3%83%BB%E7%A5%88%E3%83%BB%E7%94%9F%E3%80%91%E5%B9%BD%E8%B0%B7%E9%9C%A7%E5%AD%90,observed,base,wiki_only,shinycolors_enza,836a1df0-e564-44cc-8f87-cc0731e0dd9c,836a1df0-e564-44cc-8f87-cc0731e0dd9c,2026-10-06T16:29:53+00:00,"[""W03""]","[""collab_work""]"
v1-93a6a8b8d40e754a,1.0,2026-10-08T02:45:18+00:00,【秋空ばくちずさんで】,idol_e91e6363-2dc9-42c1-bbf1-a759e797c2d1,月岡恋鐘,P,SSR,unit_2,アンティーカ,2021-10-21,limited_gacha,[],unknown,,https://wikiwiki.jp/shinycolors/%E3%80%90%E7%A7%8B%E7%A9%BA%E3%81%B0%E3%81%8F%E3%81%A1%E3%81%9A%E3%81%95%E3%82%93%E3%81%A7%E3%80%91%E6%9C%88%E5%B2%A1%E6%81%8B%E9%90%98,observed,base,wiki_only,shinycolors_enza,8390ea9f-f27a-4bcc-bec8-8dd52236464a,8390ea9f-f27a-4bcc-bec8-8dd52236464a,2026-10-06T16:29:53+00:00,"[""W02""]","[""series_status"",""collab_work""]"
v1-93a6a8b8d40e754a,1.0,2026-10-08T02:45:18+00:00,【'25Pカップランクイン】,idol_6874153a-a7f6-426a-98f0-815f121eeca4,緋田美琴,S,SSR,unit_7,シーズ,2025-04-15,event_reward,[],unknown,,,not_found,base,wiki_only,shinycolors_enza,83a8d278-986e-4d1e-af81-02a6fd43084c,83a8d278-986e-4d1e-af81-02a6fd43084c,2026-10-06T16:29:53+00:00,"[""W03""]","[""series_status"",""collab_work"",""wiki_url""]"
v1-93a6a8b8d40e754a,1.0,2026-10-08T02:45:18+00:00,【ほんとの気持ちのその先に】,idol_a2f858c3-da6e-4d6f-b777-5367a2671399,黛冬優子,S,SR,unit_5,ストレイライト,2024-11-09,campaign,[],unknown,,https://wikiwiki.jp/shinycolors/%E3%80%90%E3%81%BB%E3%82%93%E3%81%A8%E3%81%AE%E6%B0%97%E6%8C%81%E3%81%A1%E3%81%AE%E3%81%9D%E3%81%AE%E5%85%88%E3%81%AB%E3%80%91%E9%BB%9B%E5%86%AC%E5%84%AA%E5%AD%90,observed,base,wiki_only,shinycolors_enza,83e69ae0-1247-4a76-9803-63cb0df8e2ab,83e69ae0-1247-4a76-9803-63cb0df8e2ab,2026-10-06T16:29:54+00:00,"[""W03""]","[""series_status"",""collab_work""]"
v1-93a6a8b8d40e754a,1.0,2026-10-08T02:45:18+00:00,【ヒイラギの窓辺に】,idol_92b8326c-72f5-4a2e-8581-7110738045f3,有栖川夏葉,S,SSR,unit_3,放課後クライマックスガールズ,2023-12-11,event_reward,[],unknown,,https://wikiwiki.jp/shinycolors/%E3%80%90%E3%83%92%E3%82%A4%E3%83%A9%E3%82%AE%E3%81%AE%E7%AA%93%E8%BE%BA%E3%81%AB%E3%80%91%E6%9C%89%E6%A0%96%E5%B7%9D%E5%A4%8F%E8%91%89,observed,base,wiki_only,shinycolors_enza,842ed7e3-4c0f-471a-99df-669b60d496db,842ed7e3-4c0f-471a-99df-669b60d496db,2026-10-06T16:29:53+00:00,"[""W03""]","[""series_status"",""collab_work""]"
v1-93a6a8b8d40e754a,1.0,2026-10-08T02:45:18+00:00,【日々を紡ぐインヴェルノ】,idol_d4177c5c-4600-4381-b5da-758f87fc23d7,八宮めぐる,P,SSR,unit_1,イルミネーションスターズ,2019-12-26,permanent_gacha,[],unknown,,https://wikiwiki.jp/shinycolors/%E3%80%90%E6%97%A5%E3%80%85%E3%82%92%E7%B4%A1%E3%81%90%E3%82%A4%E3%83%B3%E3%83%B4%E3%82%A7%E3%83%AB%E3%83%8E%E3%80%91%E5%85%AB%E5%AE%AE%E3%82%81%E3%81%90%E3%82%8B,observed,base,wiki_only,shinycolors_enza,847f1874-3971-4574-a7a2-66c430cfd6bf,847f1874-3971-4574-a7a2-66c430cfd6bf,2026-10-06T16:29:53+00:00,"[""W02""]","[""series_status"",""collab_work""]"
v1-93a6a8b8d40e754a,1.0,2026-10-08T02:45:18+00:00,【バス・タイムの気分で】,idol_b1cc8f6f-feab-4add-b5d9-d8777add7f60,大崎甜花,P,SSR,unit_4,アルストロメリア,2021-08-20,permanent_gacha,[],unknown,,https://wikiwiki.jp/shinycolors/%E3%80%90%E3%83%90%E3%82%B9%E3%83%BB%E3%82%BF%E3%82%A4%E3%83%A0%E3%81%AE%E6%B0%97%E5%88%86%E3%81%A7%E3%80%91%E5%A4%A7%E5%B4%8E%E7%94%9C%E8%8A%B1,observed,base,wiki_only,shinycolors_enza,8484ec9b-a9ef-4451-a35d-c39a8d7c0384,8484ec9b-a9ef-4451-a35d-c39a8d7c0384,2026-10-06T16:29:53+00:00,"[""W02""]","[""series_status"",""collab_work""]"
v1-93a6a8b8d40e754a,1.0,2026-10-08T02:45:18+00:00,【くじら】,idol_3,浅倉透,S,SR,unit_6,ノクチル,2024-12-14,gacha_bonus,[],unknown,,https://wikiwiki.jp/shinycolors/%E3%80%90%E3%81%8F%E3%81%98%E3%82%89%E3%80%91%E6%B5%85%E5%80%89%E9%80%8F,observed,base,wiki_only,shinycolors_enza,84a5164d-ba2c-46be-a052-e6bd8aebdd78,84a5164d-ba2c-46be-a052-e6bd8aebdd78,2026-10-06T16:29:53+00:00,"[""W03""]","[""series_status"",""collab_work""]"
v1-93a6a8b8d40e754a,1.0,2026-10-08T02:45:18+00:00,【虹の行方】,idol_3c398182-7760-439e-8c77-3c09d173aa4c,芹沢あさひ,S,SSR,unit_5,ストレイライト,2025-12-15,limited_gacha,[],unknown,,https://wikiwiki.jp/shinycolors/%E3%80%90%E8%99%B9%E3%81%AE%E8%A1%8C%E6%96%B9%E3%80%91%E8%8A%B9%E6%B2%A2%E3%81%82%E3%81%95%E3%81%B2,observed,base,wiki_only,shinycolors_enza,84c6fcf7-549f-4dfa-b1f3-4976dd235d68,84c6fcf7-549f-4dfa-b1f3-4976dd235d68,2026-10-06T16:29:53+00:00,"[""W03""]","[""series_status"",""collab_work""]"
v1-93a6a8b8d40e754a,1.0,2026-10-08T02:45:18+00:00,【殴打、その他の夢について】,idol_3,浅倉透,S,SR,unit_6,ノクチル,2022-02-19,event_reward,[],unknown,,https://wikiwiki.jp/shinycolors/%E3%80%90%E6%AE%B4%E6%89%93%E3%80%81%E3%81%9D%E3%81%AE%E4%BB%96%E3%81%AE%E5%A4%A2%E3%81%AB%E3%81%A4%E3%81%84%E3%81%A6%E3%80%91%E6%B5%85%E5%80%89%E9%80%8F,observed,base,wiki_only,shinycolors_enza,84e5d433-3a09-461d-b7ae-01a50945c9ad,84e5d433-3a09-461d-b7ae-01a50945c9ad,2026-10-06T16:29:53+00:00,"[""W03""]","[""series_status"",""collab_work""]"
v1-93a6a8b8d40e754a,1.0,2026-10-08T02:45:18+00:00,【'25Pカップランクイン】,idol_f0b34f52-342b-4fdd-8231-816605449447,郁田はるき,S,SSR,unit_8,コメティック,2025-04-15,event_reward,[],unknown,,,not_found,base,wiki_only,shinycolors_enza,85265065-0ae6-4632-ae12-e88c61e13fb0,85265065-0ae6-4632-ae12-e88c61e13fb0,2026-10-06T16:29:53+00:00,"[""W03""]","[""series_status"",""collab_work"",""wiki_url""]"
v1-93a6a8b8d40e754a,1.0,2026-10-08T02:45:18+00:00,【よそゆき顔のセレナーデ】,idol_52544385-3ea1-42e6-bb47-faff2c6f9b4f,桑山千雪,P,SR,unit_4,アルストロメリア,2019-01-21,event_reward,[],unknown,,https://wikiwiki.jp/shinycolors/%E3%80%90%E3%82%88%E3%81%9D%E3%82%86%E3%81%8D%E9%A1%94%E3%81%AE%E3%82%BB%E3%83%AC%E3%83%8A%E3%83%BC%E3%83%87%E3%80%91%E6%A1%91%E5%B1%B1%E5%8D%83%E9%9B%AA,observed,base,wiki_only,shinycolors_enza,8557006d-e62d-4d5e-9bf1-0151baf101b5,8557006d-e62d-4d5e-9bf1-0151baf101b5,2026-10-06T16:29:53+00:00,"[""W02""]","[""series_status"",""collab_work""]"
v1-93a6a8b8d40e754a,1.0,2026-10-08T02:45:18+00:00,【キン・コン】,idol_2,樋口円香,P,SSR,unit_6,ノクチル,2023-07-31,limited_gacha,[],unknown,,https://wikiwiki.jp/shinycolors/%E3%80%90%E3%82%AD%E3%83%B3%E3%83%BB%E3%82%B3%E3%83%B3%E3%80%91%E6%A8%8B%E5%8F%A3%E5%86%86%E9%A6%99,observed,base,wiki_only,shinycolors_enza,85ada94e-57d3-4244-bc6d-5a67eda984d2,85ada94e-57d3-4244-bc6d-5a67eda984d2,2026-10-06T16:29:53+00:00,"[""W02""]","[""series_status"",""collab_work""]"
v1-93a6a8b8d40e754a,1.0,2026-10-08T02:45:18+00:00,【great on U】,idol_72d6d5b6-dc2b-4e7c-90be-eb4770ba589b,市川雛菜,S,SR,unit_6,ノクチル,2025-11-29,event_reward,[],unknown,,https://wikiwiki.jp/shinycolors/%E3%80%90great%20on%20U%E3%80%91%E5%B8%82%E5%B7%9D%E9%9B%9B%E8%8F%9C,observed,base,wiki_only,shinycolors_enza,85ebe357-5d02-4f0e-80d1-f59c0771cd2c,85ebe357-5d02-4f0e-80d1-f59c0771cd2c,2026-10-06T16:29:53+00:00,"[""W03""]","[""series_status"",""collab_work""]"
v1-93a6a8b8d40e754a,1.0,2026-10-08T02:45:18+00:00,【ヴぇりべりいかシたサマー】,idol_736d3fca-9560-4156-96fc-66cc0159ea42,七草にちか,P,SSR,unit_7,シーズ,2021-06-30,limited_gacha,[],unknown,,https://wikiwiki.jp/shinycolors/%E3%80%90%E3%83%B4%E3%81%87%E3%82%8A%E3%81%B9%E3%82%8A%E3%81%84%E3%81%8B%E3%82%B7%E3%81%9F%E3%82%B5%E3%83%9E%E3%83%BC%E3%80%91%E4%B8%83%E8%8D%89%E3%81%AB%E3%81%A1%E3%81%8B,observed,base,wiki_only,shinycolors_enza,8689f77d-7a28-4b7e-847a-5bc26ec3388c,8689f77d-7a28-4b7e-847a-5bc26ec3388c,2026-10-06T16:29:53+00:00,"[""W02""]","[""series_status"",""collab_work""]"
v1-93a6a8b8d40e754a,1.0,2026-10-08T02:45:18+00:00,"【2,640のきせき】",idol_1,櫻木真乃,S,SSR,unit_1,イルミネーションスターズ,2023-09-11,permanent_gacha,[],unknown,,https://wikiwiki.jp/shinycolors/%E3%80%902%2C640%E3%81%AE%E3%81%8D%E3%81%9B%E3%81%8D%E3%80%91%E6%AB%BB%E6%9C%A8%E7%9C%9F%E4%B9%83,observed,base,wiki_only,shinycolors_enza,868ddc77-1259-40f3-9127-477dfa40a673,868ddc77-1259-40f3-9127-477dfa40a673,2026-10-06T16:29:53+00:00,"[""W03""]","[""series_status"",""collab_work""]"
v1-93a6a8b8d40e754a,1.0,2026-10-08T02:45:18+00:00,【ずっと・グッド・ラック】,idol_d4177c5c-4600-4381-b5da-758f87fc23d7,八宮めぐる,P,SSR,unit_1,イルミネーションスターズ,2023-01-31,collection_gacha,"[""mysongs""]",known,,https://wikiwiki.jp/shinycolors/%E3%80%90%E3%81%9A%E3%81%A3%E3%81%A8%E3%83%BB%E3%82%B0%E3%83%83%E3%83%89%E3%83%BB%E3%83%A9%E3%83%83%E3%82%AF%E3%80%91%E5%85%AB%E5%AE%AE%E3%82%81%E3%81%90%E3%82%8B,observed,base,wiki_only,shinycolors_enza,86964989-9755-4ce9-812a-949e1a755cbb,86964989-9755-4ce9-812a-949e1a755cbb,2026-10-06T16:29:53+00:00,"[""W02""]","[""collab_work""]"
v1-93a6a8b8d40e754a,1.0,2026-10-08T02:45:18+00:00,【白いツバサ】,idol_51651b60-7996-412b-bd16-5c1c3f3faebf,杜野凛世,P,R,unit_3,放課後クライマックスガールズ,2018-04-24,permanent_gacha,[],unknown,,https://wikiwiki.jp/shinycolors/%E3%80%90%E7%99%BD%E3%81%84%E3%83%84%E3%83%90%E3%82%B5%E3%80%91%E6%9D%9C%E9%87%8E%E5%87%9B%E4%B8%96,observed,base,wiki_only,shinycolors_enza,86b9e115-0c97-40cc-839e-328c96c1e6e2,86b9e115-0c97-40cc-839e-328c96c1e6e2,2026-10-06T16:29:53+00:00,"[""W02""]","[""series_status"",""collab_work""]"
v1-93a6a8b8d40e754a,1.0,2026-10-08T02:45:18+00:00,【好き、っていうのはね】,idol_52544385-3ea1-42e6-bb47-faff2c6f9b4f,桑山千雪,S,SR,unit_4,アルストロメリア,2021-03-22,permanent_gacha,[],unknown,,https://wikiwiki.jp/shinycolors/%E3%80%90%E5%A5%BD%E3%81%8D%E3%80%81%E3%81%A3%E3%81%A6%E3%81%84%E3%81%86%E3%81%AE%E3%81%AF%E3%81%AD%E3%80%91%E6%A1%91%E5%B1%B1%E5%8D%83%E9%9B%AA,observed,base,wiki_only,shinycolors_enza,86c0f541-36c8-4f0f-a53c-db98ce90d272,86c0f541-36c8-4f0f-a53c-db98ce90d272,2026-10-06T16:29:54+00:00,"[""W03""]","[""series_status"",""collab_work""]"
v1-93a6a8b8d40e754a,1.0,2026-10-08T02:45:18+00:00,【アイドルロード】,idol_a2f858c3-da6e-4d6f-b777-5367a2671399,黛冬優子,P,SSR,unit_5,ストレイライト,,mission,[],unknown,,https://wikiwiki.jp/shinycolors/%E3%80%90%E7%99%BD%E3%81%84%E3%83%84%E3%83%90%E3%82%B5%E3%80%91%E9%BB%9B%E5%86%AC%E5%84%AA%E5%AD%90,observed,idol_road_ssr,wiki_only,shinycolors_enza,86cb1657-e75a-4c8c-a6c8-d496b40988d8,efcbe7f5-8f8e-4488-86cd-383ac93508a2,2026-10-06T16:29:54+00:00,"[""W08""]","[""first_implemented_on"",""series_status"",""collab_work""]"
v1-93a6a8b8d40e754a,1.0,2026-10-08T02:45:18+00:00,【みんなと一緒に】,idol_df07e98b-12f2-4984-b8f6-8da0a47c0cc7,小宮果穂,S,SR,unit_3,放課後クライマックスガールズ,2024-04-27,gacha_bonus,[],unknown,,,not_found,base,wiki_only,shinycolors_enza,86d7bd54-f229-4b12-9be5-5ba7a47b3106,86d7bd54-f229-4b12-9be5-5ba7a47b3106,2026-10-06T16:29:54+00:00,"[""W03""]","[""series_status"",""collab_work"",""wiki_url""]"
v1-93a6a8b8d40e754a,1.0,2026-10-08T02:45:18+00:00,【はるさき可憐花】,idol_a2f858c3-da6e-4d6f-b777-5367a2671399,黛冬優子,P,SR,unit_5,ストレイライト,2021-04-12,event_reward,[],unknown,,https://wikiwiki.jp/shinycolors/%E3%80%90%E3%81%AF%E3%82%8B%E3%81%95%E3%81%8D%E5%8F%AF%E6%86%90%E8%8A%B1%E3%80%91%E9%BB%9B%E5%86%AC%E5%84%AA%E5%AD%90,observed,base,wiki_only,shinycolors_enza,86da7331-46e8-4515-ae1c-dd911fe6b7dd,86da7331-46e8-4515-ae1c-dd911fe6b7dd,2026-10-06T16:29:53+00:00,"[""W02""]","[""series_status"",""collab_work""]"
v1-93a6a8b8d40e754a,1.0,2026-10-08T02:45:18+00:00,【娘・娘・金・魚】,idol_e579db5c-0930-4984-aa40-ebe5a00e8a4f,幽谷霧子,S,SR,unit_2,アンティーカ,2018-07-20,permanent_gacha,[],unknown,,https://wikiwiki.jp/shinycolors/%E3%80%90%E5%A8%98%E3%83%BB%E5%A8%98%E3%83%BB%E9%87%91%E3%83%BB%E9%AD%9A%E3%80%91%E5%B9%BD%E8%B0%B7%E9%9C%A7%E5%AD%90,observed,base,wiki_only,shinycolors_enza,8703c650-e57a-4eb6-88db-37099c2c1d93,8703c650-e57a-4eb6-88db-37099c2c1d93,2026-10-06T16:29:54+00:00,"[""W03""]","[""series_status"",""collab_work""]"
v1-93a6a8b8d40e754a,1.0,2026-10-08T02:45:18+00:00,【お散歩サンライト】,idol_8c18b422-295c-4259-9e14-413685deb7f8,大崎甘奈,P,SSR,unit_4,アルストロメリア,2020-02-29,limited_gacha,[],unknown,,https://wikiwiki.jp/shinycolors/%E3%80%90%E3%81%8A%E6%95%A3%E6%AD%A9%E3%82%B5%E3%83%B3%E3%83%A9%E3%82%A4%E3%83%88%E3%80%91%E5%A4%A7%E5%B4%8E%E7%94%98%E5%A5%88,observed,base,wiki_only,shinycolors_enza,873fb04c-6f8b-42cb-8903-48858914cb2d,873fb04c-6f8b-42cb-8903-48858914cb2d,2026-10-06T16:29:53+00:00,"[""W02""]","[""series_status"",""collab_work""]"
v1-93a6a8b8d40e754a,1.0,2026-10-08T02:45:18+00:00,【国道沿いに、憶光年】,idol_3,浅倉透,P,SSR,unit_6,ノクチル,2022-05-31,limited_gacha,[],unknown,,https://wikiwiki.jp/shinycolors/%E3%80%90%E5%9B%BD%E9%81%93%E6%B2%BF%E3%81%84%E3%81%AB%E3%80%81%E6%86%B6%E5%85%89%E5%B9%B4%E3%80%91%E6%B5%85%E5%80%89%E9%80%8F,observed,base,wiki_only,shinycolors_enza,874f2305-650a-4e10-a0dc-d7657643d752,874f2305-650a-4e10-a0dc-d7657643d752,2026-10-06T16:29:53+00:00,"[""W02""]","[""series_status"",""collab_work""]"
v1-93a6a8b8d40e754a,1.0,2026-10-08T02:45:18+00:00,【七草はづきのプライベート】,idol_a1ecc291-124c-4aaa-8346-467a4386234b,七草はづき,S,SSR,,,2025-04-20,collection_gacha,"[""twilights""]",known,,https://wikiwiki.jp/shinycolors/%E3%80%90%E4%B8%83%E8%8D%89%E3%81%AF%E3%81%A5%E3%81%8D%E3%81%AE%E3%83%97%E3%83%A9%E3%82%A4%E3%83%99%E3%83%BC%E3%83%88%E3%80%91%E4%B8%83%E8%8D%89%E3%81%AF%E3%81%A5%E3%81%8D,observed,base,wiki_only,shinycolors_enza,879a96bd-c98f-4c88-81d6-5f9967fbf489,879a96bd-c98f-4c88-81d6-5f9967fbf489,2026-10-06T16:29:53+00:00,"[""W03""]","[""unit_id"",""unit_name"",""collab_work""]"
v1-93a6a8b8d40e754a,1.0,2026-10-08T02:45:18+00:00,【分光-2-】,idol_3,浅倉透,S,SSR,unit_6,ノクチル,2025-03-28,other_bonus,[],unknown,,https://wikiwiki.jp/shinycolors/%E3%80%90%E5%88%86%E5%85%89-2-%E3%80%91%E6%B5%85%E5%80%89%E9%80%8F,observed,base,wiki_only,shinycolors_enza,87ecdec3-ee31-428e-ad4c-541e5e62ef84,87ecdec3-ee31-428e-ad4c-541e5e62ef84,2026-10-06T16:33:42+00:00,"[""W03""]","[""series_status"",""collab_work""]"
v1-93a6a8b8d40e754a,1.0,2026-10-08T02:45:18+00:00,【不機嫌なテーマパーク】,idol_3c398182-7760-439e-8c77-3c09d173aa4c,芹沢あさひ,P,SSR,unit_5,ストレイライト,2020-11-20,permanent_gacha,[],unknown,,https://wikiwiki.jp/shinycolors/%E3%80%90%E4%B8%8D%E6%A9%9F%E5%AB%8C%E3%81%AA%E3%83%86%E3%83%BC%E3%83%9E%E3%83%91%E3%83%BC%E3%82%AF%E3%80%91%E8%8A%B9%E6%B2%A2%E3%81%82%E3%81%95%E3%81%B2,observed,base,wiki_only,shinycolors_enza,87f11f12-b43e-4d04-85d4-ab4048e7d5e6,87f11f12-b43e-4d04-85d4-ab4048e7d5e6,2026-10-06T16:29:53+00:00,"[""W02""]","[""series_status"",""collab_work""]"
v1-93a6a8b8d40e754a,1.0,2026-10-08T02:45:18+00:00,【淡雪の戯れ】,idol_0e2d3420-7295-4510-929d-01bf8378e12a,風野灯織,P,SSR,unit_1,イルミネーションスターズ,2018-11-30,permanent_gacha,[],unknown,,https://wikiwiki.jp/shinycolors/%E3%80%90%E6%B7%A1%E9%9B%AA%E3%81%AE%E6%88%AF%E3%82%8C%E3%80%91%E9%A2%A8%E9%87%8E%E7%81%AF%E7%B9%94,observed,base,wiki_only,shinycolors_enza,880c3380-0496-46b1-ab37-03d23612a420,880c3380-0496-46b1-ab37-03d23612a420,2026-10-06T16:29:53+00:00,"[""W02""]","[""series_status"",""collab_work""]"
v1-93a6a8b8d40e754a,1.0,2026-10-08T02:45:18+00:00,【みずになりかけ】,idol_3,浅倉透,S,SR,unit_6,ノクチル,2023-06-20,event_reward,[],unknown,,https://wikiwiki.jp/shinycolors/%E3%80%90%E3%81%BF%E3%81%9A%E3%81%AB%E3%81%AA%E3%82%8A%E3%81%8B%E3%81%91%E3%80%91%E6%B5%85%E5%80%89%E9%80%8F,observed,base,wiki_only,shinycolors_enza,8829ce19-5cbe-42db-89a4-fe163df21a30,8829ce19-5cbe-42db-89a4-fe163df21a30,2026-10-06T16:29:53+00:00,"[""W03""]","[""series_status"",""collab_work""]"
v1-93a6a8b8d40e754a,1.0,2026-10-08T02:45:18+00:00,【＠ストーリィズ】,idol_a2f858c3-da6e-4d6f-b777-5367a2671399,黛冬優子,S,SSR,unit_5,ストレイライト,2020-04-01,event_reward,[],unknown,,https://wikiwiki.jp/shinycolors/%E3%80%90%EF%BC%A0%E3%82%B9%E3%83%88%E3%83%BC%E3%83%AA%E3%82%A3%E3%82%BA%E3%80%91%E9%BB%9B%E5%86%AC%E5%84%AA%E5%AD%90,observed,base,wiki_only,shinycolors_enza,884f66a7-0b73-4e95-9443-f0697fe79a20,884f66a7-0b73-4e95-9443-f0697fe79a20,2026-10-06T16:29:53+00:00,"[""W03""]","[""series_status"",""collab_work""]"
v1-93a6a8b8d40e754a,1.0,2026-10-08T02:45:18+00:00,【ハ♡トフェルトゥギフト】,idol_1,櫻木真乃,P,SSR,unit_1,イルミネーションスターズ,2019-01-31,limited_gacha,[],unknown,,https://wikiwiki.jp/shinycolors/%E3%80%90%E3%83%8F%E3%83%88%E3%83%95%E3%82%A7%E3%83%AB%E3%83%88%E3%82%A5%E3%82%AE%E3%83%95%E3%83%88%E3%80%91%E6%AB%BB%E6%9C%A8%E7%9C%9F%E4%B9%83,observed,base,wiki_only,shinycolors_enza,887bbbd6-17a9-4bcc-8597-80386982c851,887bbbd6-17a9-4bcc-8597-80386982c851,2026-10-06T16:29:53+00:00,"[""W02""]","[""series_status"",""collab_work""]"
v1-93a6a8b8d40e754a,1.0,2026-10-08T02:45:18+00:00,【'25Pカップ】,idol_3,浅倉透,S,SR,unit_6,ノクチル,2025-04-15,event_reward,[],unknown,,https://wikiwiki.jp/shinycolors/%E3%80%90%2725P%E3%82%AB%E3%83%83%E3%83%97%E3%80%91%E6%B5%85%E5%80%89%E9%80%8F,observed,base,wiki_only,shinycolors_enza,88a5708d-9e97-42ee-848e-259cbb4aad8d,88a5708d-9e97-42ee-848e-259cbb4aad8d,2026-10-06T16:29:53+00:00,"[""W03""]","[""series_status"",""collab_work""]"
v1-93a6a8b8d40e754a,1.0,2026-10-08T02:45:18+00:00,【混ざりあえば新しい光】,idol_813a7356-e821-43e7-b25f-c104ca28870d,西城樹里,S,SR,unit_3,放課後クライマックスガールズ,2024-10-19,campaign,[],unknown,,https://wikiwiki.jp/shinycolors/%E3%80%90%E6%B7%B7%E3%81%96%E3%82%8A%E3%81%82%E3%81%88%E3%81%B0%E6%96%B0%E3%81%97%E3%81%84%E5%85%89%E3%80%91%E8%A5%BF%E5%9F%8E%E6%A8%B9%E9%87%8C,observed,base,wiki_only,shinycolors_enza,88b4942b-9e9c-4630-9fba-be43f0455bb8,88b4942b-9e9c-4630-9fba-be43f0455bb8,2026-10-06T16:29:54+00:00,"[""W03""]","[""series_status"",""collab_work""]"
v1-93a6a8b8d40e754a,1.0,2026-10-08T02:45:18+00:00,【浪漫キャメラ0号】,idol_736d3fca-9560-4156-96fc-66cc0159ea42,七草にちか,S,SSR,unit_7,シーズ,2021-12-10,limited_gacha,[],unknown,,https://wikiwiki.jp/shinycolors/%E3%80%90%E6%B5%AA%E6%BC%AB%E3%82%AD%E3%83%A3%E3%83%A1%E3%83%A90%E5%8F%B7%E3%80%91%E4%B8%83%E8%8D%89%E3%81%AB%E3%81%A1%E3%81%8B,observed,base,wiki_only,shinycolors_enza,88cf0620-42aa-4839-82c5-c8d2e81c26a8,88cf0620-42aa-4839-82c5-c8d2e81c26a8,2026-10-06T16:29:53+00:00,"[""W03""]","[""series_status"",""collab_work""]"
v1-93a6a8b8d40e754a,1.0,2026-10-08T02:45:18+00:00,【白いツバサ】,idol_736d3fca-9560-4156-96fc-66cc0159ea42,七草にちか,P,SR,unit_7,シーズ,,mission,[],unknown,,https://wikiwiki.jp/shinycolors/%E3%80%90%E7%99%BD%E3%81%84%E3%83%84%E3%83%90%E3%82%B5%E3%80%91%E4%B8%83%E8%8D%89%E3%81%AB%E3%81%A1%E3%81%8B,observed,idol_road_sr,wiki_only,shinycolors_enza,88ffc036-4f50-4869-b5a2-f9fef2c7b258,9ae4b586-6a89-4c43-ba77-9002e093db4b,2026-10-06T16:29:54+00:00,"[""W08""]","[""first_implemented_on"",""series_status"",""collab_work""]"
v1-93a6a8b8d40e754a,1.0,2026-10-08T02:45:18+00:00,【Sr×Ba×Cu=】,idol_92b8326c-72f5-4a2e-8581-7110738045f3,有栖川夏葉,S,SSR,unit_3,放課後クライマックスガールズ,2020-07-21,limited_gacha,[],unknown,,https://wikiwiki.jp/shinycolors/%E3%80%90Sr%C3%97Ba%C3%97Cu%3D%E3%80%91%E6%9C%89%E6%A0%96%E5%B7%9D%E5%A4%8F%E8%91%89,observed,base,wiki_only,shinycolors_enza,892dbb14-42bc-489a-a14d-4642ecf8ca66,892dbb14-42bc-489a-a14d-4642ecf8ca66,2026-10-06T16:29:53+00:00,"[""W03""]","[""series_status"",""collab_work""]"
v1-93a6a8b8d40e754a,1.0,2026-10-08T02:45:18+00:00,【そらあいスウィング】,idol_d4177c5c-4600-4381-b5da-758f87fc23d7,八宮めぐる,P,SSR,unit_1,イルミネーションスターズ,2024-11-29,collection_gacha,"[""parallel""]",known,,https://wikiwiki.jp/shinycolors/%E3%80%90%E3%81%9D%E3%82%89%E3%81%82%E3%81%84%E3%82%B9%E3%82%A6%E3%82%A3%E3%83%B3%E3%82%B0%E3%80%91%E5%85%AB%E5%AE%AE%E3%82%81%E3%81%90%E3%82%8B,observed,base,wiki_only,shinycolors_enza,89a3ba57-32e7-43dd-a30d-99942b30ede8,89a3ba57-32e7-43dd-a30d-99942b30ede8,2026-10-06T16:29:53+00:00,"[""W02""]","[""collab_work""]"
v1-93a6a8b8d40e754a,1.0,2026-10-08T02:45:18+00:00,【照らしあう景色】,idol_7,園田智代子,S,SR,unit_3,放課後クライマックスガールズ,2024-05-25,campaign,[],unknown,,https://wikiwiki.jp/shinycolors/%E3%80%90%E7%85%A7%E3%82%89%E3%81%97%E3%81%82%E3%81%86%E6%99%AF%E8%89%B2%E3%80%91%E5%9C%92%E7%94%B0%E6%99%BA%E4%BB%A3%E5%AD%90,observed,base,wiki_only,shinycolors_enza,89ecc620-a38f-4e89-9943-5ff6b311edcf,89ecc620-a38f-4e89-9943-5ff6b311edcf,2026-10-06T16:29:54+00:00,"[""W03""]","[""series_status"",""collab_work""]"
v1-93a6a8b8d40e754a,1.0,2026-10-08T02:45:18+00:00,【賑やか四畳半】,idol_81093365-1df1-4e6c-a252-27625c47ab96,三峰結華,S,SSR,unit_2,アンティーカ,2019-10-21,limited_gacha,[],unknown,,https://wikiwiki.jp/shinycolors/%E3%80%90%E8%B3%91%E3%82%84%E3%81%8B%E5%9B%9B%E7%95%B3%E5%8D%8A%E3%80%91%E4%B8%89%E5%B3%B0%E7%B5%90%E8%8F%AF,observed,base,wiki_only,shinycolors_enza,8a08f6c4-f115-42cb-b12f-3236d7ebf17f,8a08f6c4-f115-42cb-b12f-3236d7ebf17f,2026-10-06T16:29:53+00:00,"[""W03""]","[""series_status"",""collab_work""]"
v1-93a6a8b8d40e754a,1.0,2026-10-08T02:45:18+00:00,【キネマ・リリックで夢見て】,idol_d4177c5c-4600-4381-b5da-758f87fc23d7,八宮めぐる,P,SR,unit_1,イルミネーションスターズ,2018-09-20,event_reward,[],unknown,,https://wikiwiki.jp/shinycolors/%E3%80%90%E3%82%AD%E3%83%8D%E3%83%9E%E3%83%BB%E3%83%AA%E3%83%AA%E3%83%83%E3%82%AF%E3%81%A7%E5%A4%A2%E8%A6%8B%E3%81%A6%E3%80%91%E5%85%AB%E5%AE%AE%E3%82%81%E3%81%90%E3%82%8B,observed,base,wiki_only,shinycolors_enza,8a1f2048-6b22-4572-a1e2-070398f11a46,8a1f2048-6b22-4572-a1e2-070398f11a46,2026-10-06T16:29:53+00:00,"[""W02""]","[""series_status"",""collab_work""]"
v1-93a6a8b8d40e754a,1.0,2026-10-08T02:45:18+00:00,【はずむ息、夜を縫って】,idol_813a7356-e821-43e7-b25f-c104ca28870d,西城樹里,S,SSR,unit_3,放課後クライマックスガールズ,2022-11-10,permanent_gacha,[],unknown,,https://wikiwiki.jp/shinycolors/%E3%80%90%E3%81%AF%E3%81%9A%E3%82%80%E6%81%AF%E3%80%81%E5%A4%9C%E3%82%92%E7%B8%AB%E3%81%A3%E3%81%A6%E3%80%91%E8%A5%BF%E5%9F%8E%E6%A8%B9%E9%87%8C,observed,base,wiki_only,shinycolors_enza,8a628b6f-2a56-4270-9963-c0346076cca7,8a628b6f-2a56-4270-9963-c0346076cca7,2026-10-06T16:29:53+00:00,"[""W03""]","[""series_status"",""collab_work""]"
v1-93a6a8b8d40e754a,1.0,2026-10-08T02:45:18+00:00,【初風Nostalgia】,idol_8c18b422-295c-4259-9e14-413685deb7f8,大崎甘奈,S,SR,unit_4,アルストロメリア,2022-09-10,event_reward,[],unknown,,https://wikiwiki.jp/shinycolors/%E3%80%90%E5%88%9D%E9%A2%A8Nostalgia%E3%80%91%E5%A4%A7%E5%B4%8E%E7%94%98%E5%A5%88,observed,base,wiki_only,shinycolors_enza,8a6a48d1-53b4-4fbb-8cd1-8ea30b007009,8a6a48d1-53b4-4fbb-8cd1-8ea30b007009,2026-10-06T16:29:53+00:00,"[""W03""]","[""series_status"",""collab_work""]"
v1-93a6a8b8d40e754a,1.0,2026-10-08T02:45:18+00:00,【キャプテン★パンプキン】,idol_d4177c5c-4600-4381-b5da-758f87fc23d7,八宮めぐる,S,SSR,unit_1,イルミネーションスターズ,2018-09-30,event_reward,[],unknown,,https://wikiwiki.jp/shinycolors/%E3%80%90%E3%82%AD%E3%83%A3%E3%83%97%E3%83%86%E3%83%B3%E2%98%85%E3%83%91%E3%83%B3%E3%83%97%E3%82%AD%E3%83%B3%E3%80%91%E5%85%AB%E5%AE%AE%E3%82%81%E3%81%90%E3%82%8B,observed,base,wiki_only,shinycolors_enza,8aaae107-26f7-4ce7-90cb-0ce3832d8121,8aaae107-26f7-4ce7-90cb-0ce3832d8121,2026-10-06T16:29:53+00:00,"[""W03""]","[""series_status"",""collab_work""]"
v1-93a6a8b8d40e754a,1.0,2026-10-08T02:45:18+00:00,【不意】,idol_0c19be81-d3e3-4383-b5d4-0a94b290dba9,斑鳩ルカ,S,SR,unit_8,コメティック,2025-08-30,event_reward,[],unknown,,https://wikiwiki.jp/shinycolors/%E3%80%90%E4%B8%8D%E6%84%8F%E3%80%91%E6%96%91%E9%B3%A9%E3%83%AB%E3%82%AB,observed,base,wiki_only,shinycolors_enza,8ae86ed0-d246-487a-81a2-a80a7d2ef167,8ae86ed0-d246-487a-81a2-a80a7d2ef167,2026-10-06T16:29:53+00:00,"[""W03""]","[""series_status"",""collab_work""]"
v1-93a6a8b8d40e754a,1.0,2026-10-08T02:45:18+00:00,【ドゥワッチャラブ！】,idol_52544385-3ea1-42e6-bb47-faff2c6f9b4f,桑山千雪,S,SSR,unit_4,アルストロメリア,2020-02-29,event_reward,[],unknown,,https://wikiwiki.jp/shinycolors/%E3%80%90%E3%83%89%E3%82%A5%E3%83%AF%E3%83%83%E3%83%81%E3%83%A3%E3%83%A9%E3%83%96%EF%BC%81%E3%80%91%E6%A1%91%E5%B1%B1%E5%8D%83%E9%9B%AA,observed,base,wiki_only,shinycolors_enza,8aed25c1-07a2-403c-a453-9389b852d44d,8aed25c1-07a2-403c-a453-9389b852d44d,2026-10-06T16:29:53+00:00,"[""W03""]","[""series_status"",""collab_work""]"
v1-93a6a8b8d40e754a,1.0,2026-10-08T02:45:18+00:00,【日々の灯り】,idol_813a7356-e821-43e7-b25f-c104ca28870d,西城樹里,S,SSR,unit_3,放課後クライマックスガールズ,2022-10-31,event_reward,[],unknown,,https://wikiwiki.jp/shinycolors/%E3%80%90%E6%97%A5%E3%80%85%E3%81%AE%E7%81%AF%E3%82%8A%E3%80%91%E8%A5%BF%E5%9F%8E%E6%A8%B9%E9%87%8C,observed,base,wiki_only,shinycolors_enza,8afe63e9-6abe-4fea-a32a-99a2c32c1454,8afe63e9-6abe-4fea-a32a-99a2c32c1454,2026-10-06T16:29:53+00:00,"[""W03""]","[""series_status"",""collab_work""]"
v1-93a6a8b8d40e754a,1.0,2026-10-08T02:45:18+00:00,【てやんでぇ】,idol_3,浅倉透,S,SSR,unit_6,ノクチル,2024-04-02,collection_gacha,"[""twilights""]",known,,https://wikiwiki.jp/shinycolors/%E3%80%90%E3%81%A6%E3%82%84%E3%82%93%E3%81%A7%E3%81%87%E3%80%91%E6%B5%85%E5%80%89%E9%80%8F,observed,base,wiki_only,shinycolors_enza,8b02622b-1f92-4d2d-a9da-f98c395625a3,8b02622b-1f92-4d2d-a9da-f98c395625a3,2026-10-06T16:29:53+00:00,"[""W03""]","[""collab_work""]"
v1-93a6a8b8d40e754a,1.0,2026-10-08T02:45:18+00:00,【Over the prism】,idol_7,園田智代子,S,SR,unit_3,放課後クライマックスガールズ,2025-03-02,gacha_bonus,[],unknown,,https://wikiwiki.jp/shinycolors/%E3%80%90Over%20the%20prism%E3%80%91%E5%9C%92%E7%94%B0%E6%99%BA%E4%BB%A3%E5%AD%90,observed,base,wiki_only,shinycolors_enza,8b0598b7-eebd-40c5-8767-cc82d063d37a,8b0598b7-eebd-40c5-8767-cc82d063d37a,2026-10-06T16:29:53+00:00,"[""W03""]","[""series_status"",""collab_work""]"
v1-93a6a8b8d40e754a,1.0,2026-10-08T02:45:18+00:00,【秋、どがんね～？】,idol_e91e6363-2dc9-42c1-bbf1-a759e797c2d1,月岡恋鐘,S,SR,unit_2,アンティーカ,2019-10-11,event_reward,[],unknown,,https://wikiwiki.jp/shinycolors/%E3%80%90%E7%A7%8B%E3%80%81%E3%81%A9%E3%81%8C%E3%82%93%E3%81%AD%EF%BD%9E%EF%BC%9F%E3%80%91%E6%9C%88%E5%B2%A1%E6%81%8B%E9%90%98,observed,base,wiki_only,shinycolors_enza,8b7044ff-3791-45f8-a465-bb9a9a6001d3,8b7044ff-3791-45f8-a465-bb9a9a6001d3,2026-10-06T16:29:53+00:00,"[""W03""]","[""series_status"",""collab_work""]"
v1-93a6a8b8d40e754a,1.0,2026-10-08T02:45:18+00:00,【なるんじゃん？】,idol_786e9b98-d1e4-4419-a69a-3281d07dd4fb,和泉愛依,S,SSR,unit_5,ストレイライト,2019-06-30,event_reward,[],unknown,,https://wikiwiki.jp/shinycolors/%E3%80%90%E3%81%AA%E3%82%8B%E3%82%93%E3%81%98%E3%82%83%E3%82%93%EF%BC%9F%E3%80%91%E5%92%8C%E6%B3%89%E6%84%9B%E4%BE%9D,observed,base,wiki_only,shinycolors_enza,8b9b304c-f6e3-4cf6-b101-8cb8436c103d,8b9b304c-f6e3-4cf6-b101-8cb8436c103d,2026-10-06T16:29:53+00:00,"[""W03""]","[""series_status"",""collab_work""]"
v1-93a6a8b8d40e754a,1.0,2026-10-08T02:45:18+00:00,【アイドルロード】,idol_e91e6363-2dc9-42c1-bbf1-a759e797c2d1,月岡恋鐘,P,SSR,unit_2,アンティーカ,,mission,[],unknown,,https://wikiwiki.jp/shinycolors/%E3%80%90%E7%99%BD%E3%81%84%E3%83%84%E3%83%90%E3%82%B5%E3%80%91%E6%9C%88%E5%B2%A1%E6%81%8B%E9%90%98,observed,idol_road_ssr,wiki_only,shinycolors_enza,8c5630aa-4055-44e5-88bc-5f50c49aa4b9,c9ed72de-f47f-4847-93d7-02bc9abedd1c,2026-10-06T16:29:54+00:00,"[""W08""]","[""first_implemented_on"",""series_status"",""collab_work""]"
v1-93a6a8b8d40e754a,1.0,2026-10-08T02:45:18+00:00,【それぞれのネガイ】,idol_52544385-3ea1-42e6-bb47-faff2c6f9b4f,桑山千雪,S,SSR,unit_4,アルストロメリア,2026-04-29,event_reward,[],unknown,,https://wikiwiki.jp/shinycolors/%E3%80%90%E3%81%9D%E3%82%8C%E3%81%9E%E3%82%8C%E3%81%AE%E3%83%8D%E3%82%AC%E3%82%A4%E3%80%91%E6%A1%91%E5%B1%B1%E5%8D%83%E9%9B%AA,observed,base,wiki_only,shinycolors_enza,8c6b20e1-9132-4f11-be21-fc61b8291bc1,8c6b20e1-9132-4f11-be21-fc61b8291bc1,2026-10-06T16:29:53+00:00,"[""W03""]","[""series_status"",""collab_work""]"
v1-93a6a8b8d40e754a,1.0,2026-10-08T02:45:18+00:00,【騎士団のヴェール】,idol_6,田中摩美々,S,SSR,unit_2,アンティーカ,2025-12-28,gacha_bonus,[],unknown,,https://wikiwiki.jp/shinycolors/%E3%80%90%E9%A8%8E%E5%A3%AB%E5%9B%A3%E3%81%AE%E3%83%B4%E3%82%A7%E3%83%BC%E3%83%AB%E3%80%91%E7%94%B0%E4%B8%AD%E6%91%A9%E7%BE%8E%E3%80%85,observed,base,wiki_only,shinycolors_enza,8c852dfc-5e84-4af1-b0fe-0af011fa2f17,8c852dfc-5e84-4af1-b0fe-0af011fa2f17,2026-10-06T16:29:53+00:00,"[""W03""]","[""series_status"",""collab_work""]"
v1-93a6a8b8d40e754a,1.0,2026-10-08T02:45:18+00:00,【鳥籠をひらいて】,idol_92b8326c-72f5-4a2e-8581-7110738045f3,有栖川夏葉,P,SR,unit_3,放課後クライマックスガールズ,2020-05-13,permanent_gacha,[],unknown,,https://wikiwiki.jp/shinycolors/%E3%80%90%E9%B3%A5%E7%B1%A0%E3%82%92%E3%81%B2%E3%82%89%E3%81%84%E3%81%A6%E3%80%91%E6%9C%89%E6%A0%96%E5%B7%9D%E5%A4%8F%E8%91%89,observed,base,wiki_only,shinycolors_enza,8cca8bfa-0543-43f2-9d7e-c25903687307,8cca8bfa-0543-43f2-9d7e-c25903687307,2026-10-06T16:29:53+00:00,"[""W02""]","[""series_status"",""collab_work""]"
v1-93a6a8b8d40e754a,1.0,2026-10-08T02:45:18+00:00,【You’re My Dream】,idol_7,園田智代子,P,SSR,unit_3,放課後クライマックスガールズ,2020-04-10,permanent_gacha,[],unknown,,https://wikiwiki.jp/shinycolors/%E3%80%90You%E2%80%99re%20My%20Dream%E3%80%91%E5%9C%92%E7%94%B0%E6%99%BA%E4%BB%A3%E5%AD%90,observed,base,wiki_only,shinycolors_enza,8cd1c15a-f3e9-4b11-a68c-85512576bead,8cd1c15a-f3e9-4b11-a68c-85512576bead,2026-10-06T16:29:53+00:00,"[""W02""]","[""series_status"",""collab_work""]"
v1-93a6a8b8d40e754a,1.0,2026-10-08T02:45:18+00:00,【余白のページ】,idol_b1cc8f6f-feab-4add-b5d9-d8777add7f60,大崎甜花,S,SR,unit_4,アルストロメリア,2024-04-18,event_reward,[],unknown,,https://wikiwiki.jp/shinycolors/%E3%80%90%E4%BD%99%E7%99%BD%E3%81%AE%E3%83%9A%E3%83%BC%E3%82%B8%E3%80%91%E5%A4%A7%E5%B4%8E%E7%94%9C%E8%8A%B1,observed,base,wiki_only,shinycolors_enza,8cea90db-1681-4907-bed2-65f96ee9a0bb,8cea90db-1681-4907-bed2-65f96ee9a0bb,2026-10-06T16:29:53+00:00,"[""W03""]","[""series_status"",""collab_work""]"
v1-93a6a8b8d40e754a,1.0,2026-10-08T02:45:18+00:00,【迷走チョコロード】,idol_7,園田智代子,S,SR,unit_3,放課後クライマックスガールズ,2018-04-24,permanent_gacha,[],unknown,,https://wikiwiki.jp/shinycolors/%E3%80%90%E8%BF%B7%E8%B5%B0%E3%83%81%E3%83%A7%E3%82%B3%E3%83%AD%E3%83%BC%E3%83%89%E3%80%91%E5%9C%92%E7%94%B0%E6%99%BA%E4%BB%A3%E5%AD%90,observed,base,wiki_only,shinycolors_enza,8cfb4ff1-5b77-4137-b7fa-860c8df9cbb5,8cfb4ff1-5b77-4137-b7fa-860c8df9cbb5,2026-10-06T16:29:54+00:00,"[""W03""]","[""series_status"",""collab_work""]"
v1-93a6a8b8d40e754a,1.0,2026-10-08T02:45:18+00:00,【20th ORCHESTRA】,idol_3,浅倉透,S,SSR,unit_6,ノクチル,2025-07-21,limited_gacha,[],unknown,,https://wikiwiki.jp/shinycolors/%E3%80%9020th%20ORCHESTRA%E3%80%91%E6%B5%85%E5%80%89%E9%80%8F,observed,base,wiki_only,shinycolors_enza,8cfd7501-7bce-40e3-bbcf-a7e01c40ffca,8cfd7501-7bce-40e3-bbcf-a7e01c40ffca,2026-10-06T16:29:53+00:00,"[""W03""]","[""series_status"",""collab_work""]"
v1-93a6a8b8d40e754a,1.0,2026-10-08T02:45:18+00:00,【おあがり←くらいまっくす】,idol_7,園田智代子,S,SSR,unit_3,放課後クライマックスガールズ,2020-01-31,limited_gacha,[],unknown,,https://wikiwiki.jp/shinycolors/%E3%80%90%E3%81%8A%E3%81%82%E3%81%8C%E3%82%8A%E2%86%90%E3%81%8F%E3%82%89%E3%81%84%E3%81%BE%E3%81%A3%E3%81%8F%E3%81%99%E3%80%91%E5%9C%92%E7%94%B0%E6%99%BA%E4%BB%A3%E5%AD%90,observed,base,wiki_only,shinycolors_enza,8daa0cae-a884-45e7-bb4e-887a65bcc956,8daa0cae-a884-45e7-bb4e-887a65bcc956,2026-10-06T16:29:53+00:00,"[""W03""]","[""series_status"",""collab_work""]"
v1-93a6a8b8d40e754a,1.0,2026-10-08T02:45:18+00:00,【COSTUME GALLERY】,idol_0c19be81-d3e3-4383-b5d4-0a94b290dba9,斑鳩ルカ,S,SR,unit_8,コメティック,2025-03-22,gacha_bonus,[],unknown,,,not_found,base,wiki_only,shinycolors_enza,8db35350-8c60-4c0b-b1c4-700358f30c0e,8db35350-8c60-4c0b-b1c4-700358f30c0e,2026-10-06T16:29:53+00:00,"[""W03""]","[""series_status"",""collab_work"",""wiki_url""]"
v1-93a6a8b8d40e754a,1.0,2026-10-08T02:45:18+00:00,【283プロのヒナ】,idol_736d3fca-9560-4156-96fc-66cc0159ea42,七草にちか,S,R,unit_7,シーズ,2021-04-30,permanent_gacha,[],unknown,,https://wikiwiki.jp/shinycolors/%E3%80%90283%E3%83%97%E3%83%AD%E3%81%AE%E3%83%92%E3%83%8A%E3%80%91%E4%B8%83%E8%8D%89%E3%81%AB%E3%81%A1%E3%81%8B,observed,base,wiki_only,shinycolors_enza,8dc994d2-73c4-42dc-bc2c-c36fa853097a,8dc994d2-73c4-42dc-bc2c-c36fa853097a,2026-10-06T16:29:54+00:00,"[""W03""]","[""series_status"",""collab_work""]"
v1-93a6a8b8d40e754a,1.0,2026-10-08T02:45:18+00:00,【心に住む人】,idol_81093365-1df1-4e6c-a252-27625c47ab96,三峰結華,S,SSR,unit_2,アンティーカ,2022-02-28,limited_gacha,[],unknown,,https://wikiwiki.jp/shinycolors/%E3%80%90%E5%BF%83%E3%81%AB%E4%BD%8F%E3%82%80%E4%BA%BA%E3%80%91%E4%B8%89%E5%B3%B0%E7%B5%90%E8%8F%AF,observed,base,wiki_only,shinycolors_enza,8dcadce7-ed1e-4f00-8400-3d7b67ee17c2,8dcadce7-ed1e-4f00-8400-3d7b67ee17c2,2026-10-06T16:29:53+00:00,"[""W03""]","[""series_status"",""collab_work""]"
v1-93a6a8b8d40e754a,1.0,2026-10-08T02:45:18+00:00,【綿毛ノ想】,idol_e579db5c-0930-4984-aa40-ebe5a00e8a4f,幽谷霧子,S,SR,unit_2,アンティーカ,2018-04-24,permanent_gacha,[],unknown,,https://wikiwiki.jp/shinycolors/%E3%80%90%E7%B6%BF%E6%AF%9B%E3%83%8E%E6%83%B3%E3%80%91%E5%B9%BD%E8%B0%B7%E9%9C%A7%E5%AD%90,observed,base,wiki_only,shinycolors_enza,8e3057e4-c36b-4135-b578-7c2aadcfb209,8e3057e4-c36b-4135-b578-7c2aadcfb209,2026-10-06T16:29:54+00:00,"[""W03""]","[""series_status"",""collab_work""]"
v1-93a6a8b8d40e754a,1.0,2026-10-08T02:45:18+00:00,【カラーズキャッチ！】,idol_df07e98b-12f2-4984-b8f6-8da0a47c0cc7,小宮果穂,P,SSR,unit_3,放課後クライマックスガールズ,2023-08-15,collection_gacha,"[""mysongs""]",known,,https://wikiwiki.jp/shinycolors/%E3%80%90%E3%82%AB%E3%83%A9%E3%83%BC%E3%82%BA%E3%82%AD%E3%83%A3%E3%83%83%E3%83%81%EF%BC%81%E3%80%91%E5%B0%8F%E5%AE%AE%E6%9E%9C%E7%A9%82,observed,base,wiki_only,shinycolors_enza,8e5f0e89-9ced-4a2b-ac18-3ec49532e2dd,8e5f0e89-9ced-4a2b-ac18-3ec49532e2dd,2026-10-06T16:29:53+00:00,"[""W02""]","[""collab_work""]"
v1-93a6a8b8d40e754a,1.0,2026-10-08T02:45:18+00:00,【OPEN the New world】,idol_92b8326c-72f5-4a2e-8581-7110738045f3,有栖川夏葉,S,SSR,unit_3,放課後クライマックスガールズ,2024-10-26,gacha_bonus,[],unknown,,https://wikiwiki.jp/shinycolors/%E3%80%90OPEN%20the%20New%20world%E3%80%91%E6%9C%89%E6%A0%96%E5%B7%9D%E5%A4%8F%E8%91%89,observed,base,wiki_only,shinycolors_enza,8e7bf9eb-39c5-477a-8b02-b27b4588259a,8e7bf9eb-39c5-477a-8b02-b27b4588259a,2026-10-06T16:29:53+00:00,"[""W03""]","[""series_status"",""collab_work""]"
v1-93a6a8b8d40e754a,1.0,2026-10-08T02:45:18+00:00,【化けストロメリア】,idol_b1cc8f6f-feab-4add-b5d9-d8777add7f60,大崎甜花,S,SR,unit_4,アルストロメリア,2024-10-26,gacha_bonus,[],unknown,,https://wikiwiki.jp/shinycolors/%E3%80%90%E5%8C%96%E3%81%91%E3%82%B9%E3%83%88%E3%83%AD%E3%83%A1%E3%83%AA%E3%82%A2%E3%80%91%E5%A4%A7%E5%B4%8E%E7%94%9C%E8%8A%B1,observed,base,wiki_only,shinycolors_enza,8eff17b3-85f8-451e-9be9-69f97a55ff55,8eff17b3-85f8-451e-9be9-69f97a55ff55,2026-10-06T16:29:54+00:00,"[""W03""]","[""series_status"",""collab_work""]"
v1-93a6a8b8d40e754a,1.0,2026-10-08T02:45:18+00:00,【スペンサー家の日常】,idol_8c18b422-295c-4259-9e14-413685deb7f8,大崎甘奈,S,SSR,unit_4,アルストロメリア,2021-01-31,limited_gacha,[],unknown,,https://wikiwiki.jp/shinycolors/%E3%80%90%E3%82%B9%E3%83%9A%E3%83%B3%E3%82%B5%E3%83%BC%E5%AE%B6%E3%81%AE%E6%97%A5%E5%B8%B8%E3%80%91%E5%A4%A7%E5%B4%8E%E7%94%98%E5%A5%88,observed,base,wiki_only,shinycolors_enza,8f1805ca-d562-4d7e-8b7e-9a8afda71f4f,8f1805ca-d562-4d7e-8b7e-9a8afda71f4f,2026-10-06T16:29:53+00:00,"[""W03""]","[""series_status"",""collab_work""]"
v1-93a6a8b8d40e754a,1.0,2026-10-08T02:45:18+00:00,【遠き明滅】,idol_f0b34f52-342b-4fdd-8231-816605449447,郁田はるき,S,SSR,unit_8,コメティック,2024-05-09,permanent_gacha,[],unknown,,https://wikiwiki.jp/shinycolors/%E3%80%90%E9%81%A0%E3%81%8D%E6%98%8E%E6%BB%85%E3%80%91%E9%83%81%E7%94%B0%E3%81%AF%E3%82%8B%E3%81%8D,observed,base,wiki_only,shinycolors_enza,8f715336-2148-4e83-855d-de6d457be4b2,8f715336-2148-4e83-855d-de6d457be4b2,2026-10-06T16:29:53+00:00,"[""W03""]","[""series_status"",""collab_work""]"
v1-93a6a8b8d40e754a,1.0,2026-10-08T02:45:18+00:00,【283プロのヒナ】,idol_2,樋口円香,S,R,unit_6,ノクチル,2020-04-13,permanent_gacha,[],unknown,,https://wikiwiki.jp/shinycolors/%E3%80%90283%E3%83%97%E3%83%AD%E3%81%AE%E3%83%92%E3%83%8A%E3%80%91%E6%A8%8B%E5%8F%A3%E5%86%86%E9%A6%99,observed,base,wiki_only,shinycolors_enza,8f78af8f-afcb-480e-a7b8-1ff8b0a624e0,8f78af8f-afcb-480e-a7b8-1ff8b0a624e0,2026-10-06T16:29:54+00:00,"[""W03""]","[""series_status"",""collab_work""]"
v1-93a6a8b8d40e754a,1.0,2026-10-08T02:45:18+00:00,【空は澄み、今を越えて。】,idol_e91e6363-2dc9-42c1-bbf1-a759e797c2d1,月岡恋鐘,S,SR,unit_2,アンティーカ,2022-04-24,gacha_bonus,[],unknown,,https://wikiwiki.jp/shinycolors/%E3%80%90%E7%A9%BA%E3%81%AF%E6%BE%84%E3%81%BF%E3%80%81%E4%BB%8A%E3%82%92%E8%B6%8A%E3%81%88%E3%81%A6%E3%80%82%E3%80%91%E6%9C%88%E5%B2%A1%E6%81%8B%E9%90%98,observed,base,wiki_only,shinycolors_enza,8f8f1259-3feb-4a34-b8fa-2bf14e7d5404,8f8f1259-3feb-4a34-b8fa-2bf14e7d5404,2026-10-06T16:29:54+00:00,"[""W03""]","[""series_status"",""collab_work""]"
v1-93a6a8b8d40e754a,1.0,2026-10-08T02:45:18+00:00,【包・帯・組・曲】,idol_e579db5c-0930-4984-aa40-ebe5a00e8a4f,幽谷霧子,P,SR,unit_2,アンティーカ,2018-04-24,permanent_gacha,[],unknown,,https://wikiwiki.jp/shinycolors/%E3%80%90%E5%8C%85%E3%83%BB%E5%B8%AF%E3%83%BB%E7%B5%84%E3%83%BB%E6%9B%B2%E3%80%91%E5%B9%BD%E8%B0%B7%E9%9C%A7%E5%AD%90,observed,base,wiki_only,shinycolors_enza,8faf72ee-4ccd-4aa6-a29a-480f974faba3,8faf72ee-4ccd-4aa6-a29a-480f974faba3,2026-10-06T16:29:53+00:00,"[""W02""]","[""series_status"",""collab_work""]"
v1-93a6a8b8d40e754a,1.0,2026-10-08T02:45:18+00:00,【メリー・バースデー！】,idol_b1cc8f6f-feab-4add-b5d9-d8777add7f60,大崎甜花,S,SSR,unit_4,アルストロメリア,2025-12-25,limited_gacha,"[""birthday""]",known,,https://wikiwiki.jp/shinycolors/%E3%80%90%E3%83%A1%E3%83%AA%E3%83%BC%E3%83%BB%E3%83%90%E3%83%BC%E3%82%B9%E3%83%87%E3%83%BC%EF%BC%81%E3%80%91%E5%A4%A7%E5%B4%8E%E7%94%9C%E8%8A%B1,observed,base,wiki_only,shinycolors_enza,900c90e0-1551-499b-80e9-103d5a973d7e,900c90e0-1551-499b-80e9-103d5a973d7e,2026-10-06T16:29:53+00:00,"[""W03""]","[""collab_work""]"
v1-93a6a8b8d40e754a,1.0,2026-10-08T02:45:18+00:00,【Makeup♡Box】,idol_72d6d5b6-dc2b-4e7c-90be-eb4770ba589b,市川雛菜,P,SR,unit_6,ノクチル,2021-05-10,permanent_gacha,[],unknown,,https://wikiwiki.jp/shinycolors/%E3%80%90Makeup%E2%99%A1Box%E3%80%91%E5%B8%82%E5%B7%9D%E9%9B%9B%E8%8F%9C,observed,base,wiki_only,shinycolors_enza,902dcda2-678b-4707-a117-f0448d702f71,902dcda2-678b-4707-a117-f0448d702f71,2026-10-06T16:29:53+00:00,"[""W02""]","[""series_status"",""collab_work""]"
v1-93a6a8b8d40e754a,1.0,2026-10-08T02:45:18+00:00,【風野署長の一日勤務回想録】,idol_0e2d3420-7295-4510-929d-01bf8378e12a,風野灯織,S,SSR,unit_1,イルミネーションスターズ,2019-01-31,event_reward,[],unknown,,https://wikiwiki.jp/shinycolors/%E3%80%90%E9%A2%A8%E9%87%8E%E7%BD%B2%E9%95%B7%E3%81%AE%E4%B8%80%E6%97%A5%E5%8B%A4%E5%8B%99%E5%9B%9E%E6%83%B3%E9%8C%B2%E3%80%91%E9%A2%A8%E9%87%8E%E7%81%AF%E7%B9%94,observed,base,wiki_only,shinycolors_enza,90513450-01ca-47e8-a6ac-29eb3e6f5cdf,90513450-01ca-47e8-a6ac-29eb3e6f5cdf,2026-10-06T16:29:53+00:00,"[""W03""]","[""series_status"",""collab_work""]"
v1-93a6a8b8d40e754a,1.0,2026-10-08T02:45:18+00:00,【ストイックトレーニング】,idol_92b8326c-72f5-4a2e-8581-7110738045f3,有栖川夏葉,P,SR,unit_3,放課後クライマックスガールズ,2018-04-24,permanent_gacha,[],unknown,,https://wikiwiki.jp/shinycolors/%E3%80%90%E3%82%B9%E3%83%88%E3%82%A4%E3%83%83%E3%82%AF%E3%83%88%E3%83%AC%E3%83%BC%E3%83%8B%E3%83%B3%E3%82%B0%E3%80%91%E6%9C%89%E6%A0%96%E5%B7%9D%E5%A4%8F%E8%91%89,observed,base,wiki_only,shinycolors_enza,9063c835-0dfe-4146-9630-fcb4881e5887,9063c835-0dfe-4146-9630-fcb4881e5887,2026-10-06T16:29:53+00:00,"[""W02""]","[""series_status"",""collab_work""]"
v1-93a6a8b8d40e754a,1.0,2026-10-08T02:45:18+00:00,【ちょこほりっく♡注意報】,idol_7,園田智代子,S,SSR,unit_3,放課後クライマックスガールズ,2024-07-30,exchange,[],unknown,,https://wikiwiki.jp/shinycolors/%E3%80%90%E3%81%A1%E3%82%87%E3%81%93%E3%81%BB%E3%82%8A%E3%81%A3%E3%81%8F%E2%99%A1%E6%B3%A8%E6%84%8F%E5%A0%B1%E3%80%91%E5%9C%92%E7%94%B0%E6%99%BA%E4%BB%A3%E5%AD%90,observed,base,wiki_only,shinycolors_enza,90887ab3-9ded-4444-8118-10f6cc68dee1,90887ab3-9ded-4444-8118-10f6cc68dee1,2026-10-06T16:29:53+00:00,"[""W03""]","[""series_status"",""collab_work""]"
v1-93a6a8b8d40e754a,1.0,2026-10-08T02:45:18+00:00,【The ☆ summer】,idol_72d6d5b6-dc2b-4e7c-90be-eb4770ba589b,市川雛菜,S,SSR,unit_6,ノクチル,2025-08-08,limited_gacha,[],unknown,,https://wikiwiki.jp/shinycolors/%E3%80%90The%20%E2%98%86%20summer%E3%80%91%E5%B8%82%E5%B7%9D%E9%9B%9B%E8%8F%9C,observed,base,wiki_only,shinycolors_enza,90aa784f-7c84-4ba9-9fcf-fc0a6df3a008,90aa784f-7c84-4ba9-9fcf-fc0a6df3a008,2026-10-06T16:29:53+00:00,"[""W03""]","[""series_status"",""collab_work""]"
v1-93a6a8b8d40e754a,1.0,2026-10-08T02:45:18+00:00,【我儘なまま】,idol_72d6d5b6-dc2b-4e7c-90be-eb4770ba589b,市川雛菜,S,SR,unit_6,ノクチル,2023-07-22,gacha_bonus,[],unknown,,https://wikiwiki.jp/shinycolors/%E3%80%90%E6%88%91%E5%84%98%E3%81%AA%E3%81%BE%E3%81%BE%E3%80%91%E5%B8%82%E5%B7%9D%E9%9B%9B%E8%8F%9C,observed,base,wiki_only,shinycolors_enza,90f8ec22-17f8-4bab-87c7-bf0b64110fce,90f8ec22-17f8-4bab-87c7-bf0b64110fce,2026-10-06T16:29:54+00:00,"[""W03""]","[""series_status"",""collab_work""]"
v1-93a6a8b8d40e754a,1.0,2026-10-08T02:45:18+00:00,【Marry You？】,idol_4,鈴木羽那,P,SSR,unit_8,コメティック,2024-05-30,limited_gacha,[],unknown,,https://wikiwiki.jp/shinycolors/%E3%80%90Marry%20You%EF%BC%9F%E3%80%91%E9%88%B4%E6%9C%A8%E7%BE%BD%E9%82%A3,observed,base,wiki_only,shinycolors_enza,90f8eec8-7933-45ee-a761-ae1b631dd1ae,90f8eec8-7933-45ee-a761-ae1b631dd1ae,2026-10-06T16:29:53+00:00,"[""W02""]","[""series_status"",""collab_work""]"
v1-93a6a8b8d40e754a,1.0,2026-10-08T02:45:18+00:00,【'25Pカップ】,idol_ef328a51-2928-4d2d-a44f-5e3b92d305cf,白瀬咲耶,S,SR,unit_2,アンティーカ,2025-04-15,event_reward,[],unknown,,https://wikiwiki.jp/shinycolors/%E3%80%90%2725P%E3%82%AB%E3%83%83%E3%83%97%E3%80%91%E7%99%BD%E7%80%AC%E5%92%B2%E8%80%B6,observed,base,wiki_only,shinycolors_enza,910f00b1-200f-4510-b02e-2b3e90a3b324,910f00b1-200f-4510-b02e-2b3e90a3b324,2026-10-06T16:29:53+00:00,"[""W03""]","[""series_status"",""collab_work""]"
v1-93a6a8b8d40e754a,1.0,2026-10-08T02:45:18+00:00,【両手に兄！】,idol_df07e98b-12f2-4984-b8f6-8da0a47c0cc7,小宮果穂,P,SSR,unit_3,放課後クライマックスガールズ,2023-07-10,permanent_gacha,[],unknown,,https://wikiwiki.jp/shinycolors/%E3%80%90%E4%B8%A1%E6%89%8B%E3%81%AB%E5%85%84%EF%BC%81%E3%80%91%E5%B0%8F%E5%AE%AE%E6%9E%9C%E7%A9%82,observed,base,wiki_only,shinycolors_enza,9117ce7b-4323-4753-99ba-b9bbede0dc5e,9117ce7b-4323-4753-99ba-b9bbede0dc5e,2026-10-06T16:29:53+00:00,"[""W02""]","[""series_status"",""collab_work""]"
v1-93a6a8b8d40e754a,1.0,2026-10-08T02:45:18+00:00,【デコって！ハッピークッキー】,idol_df07e98b-12f2-4984-b8f6-8da0a47c0cc7,小宮果穂,P,SR,unit_3,放課後クライマックスガールズ,2018-10-19,event_reward,[],unknown,,https://wikiwiki.jp/shinycolors/%E3%80%90%E3%83%87%E3%82%B3%E3%81%A3%E3%81%A6%EF%BC%81%E3%83%8F%E3%83%83%E3%83%94%E3%83%BC%E3%82%AF%E3%83%83%E3%82%AD%E3%83%BC%E3%80%91%E5%B0%8F%E5%AE%AE%E6%9E%9C%E7%A9%82,observed,base,wiki_only,shinycolors_enza,91503a50-e179-454c-bcee-3d02560341a0,91503a50-e179-454c-bcee-3d02560341a0,2026-10-06T16:29:53+00:00,"[""W02""]","[""series_status"",""collab_work""]"
v1-93a6a8b8d40e754a,1.0,2026-10-08T02:45:18+00:00,【'25Pカップランクイン】,idol_4,鈴木羽那,S,SSR,unit_8,コメティック,2025-04-15,event_reward,[],unknown,,,not_found,base,wiki_only,shinycolors_enza,91646df2-570d-44af-bd95-e785ec81d054,91646df2-570d-44af-bd95-e785ec81d054,2026-10-06T16:29:53+00:00,"[""W03""]","[""series_status"",""collab_work"",""wiki_url""]"
v1-93a6a8b8d40e754a,1.0,2026-10-08T02:45:18+00:00,【みんなと一緒に】,idol_8c18b422-295c-4259-9e14-413685deb7f8,大崎甘奈,S,SR,unit_4,アルストロメリア,2024-04-20,gacha_bonus,[],unknown,,,not_found,base,wiki_only,shinycolors_enza,9182e131-1d1c-477b-b004-a301d1881a07,9182e131-1d1c-477b-b004-a301d1881a07,2026-10-06T16:29:54+00:00,"[""W03""]","[""series_status"",""collab_work"",""wiki_url""]"
v1-93a6a8b8d40e754a,1.0,2026-10-08T02:45:18+00:00,【誓う～！】,idol_786e9b98-d1e4-4419-a69a-3281d07dd4fb,和泉愛依,S,SSR,unit_5,ストレイライト,2024-06-19,collection_gacha,"[""twilights""]",known,,https://wikiwiki.jp/shinycolors/%E3%80%90%E8%AA%93%E3%81%86%EF%BD%9E%EF%BC%81%E3%80%91%E5%92%8C%E6%B3%89%E6%84%9B%E4%BE%9D,observed,base,wiki_only,shinycolors_enza,91b1217a-467d-4e4d-9577-d5e04a87c2b1,91b1217a-467d-4e4d-9577-d5e04a87c2b1,2026-10-06T16:29:53+00:00,"[""W03""]","[""collab_work""]"
v1-93a6a8b8d40e754a,1.0,2026-10-08T02:45:18+00:00,【マルチ・サポーター】,idol_a1ecc291-124c-4aaa-8346-467a4386234b,七草はづき,S,SSR,,,2026-01-07,other_bonus,[],unknown,,https://wikiwiki.jp/shinycolors/%E3%80%90%E3%83%9E%E3%83%AB%E3%83%81%E3%83%BB%E3%82%B5%E3%83%9D%E3%83%BC%E3%82%BF%E3%83%BC%E3%80%91%E4%B8%83%E8%8D%89%E3%81%AF%E3%81%A5%E3%81%8D,observed,base,wiki_only,shinycolors_enza,91e5b377-d417-4551-80a6-57265f3e15da,91e5b377-d417-4551-80a6-57265f3e15da,2026-10-06T16:33:41+00:00,"[""W03""]","[""unit_id"",""unit_name"",""series_status"",""collab_work""]"
v1-93a6a8b8d40e754a,1.0,2026-10-08T02:45:18+00:00,【僥倖、色付く】,idol_736d3fca-9560-4156-96fc-66cc0159ea42,七草にちか,S,SR,unit_7,シーズ,2024-09-09,event_reward,[],unknown,,https://wikiwiki.jp/shinycolors/%E3%80%90%E5%83%A5%E5%80%96%E3%80%81%E8%89%B2%E4%BB%98%E3%81%8F%E3%80%91%E4%B8%83%E8%8D%89%E3%81%AB%E3%81%A1%E3%81%8B,observed,base,wiki_only,shinycolors_enza,922d5601-250f-497f-9561-f562148fff4c,922d5601-250f-497f-9561-f562148fff4c,2026-10-06T16:29:53+00:00,"[""W03""]","[""series_status"",""collab_work""]"
v1-93a6a8b8d40e754a,1.0,2026-10-08T02:45:18+00:00,【Wrong？】,idol_a2f858c3-da6e-4d6f-b777-5367a2671399,黛冬優子,S,SSR,unit_5,ストレイライト,2021-10-31,event_reward,[],unknown,,https://wikiwiki.jp/shinycolors/%E3%80%90Wrong%EF%BC%9F%E3%80%91%E9%BB%9B%E5%86%AC%E5%84%AA%E5%AD%90,observed,base,wiki_only,shinycolors_enza,923ca000-9f0b-4403-a0a7-dee5e46d2b70,923ca000-9f0b-4403-a0a7-dee5e46d2b70,2026-10-06T16:29:53+00:00,"[""W03""]","[""series_status"",""collab_work""]"
v1-93a6a8b8d40e754a,1.0,2026-10-08T02:45:18+00:00,【DIVEIN!】,idol_72d6d5b6-dc2b-4e7c-90be-eb4770ba589b,市川雛菜,S,SSR,unit_6,ノクチル,2022-08-19,collection_gacha,"[""twilights""]",known,,https://wikiwiki.jp/shinycolors/%E3%80%90DIVEIN%21%E3%80%91%E5%B8%82%E5%B7%9D%E9%9B%9B%E8%8F%9C,observed,base,wiki_only,shinycolors_enza,92552b0a-9f83-4525-96e6-e6b464f6262c,92552b0a-9f83-4525-96e6-e6b464f6262c,2026-10-06T16:29:53+00:00,"[""W03""]","[""collab_work""]"
v1-93a6a8b8d40e754a,1.0,2026-10-08T02:45:18+00:00,【セピア色の孤独】,idol_e5ce74fd-2caf-4c1d-a696-0b1f17f7a53e,福丸小糸,P,SSR,unit_6,ノクチル,2023-04-02,limited_gacha,[],unknown,,https://wikiwiki.jp/shinycolors/%E3%80%90%E3%82%BB%E3%83%94%E3%82%A2%E8%89%B2%E3%81%AE%E5%AD%A4%E7%8B%AC%E3%80%91%E7%A6%8F%E4%B8%B8%E5%B0%8F%E7%B3%B8,observed,base,wiki_only,shinycolors_enza,92805da4-79c7-4bb0-a120-51389e0709b2,92805da4-79c7-4bb0-a120-51389e0709b2,2026-10-06T16:29:53+00:00,"[""W02""]","[""series_status"",""collab_work""]"
v1-93a6a8b8d40e754a,1.0,2026-10-08T02:45:18+00:00,【誘わないで、陽光】,idol_52544385-3ea1-42e6-bb47-faff2c6f9b4f,桑山千雪,S,SR,unit_4,アルストロメリア,2025-04-10,event_reward,[],unknown,,https://wikiwiki.jp/shinycolors/%E3%80%90%E8%AA%98%E3%82%8F%E3%81%AA%E3%81%84%E3%81%A7%E3%80%81%E9%99%BD%E5%85%89%E3%80%91%E6%A1%91%E5%B1%B1%E5%8D%83%E9%9B%AA,observed,base,wiki_only,shinycolors_enza,92916310-3589-4d2c-9b8e-4a18ce209e69,92916310-3589-4d2c-9b8e-4a18ce209e69,2026-10-06T16:29:53+00:00,"[""W03""]","[""series_status"",""collab_work""]"
v1-93a6a8b8d40e754a,1.0,2026-10-08T02:45:18+00:00,【一人分の空、一枚の羽】,idol_e91e6363-2dc9-42c1-bbf1-a759e797c2d1,月岡恋鐘,S,SSR,unit_2,アンティーカ,2023-11-24,other_bonus,[],unknown,,https://wikiwiki.jp/shinycolors/%E3%80%90%E4%B8%80%E4%BA%BA%E5%88%86%E3%81%AE%E7%A9%BA%E3%80%81%E4%B8%80%E6%9E%9A%E3%81%AE%E7%BE%BD%E3%80%91%E6%9C%88%E5%B2%A1%E6%81%8B%E9%90%98,observed,base,wiki_only,shinycolors_enza,92960eab-73d2-43d5-9476-36cde064a4e3,92960eab-73d2-43d5-9476-36cde064a4e3,2026-10-06T16:33:42+00:00,"[""W03""]","[""series_status"",""collab_work""]"
v1-93a6a8b8d40e754a,1.0,2026-10-08T02:45:18+00:00,【一億回めくらいの、その夏】,idol_736d3fca-9560-4156-96fc-66cc0159ea42,七草にちか,P,SR,unit_7,シーズ,2021-08-20,event_reward,[],unknown,,https://wikiwiki.jp/shinycolors/%E3%80%90%E4%B8%80%E5%84%84%E5%9B%9E%E3%82%81%E3%81%8F%E3%82%89%E3%81%84%E3%81%AE%E3%80%81%E3%81%9D%E3%81%AE%E5%A4%8F%E3%80%91%E4%B8%83%E8%8D%89%E3%81%AB%E3%81%A1%E3%81%8B,observed,base,wiki_only,shinycolors_enza,92a0cc83-ed89-452e-9a96-24ae923859dd,92a0cc83-ed89-452e-9a96-24ae923859dd,2026-10-06T16:29:53+00:00,"[""W02""]","[""series_status"",""collab_work""]"
v1-93a6a8b8d40e754a,1.0,2026-10-08T02:45:18+00:00,【リュピナス】,idol_2,樋口円香,S,SSR,unit_6,ノクチル,2026-03-30,limited_gacha,[],unknown,,https://wikiwiki.jp/shinycolors/%E3%80%90%E3%83%AA%E3%83%A5%E3%83%94%E3%83%8A%E3%82%B9%E3%80%91%E6%A8%8B%E5%8F%A3%E5%86%86%E9%A6%99,observed,base,wiki_only,shinycolors_enza,92b365ce-eec0-43f7-8cc7-f07bd1c0ad7f,92b365ce-eec0-43f7-8cc7-f07bd1c0ad7f,2026-10-06T16:29:53+00:00,"[""W03""]","[""series_status"",""collab_work""]"
v1-93a6a8b8d40e754a,1.0,2026-10-08T02:45:18+00:00,【Could Be】,idol_0c19be81-d3e3-4383-b5d4-0a94b290dba9,斑鳩ルカ,P,SSR,unit_8,コメティック,2025-02-18,collection_gacha,"[""parallel""]",known,,https://wikiwiki.jp/shinycolors/%E3%80%90Could%20Be%E3%80%91%E6%96%91%E9%B3%A9%E3%83%AB%E3%82%AB,observed,base,wiki_only,shinycolors_enza,92d7ccd1-f96c-4689-ad02-54ce20ec5577,92d7ccd1-f96c-4689-ad02-54ce20ec5577,2026-10-06T16:29:53+00:00,"[""W02""]","[""collab_work""]"
v1-93a6a8b8d40e754a,1.0,2026-10-08T02:45:18+00:00,【うちとあたしのひとつの結論】,idol_3c398182-7760-439e-8c77-3c09d173aa4c,芹沢あさひ,S,SR,unit_5,ストレイライト,2024-11-30,campaign,[],unknown,,https://wikiwiki.jp/shinycolors/%E3%80%90%E3%81%86%E3%81%A1%E3%81%A8%E3%81%82%E3%81%9F%E3%81%97%E3%81%AE%E3%81%B2%E3%81%A8%E3%81%A4%E3%81%AE%E7%B5%90%E8%AB%96%E3%80%91%E8%8A%B9%E6%B2%A2%E3%81%82%E3%81%95%E3%81%B2,observed,base,wiki_only,shinycolors_enza,92d83bab-8040-4aef-8d86-1ec501209385,92d83bab-8040-4aef-8d86-1ec501209385,2026-10-06T16:29:54+00:00,"[""W03""]","[""series_status"",""collab_work""]"
v1-93a6a8b8d40e754a,1.0,2026-10-08T02:45:18+00:00,【青風、駆けていく】,idol_d4177c5c-4600-4381-b5da-758f87fc23d7,八宮めぐる,S,SSR,unit_1,イルミネーションスターズ,2023-04-30,event_reward,[],unknown,,https://wikiwiki.jp/shinycolors/%E3%80%90%E9%9D%92%E9%A2%A8%E3%80%81%E9%A7%86%E3%81%91%E3%81%A6%E3%81%84%E3%81%8F%E3%80%91%E5%85%AB%E5%AE%AE%E3%82%81%E3%81%90%E3%82%8B,observed,base,wiki_only,shinycolors_enza,9315d9d5-c421-4df2-8473-7f8382c1299d,9315d9d5-c421-4df2-8473-7f8382c1299d,2026-10-06T16:29:53+00:00,"[""W03""]","[""series_status"",""collab_work""]"
v1-93a6a8b8d40e754a,1.0,2026-10-08T02:45:18+00:00,【身支度はお任せ☆】,idol_b1cc8f6f-feab-4add-b5d9-d8777add7f60,大崎甜花,S,SSR,unit_4,アルストロメリア,2018-05-21,permanent_gacha,[],unknown,,https://wikiwiki.jp/shinycolors/%E3%80%90%E8%BA%AB%E6%94%AF%E5%BA%A6%E3%81%AF%E3%81%8A%E4%BB%BB%E3%81%9B%E2%98%86%E3%80%91%E5%A4%A7%E5%B4%8E%E7%94%9C%E8%8A%B1,observed,base,wiki_only,shinycolors_enza,9372b271-d13a-4bd0-8dcc-0e37aa430d31,9372b271-d13a-4bd0-8dcc-0e37aa430d31,2026-10-06T16:29:53+00:00,"[""W03""]","[""series_status"",""collab_work""]"
v1-93a6a8b8d40e754a,1.0,2026-10-08T02:45:18+00:00,【裏声であいつら】,idol_3,浅倉透,S,SSR,unit_6,ノクチル,2023-04-02,exchange,[],unknown,,https://wikiwiki.jp/shinycolors/%E3%80%90%E8%A3%8F%E5%A3%B0%E3%81%A7%E3%81%82%E3%81%84%E3%81%A4%E3%82%89%E3%80%91%E6%B5%85%E5%80%89%E9%80%8F,observed,base,wiki_only,shinycolors_enza,93892a1f-df9d-45e6-837d-3aecf512ee00,93892a1f-df9d-45e6-837d-3aecf512ee00,2026-10-06T16:29:53+00:00,"[""W03""]","[""series_status"",""collab_work""]"
v1-93a6a8b8d40e754a,1.0,2026-10-08T02:45:18+00:00,【凛世夕町物語】,idol_51651b60-7996-412b-bd16-5c1c3f3faebf,杜野凛世,S,SSR,unit_3,放課後クライマックスガールズ,2019-02-18,permanent_gacha,[],unknown,,https://wikiwiki.jp/shinycolors/%E3%80%90%E5%87%9B%E4%B8%96%E5%A4%95%E7%94%BA%E7%89%A9%E8%AA%9E%E3%80%91%E6%9D%9C%E9%87%8E%E5%87%9B%E4%B8%96,observed,base,wiki_only,shinycolors_enza,93a880fa-2f56-4efb-ba0d-148516a926f1,93a880fa-2f56-4efb-ba0d-148516a926f1,2026-10-06T16:29:53+00:00,"[""W03""]","[""series_status"",""collab_work""]"
v1-93a6a8b8d40e754a,1.0,2026-10-08T02:45:18+00:00,【夕日に照らされ光るもの】,idol_3c398182-7760-439e-8c77-3c09d173aa4c,芹沢あさひ,S,SSR,unit_5,ストレイライト,2024-04-02,event_reward,[],unknown,,https://wikiwiki.jp/shinycolors/%E3%80%90%E5%A4%95%E6%97%A5%E3%81%AB%E7%85%A7%E3%82%89%E3%81%95%E3%82%8C%E5%85%89%E3%82%8B%E3%82%82%E3%81%AE%E3%80%91%E8%8A%B9%E6%B2%A2%E3%81%82%E3%81%95%E3%81%B2,observed,base,wiki_only,shinycolors_enza,93aad665-9e85-43e1-b38c-7444c167a517,93aad665-9e85-43e1-b38c-7444c167a517,2026-10-06T16:29:53+00:00,"[""W03""]","[""series_status"",""collab_work""]"
v1-93a6a8b8d40e754a,1.0,2026-10-08T02:45:18+00:00,【一人分の空、一枚の羽】,idol_df07e98b-12f2-4984-b8f6-8da0a47c0cc7,小宮果穂,S,SSR,unit_3,放課後クライマックスガールズ,2024-01-05,other_bonus,[],unknown,,https://wikiwiki.jp/shinycolors/%E3%80%90%E4%B8%80%E4%BA%BA%E5%88%86%E3%81%AE%E7%A9%BA%E3%80%81%E4%B8%80%E6%9E%9A%E3%81%AE%E7%BE%BD%E3%80%91%E5%B0%8F%E5%AE%AE%E6%9E%9C%E7%A9%82,observed,base,wiki_only,shinycolors_enza,943f3e3e-d204-454b-9ad7-ec674c7537b1,943f3e3e-d204-454b-9ad7-ec674c7537b1,2026-10-06T16:33:42+00:00,"[""W03""]","[""series_status"",""collab_work""]"
v1-93a6a8b8d40e754a,1.0,2026-10-08T02:45:18+00:00,【思い出にもならない】,idol_e5ce74fd-2caf-4c1d-a696-0b1f17f7a53e,福丸小糸,S,SSR,unit_6,ノクチル,2021-04-12,permanent_gacha,[],unknown,,https://wikiwiki.jp/shinycolors/%E3%80%90%E6%80%9D%E3%81%84%E5%87%BA%E3%81%AB%E3%82%82%E3%81%AA%E3%82%89%E3%81%AA%E3%81%84%E3%80%91%E7%A6%8F%E4%B8%B8%E5%B0%8F%E7%B3%B8,observed,base,wiki_only,shinycolors_enza,944e142e-2fa1-43fe-89fe-65bcac7711c3,944e142e-2fa1-43fe-89fe-65bcac7711c3,2026-10-06T16:29:53+00:00,"[""W03""]","[""series_status"",""collab_work""]"
v1-93a6a8b8d40e754a,1.0,2026-10-08T02:45:18+00:00,【しじまに華ひととき】,idol_1,櫻木真乃,P,SR,unit_1,イルミネーションスターズ,2019-01-01,limited_gacha,[],unknown,,https://wikiwiki.jp/shinycolors/%E3%80%90%E3%81%97%E3%81%98%E3%81%BE%E3%81%AB%E8%8F%AF%E3%81%B2%E3%81%A8%E3%81%A8%E3%81%8D%E3%80%91%E6%AB%BB%E6%9C%A8%E7%9C%9F%E4%B9%83,observed,base,wiki_only,shinycolors_enza,9463fafe-061c-4f5c-96d7-7c8eed47a532,9463fafe-061c-4f5c-96d7-7c8eed47a532,2026-10-06T16:29:53+00:00,"[""W02""]","[""series_status"",""collab_work""]"
v1-93a6a8b8d40e754a,1.0,2026-10-08T02:45:18+00:00,【Pop-Up！My ♡】,idol_b1cc8f6f-feab-4add-b5d9-d8777add7f60,大崎甜花,S,SSR,unit_4,アルストロメリア,2023-11-21,permanent_gacha,[],unknown,,https://wikiwiki.jp/shinycolors/%E3%80%90Pop-Up%EF%BC%81My%20%E2%99%A1%E3%80%91%E5%A4%A7%E5%B4%8E%E7%94%9C%E8%8A%B1,observed,base,wiki_only,shinycolors_enza,94ae3604-b754-4e00-97fb-35d4c110b684,94ae3604-b754-4e00-97fb-35d4c110b684,2026-10-06T16:29:53+00:00,"[""W03""]","[""series_status"",""collab_work""]"
v1-93a6a8b8d40e754a,1.0,2026-10-08T02:45:18+00:00,【Hug？】,idol_2,樋口円香,P,SSR,unit_6,ノクチル,2026-09-29,collection_gacha,"[""casting""]",known,,https://wikiwiki.jp/shinycolors/%E3%80%90Hug%EF%BC%9F%E3%80%91%E6%A8%8B%E5%8F%A3%E5%86%86%E9%A6%99,observed,base,wiki_only,shinycolors_enza,94b670b4-7328-4e96-8b9b-ace60917e7df,94b670b4-7328-4e96-8b9b-ace60917e7df,2026-10-06T16:29:52+00:00,"[""W02""]","[""collab_work""]"
v1-93a6a8b8d40e754a,1.0,2026-10-08T02:45:18+00:00,【にゃんにゃんにゃ～ん♡】,idol_e91e6363-2dc9-42c1-bbf1-a759e797c2d1,月岡恋鐘,S,SSR,unit_2,アンティーカ,2023-02-19,collection_gacha,"[""twilights""]",known,,https://wikiwiki.jp/shinycolors/%E3%80%90%E3%81%AB%E3%82%83%E3%82%93%E3%81%AB%E3%82%83%E3%82%93%E3%81%AB%E3%82%83%EF%BD%9E%E3%82%93%E2%99%A1%E3%80%91%E6%9C%88%E5%B2%A1%E6%81%8B%E9%90%98,observed,base,wiki_only,shinycolors_enza,94bbf36f-84a7-4197-b096-1cc6102984dc,94bbf36f-84a7-4197-b096-1cc6102984dc,2026-10-06T16:29:53+00:00,"[""W03""]","[""collab_work""]"
v1-93a6a8b8d40e754a,1.0,2026-10-08T02:45:18+00:00,【酸いと甘いと！】,idol_df07e98b-12f2-4984-b8f6-8da0a47c0cc7,小宮果穂,S,SR,unit_3,放課後クライマックスガールズ,2026-01-09,event_reward,[],unknown,,https://wikiwiki.jp/shinycolors/%E3%80%90%E9%85%B8%E3%81%84%E3%81%A8%E7%94%98%E3%81%84%E3%81%A8%EF%BC%81%E3%80%91%E5%B0%8F%E5%AE%AE%E6%9E%9C%E7%A9%82,observed,base,wiki_only,shinycolors_enza,94d37b54-6d75-4905-b4e7-62f004fe673a,94d37b54-6d75-4905-b4e7-62f004fe673a,2026-10-06T16:29:53+00:00,"[""W03""]","[""series_status"",""collab_work""]"
v1-93a6a8b8d40e754a,1.0,2026-10-08T02:45:18+00:00,【Fall】,idol_92b8326c-72f5-4a2e-8581-7110738045f3,有栖川夏葉,P,SSR,unit_3,放課後クライマックスガールズ,2022-10-11,permanent_gacha,[],unknown,,https://wikiwiki.jp/shinycolors/%E3%80%90Fall%E3%80%91%E6%9C%89%E6%A0%96%E5%B7%9D%E5%A4%8F%E8%91%89,observed,base,wiki_only,shinycolors_enza,950397c2-a0ba-4a9e-830c-56f296155e88,950397c2-a0ba-4a9e-830c-56f296155e88,2026-10-06T16:29:53+00:00,"[""W02""]","[""series_status"",""collab_work""]"
v1-93a6a8b8d40e754a,1.0,2026-10-08T02:45:18+00:00,【A Piece Of Peach】,idol_4,鈴木羽那,S,SSR,unit_8,コメティック,2025-10-02,limited_gacha,"[""birthday""]",known,,https://wikiwiki.jp/shinycolors/%E3%80%90A%20Piece%20Of%20Peach%E3%80%91%E9%88%B4%E6%9C%A8%E7%BE%BD%E9%82%A3,observed,base,wiki_only,shinycolors_enza,950c8ce7-e543-4346-b33a-0f108cab7e1b,950c8ce7-e543-4346-b33a-0f108cab7e1b,2026-10-06T16:29:53+00:00,"[""W03""]","[""collab_work""]"
v1-93a6a8b8d40e754a,1.0,2026-10-08T02:45:18+00:00,【スーツ・ユアセルフ】,idol_6,田中摩美々,P,SSR,unit_2,アンティーカ,2026-04-02,collection_gacha,"[""twilights""]",known,,https://wikiwiki.jp/shinycolors/%E3%80%90%E3%82%B9%E3%83%BC%E3%83%84%E3%83%BB%E3%83%A6%E3%82%A2%E3%82%BB%E3%83%AB%E3%83%95%E3%80%91%E7%94%B0%E4%B8%AD%E6%91%A9%E7%BE%8E%E3%80%85,observed,base,wiki_only,shinycolors_enza,95141b83-07b3-442e-abd5-ef67d6682dc7,95141b83-07b3-442e-abd5-ef67d6682dc7,2026-10-06T16:29:53+00:00,"[""W02""]","[""collab_work""]"
v1-93a6a8b8d40e754a,1.0,2026-10-08T02:45:18+00:00,【本当のヒーロー！】,idol_813a7356-e821-43e7-b25f-c104ca28870d,西城樹里,S,SR,unit_3,放課後クライマックスガールズ,2024-04-27,campaign,[],unknown,,https://wikiwiki.jp/shinycolors/%E3%80%90%E6%9C%AC%E5%BD%93%E3%81%AE%E3%83%92%E3%83%BC%E3%83%AD%E3%83%BC%EF%BC%81%E3%80%91%E8%A5%BF%E5%9F%8E%E6%A8%B9%E9%87%8C,observed,base,wiki_only,shinycolors_enza,951af57f-dc27-4d7d-81fd-28a104d0e73a,951af57f-dc27-4d7d-81fd-28a104d0e73a,2026-10-06T16:29:54+00:00,"[""W03""]","[""series_status"",""collab_work""]"
v1-93a6a8b8d40e754a,1.0,2026-10-08T02:45:18+00:00,【ちょっとあげる～】,idol_786e9b98-d1e4-4419-a69a-3281d07dd4fb,和泉愛依,P,SSR,unit_5,ストレイライト,2019-10-11,permanent_gacha,[],unknown,,https://wikiwiki.jp/shinycolors/%E3%80%90%E3%81%A1%E3%82%87%E3%81%A3%E3%81%A8%E3%81%82%E3%81%92%E3%82%8B%EF%BD%9E%E3%80%91%E5%92%8C%E6%B3%89%E6%84%9B%E4%BE%9D,observed,base,wiki_only,shinycolors_enza,954f7244-2b2d-4a5d-b1eb-29899e0c8e16,954f7244-2b2d-4a5d-b1eb-29899e0c8e16,2026-10-06T16:29:53+00:00,"[""W02""]","[""series_status"",""collab_work""]"
v1-93a6a8b8d40e754a,1.0,2026-10-08T02:45:18+00:00,【てのひらの答え】,idol_e5ce74fd-2caf-4c1d-a696-0b1f17f7a53e,福丸小糸,P,SSR,unit_6,ノクチル,2021-12-22,permanent_gacha,[],unknown,,https://wikiwiki.jp/shinycolors/%E3%80%90%E3%81%A6%E3%81%AE%E3%81%B2%E3%82%89%E3%81%AE%E7%AD%94%E3%81%88%E3%80%91%E7%A6%8F%E4%B8%B8%E5%B0%8F%E7%B3%B8,observed,base,wiki_only,shinycolors_enza,9585a03b-90ac-49d2-aaf9-cd44d2d4b42f,9585a03b-90ac-49d2-aaf9-cd44d2d4b42f,2026-10-06T16:29:53+00:00,"[""W02""]","[""series_status"",""collab_work""]"
v1-93a6a8b8d40e754a,1.0,2026-10-08T02:45:18+00:00,【満開、うまストロメリア】,idol_b1cc8f6f-feab-4add-b5d9-d8777add7f60,大崎甜花,S,SSR,unit_4,アルストロメリア,2022-09-30,limited_gacha,[],unknown,,https://wikiwiki.jp/shinycolors/%E3%80%90%E6%BA%80%E9%96%8B%E3%80%81%E3%81%86%E3%81%BE%E3%82%B9%E3%83%88%E3%83%AD%E3%83%A1%E3%83%AA%E3%82%A2%E3%80%91%E5%A4%A7%E5%B4%8E%E7%94%9C%E8%8A%B1,observed,base,wiki_only,shinycolors_enza,95a363c7-a166-44bc-8cb9-b567ce72828f,95a363c7-a166-44bc-8cb9-b567ce72828f,2026-10-06T16:29:53+00:00,"[""W03""]","[""series_status"",""collab_work""]"
v1-93a6a8b8d40e754a,1.0,2026-10-08T02:45:18+00:00,【琴・禽・空・華】,idol_e579db5c-0930-4984-aa40-ebe5a00e8a4f,幽谷霧子,P,SSR,unit_2,アンティーカ,2021-02-28,limited_gacha,[],unknown,,https://wikiwiki.jp/shinycolors/%E3%80%90%E7%90%B4%E3%83%BB%E7%A6%BD%E3%83%BB%E7%A9%BA%E3%83%BB%E8%8F%AF%E3%80%91%E5%B9%BD%E8%B0%B7%E9%9C%A7%E5%AD%90,observed,base,wiki_only,shinycolors_enza,95c734f4-35aa-4d9e-ac14-b36e5905da72,95c734f4-35aa-4d9e-ac14-b36e5905da72,2026-10-06T16:29:53+00:00,"[""W02""]","[""series_status"",""collab_work""]"
v1-93a6a8b8d40e754a,1.0,2026-10-08T02:45:18+00:00,【海へと還る街】,idol_e579db5c-0930-4984-aa40-ebe5a00e8a4f,幽谷霧子,P,SSR,unit_2,アンティーカ,2025-03-11,collection_gacha,"[""parallel""]",known,,https://wikiwiki.jp/shinycolors/%E3%80%90%E6%B5%B7%E3%81%B8%E3%81%A8%E9%82%84%E3%82%8B%E8%A1%97%E3%80%91%E5%B9%BD%E8%B0%B7%E9%9C%A7%E5%AD%90,observed,base,wiki_only,shinycolors_enza,95e1cb01-67c7-45db-a1ff-89e23c37bbfa,95e1cb01-67c7-45db-a1ff-89e23c37bbfa,2026-10-06T16:29:53+00:00,"[""W02""]","[""collab_work""]"
v1-93a6a8b8d40e754a,1.0,2026-10-08T02:45:18+00:00,【雨音の余白】,idol_f0b34f52-342b-4fdd-8231-816605449447,郁田はるき,S,SR,unit_8,コメティック,2026-06-18,event_reward,[],unknown,,https://wikiwiki.jp/shinycolors/%E3%80%90%E9%9B%A8%E9%9F%B3%E3%81%AE%E4%BD%99%E7%99%BD%E3%80%91%E9%83%81%E7%94%B0%E3%81%AF%E3%82%8B%E3%81%8D,observed,base,wiki_only,shinycolors_enza,95f4f976-6ca3-4ffb-ae98-463c09858df5,95f4f976-6ca3-4ffb-ae98-463c09858df5,2026-10-06T16:29:53+00:00,"[""W03""]","[""series_status"",""collab_work""]"
v1-93a6a8b8d40e754a,1.0,2026-10-08T02:45:18+00:00,【夜はなにいろ】,idol_3,浅倉透,P,SSR,unit_6,ノクチル,2023-02-10,permanent_gacha,[],unknown,,https://wikiwiki.jp/shinycolors/%E3%80%90%E5%A4%9C%E3%81%AF%E3%81%AA%E3%81%AB%E3%81%84%E3%82%8D%E3%80%91%E6%B5%85%E5%80%89%E9%80%8F,observed,base,wiki_only,shinycolors_enza,95fd4434-cd5e-41b2-8329-10bab83941ac,95fd4434-cd5e-41b2-8329-10bab83941ac,2026-10-06T16:29:53+00:00,"[""W02""]","[""series_status"",""collab_work""]"
v1-93a6a8b8d40e754a,1.0,2026-10-08T02:45:18+00:00,【熱血指導！】,idol_92b8326c-72f5-4a2e-8581-7110738045f3,有栖川夏葉,S,SSR,unit_3,放課後クライマックスガールズ,2018-04-24,permanent_gacha,[],unknown,,https://wikiwiki.jp/shinycolors/%E3%80%90%E7%86%B1%E8%A1%80%E6%8C%87%E5%B0%8E%EF%BC%81%E3%80%91%E6%9C%89%E6%A0%96%E5%B7%9D%E5%A4%8F%E8%91%89,observed,base,wiki_only,shinycolors_enza,961e62ea-ecdc-4315-9424-3a33fd0b417b,961e62ea-ecdc-4315-9424-3a33fd0b417b,2026-10-06T16:29:53+00:00,"[""W03""]","[""series_status"",""collab_work""]"
v1-93a6a8b8d40e754a,1.0,2026-10-08T02:45:18+00:00,【白いツバサ】,idol_f0b34f52-342b-4fdd-8231-816605449447,郁田はるき,P,SR,unit_8,コメティック,,mission,[],unknown,,https://wikiwiki.jp/shinycolors/%E3%80%90%E7%99%BD%E3%81%84%E3%83%84%E3%83%90%E3%82%B5%E3%80%91%E9%83%81%E7%94%B0%E3%81%AF%E3%82%8B%E3%81%8D,observed,idol_road_sr,wiki_only,shinycolors_enza,96594069-5b43-4254-b8eb-77254ab27ad1,3a350302-cb44-49dd-9060-4d9aba836629,2026-10-06T16:29:54+00:00,"[""W08""]","[""first_implemented_on"",""series_status"",""collab_work""]"
v1-93a6a8b8d40e754a,1.0,2026-10-08T02:45:18+00:00,【＋『α』】,idol_786e9b98-d1e4-4419-a69a-3281d07dd4fb,和泉愛依,S,SR,unit_5,ストレイライト,2020-06-19,permanent_gacha,[],unknown,,https://wikiwiki.jp/shinycolors/%E3%80%90%EF%BC%8B%E3%80%8E%CE%B1%E3%80%8F%E3%80%91%E5%92%8C%E6%B3%89%E6%84%9B%E4%BE%9D,observed,base,wiki_only,shinycolors_enza,969322f3-95aa-43e4-8233-e026de8fba8b,969322f3-95aa-43e4-8233-e026de8fba8b,2026-10-06T16:29:54+00:00,"[""W03""]","[""series_status"",""collab_work""]"
v1-93a6a8b8d40e754a,1.0,2026-10-08T02:45:18+00:00,【鉄板★絶品★海の家】,idol_df07e98b-12f2-4984-b8f6-8da0a47c0cc7,小宮果穂,S,SSR,unit_3,放課後クライマックスガールズ,2018-07-31,event_reward,[],unknown,,https://wikiwiki.jp/shinycolors/%E3%80%90%E9%89%84%E6%9D%BF%E2%98%85%E7%B5%B6%E5%93%81%E2%98%85%E6%B5%B7%E3%81%AE%E5%AE%B6%E3%80%91%E5%B0%8F%E5%AE%AE%E6%9E%9C%E7%A9%82,observed,base,wiki_only,shinycolors_enza,96f28805-34c4-4cbb-9e82-3ed3ece38da5,96f28805-34c4-4cbb-9e82-3ed3ece38da5,2026-10-06T16:29:53+00:00,"[""W03""]","[""series_status"",""collab_work""]"
v1-93a6a8b8d40e754a,1.0,2026-10-08T02:45:18+00:00,【XXX= S/N-GUL4R1TY】,idol_786e9b98-d1e4-4419-a69a-3281d07dd4fb,和泉愛依,S,SSR,unit_5,ストレイライト,2026-04-12,gacha_bonus,[],unknown,,https://wikiwiki.jp/shinycolors/%E3%80%90XXX%3D%20S%EF%BC%8FN-GUL4R1TY%E3%80%91%E5%92%8C%E6%B3%89%E6%84%9B%E4%BE%9D,observed,base,wiki_only,shinycolors_enza,973782cb-41d6-4246-8442-b44cc40df88e,973782cb-41d6-4246-8442-b44cc40df88e,2026-10-06T16:29:53+00:00,"[""W03""]","[""series_status"",""collab_work""]"
v1-93a6a8b8d40e754a,1.0,2026-10-08T02:45:18+00:00,【SETSUNA BEAT】,idol_72d6d5b6-dc2b-4e7c-90be-eb4770ba589b,市川雛菜,S,SR,unit_6,ノクチル,2022-08-10,gacha_bonus,[],unknown,,https://wikiwiki.jp/shinycolors/%E3%80%90SETSUNA%20BEAT%E3%80%91%E5%B8%82%E5%B7%9D%E9%9B%9B%E8%8F%9C,observed,base,wiki_only,shinycolors_enza,97583fdb-2538-402e-b18e-d60dc9feda74,97583fdb-2538-402e-b18e-d60dc9feda74,2026-10-06T16:29:54+00:00,"[""W03""]","[""series_status"",""collab_work""]"
v1-93a6a8b8d40e754a,1.0,2026-10-08T02:45:18+00:00,【切り拓いて・茨】,idol_52544385-3ea1-42e6-bb47-faff2c6f9b4f,桑山千雪,P,SSR,unit_4,アルストロメリア,2024-05-21,collection_gacha,"[""parallel""]",known,,https://wikiwiki.jp/shinycolors/%E3%80%90%E5%88%87%E3%82%8A%E6%8B%93%E3%81%84%E3%81%A6%E3%83%BB%E8%8C%A8%E3%80%91%E6%A1%91%E5%B1%B1%E5%8D%83%E9%9B%AA,observed,base,wiki_only,shinycolors_enza,9793b6b2-b10a-434d-9429-42baef1bd47e,9793b6b2-b10a-434d-9429-42baef1bd47e,2026-10-06T16:29:53+00:00,"[""W02""]","[""collab_work""]"
v1-93a6a8b8d40e754a,1.0,2026-10-08T02:45:18+00:00,【純白の君へ】,idol_4,鈴木羽那,P,SSR,unit_8,コメティック,2025-06-29,collection_gacha,"[""parallel""]",known,,https://wikiwiki.jp/shinycolors/%E3%80%90%E7%B4%94%E7%99%BD%E3%81%AE%E5%90%9B%E3%81%B8%E3%80%91%E9%88%B4%E6%9C%A8%E7%BE%BD%E9%82%A3,observed,base,wiki_only,shinycolors_enza,97c2d7cb-3449-43a1-b2e8-be7ab43d4b00,97c2d7cb-3449-43a1-b2e8-be7ab43d4b00,2026-10-06T16:29:53+00:00,"[""W02""]","[""collab_work""]"
v1-93a6a8b8d40e754a,1.0,2026-10-08T02:45:18+00:00,【Just】,idol_92b8326c-72f5-4a2e-8581-7110738045f3,有栖川夏葉,S,SSR,unit_3,放課後クライマックスガールズ,2025-11-19,limited_gacha,[],unknown,,https://wikiwiki.jp/shinycolors/%E3%80%90Just%E3%80%91%E6%9C%89%E6%A0%96%E5%B7%9D%E5%A4%8F%E8%91%89,observed,base,wiki_only,shinycolors_enza,97c85df6-7263-428a-96b8-4aaf861e7dd3,97c85df6-7263-428a-96b8-4aaf861e7dd3,2026-10-06T16:29:53+00:00,"[""W03""]","[""series_status"",""collab_work""]"
v1-93a6a8b8d40e754a,1.0,2026-10-08T02:45:18+00:00,【'25Pカップ】,idol_786e9b98-d1e4-4419-a69a-3281d07dd4fb,和泉愛依,S,SR,unit_5,ストレイライト,2025-04-15,event_reward,[],unknown,,https://wikiwiki.jp/shinycolors/%E3%80%90%2725P%E3%82%AB%E3%83%83%E3%83%97%E3%80%91%E5%92%8C%E6%B3%89%E6%84%9B%E4%BE%9D,observed,base,wiki_only,shinycolors_enza,97d6b125-02a2-4a45-8bd6-79cbccd6a078,97d6b125-02a2-4a45-8bd6-79cbccd6a078,2026-10-06T16:29:53+00:00,"[""W03""]","[""series_status"",""collab_work""]"
v1-93a6a8b8d40e754a,1.0,2026-10-08T02:45:18+00:00,【ダブルホワイト】,idol_4,鈴木羽那,S,SR,unit_8,コメティック,2025-01-09,collaboration_gacha,[],unknown,,https://wikiwiki.jp/shinycolors/%E3%80%90%E3%83%80%E3%83%96%E3%83%AB%E3%83%9B%E3%83%AF%E3%82%A4%E3%83%88%E3%80%91%E9%88%B4%E6%9C%A8%E7%BE%BD%E9%82%A3,observed,base,wiki_only,shinycolors_enza,97e2a471-e2a1-42f2-bbdd-91aee17238f9,97e2a471-e2a1-42f2-bbdd-91aee17238f9,2026-10-06T16:29:53+00:00,"[""W03""]","[""series_status"",""collab_work""]"
v1-93a6a8b8d40e754a,1.0,2026-10-08T02:45:18+00:00,【それが私の夢だって】,idol_7,園田智代子,S,SR,unit_3,放課後クライマックスガールズ,2024-12-07,campaign,[],unknown,,https://wikiwiki.jp/shinycolors/%E3%80%90%E3%81%9D%E3%82%8C%E3%81%8C%E7%A7%81%E3%81%AE%E5%A4%A2%E3%81%A0%E3%81%A3%E3%81%A6%E3%80%91%E5%9C%92%E7%94%B0%E6%99%BA%E4%BB%A3%E5%AD%90,observed,base,wiki_only,shinycolors_enza,98097307-3756-4bcf-8292-819e7eb5dbf4,98097307-3756-4bcf-8292-819e7eb5dbf4,2026-10-06T16:29:54+00:00,"[""W03""]","[""series_status"",""collab_work""]"
v1-93a6a8b8d40e754a,1.0,2026-10-08T02:45:18+00:00,【Blind Driver】,idol_0c19be81-d3e3-4383-b5d4-0a94b290dba9,斑鳩ルカ,P,SR,unit_8,コメティック,2023-09-21,permanent_gacha,[],unknown,,https://wikiwiki.jp/shinycolors/%E3%80%90Blind%20Driver%E3%80%91%E6%96%91%E9%B3%A9%E3%83%AB%E3%82%AB,observed,base,wiki_only,shinycolors_enza,981ffbe9-ec4c-44d7-8702-0e0db1096378,981ffbe9-ec4c-44d7-8702-0e0db1096378,2026-10-06T16:29:53+00:00,"[""W02""]","[""series_status"",""collab_work""]"
v1-93a6a8b8d40e754a,1.0,2026-10-08T02:45:18+00:00,【今のすべてを】,idol_51651b60-7996-412b-bd16-5c1c3f3faebf,杜野凛世,S,SR,unit_3,放課後クライマックスガールズ,2024-05-11,campaign,[],unknown,,https://wikiwiki.jp/shinycolors/%E3%80%90%E4%BB%8A%E3%81%AE%E3%81%99%E3%81%B9%E3%81%A6%E3%82%92%E3%80%91%E6%9D%9C%E9%87%8E%E5%87%9B%E4%B8%96,observed,base,wiki_only,shinycolors_enza,982f5071-8238-46ec-8773-d6a47e05bd50,982f5071-8238-46ec-8773-d6a47e05bd50,2026-10-06T16:29:54+00:00,"[""W03""]","[""series_status"",""collab_work""]"
v1-93a6a8b8d40e754a,1.0,2026-10-08T02:45:18+00:00,【アイドルロード】,idol_6874153a-a7f6-426a-98f0-815f121eeca4,緋田美琴,P,SSR,unit_7,シーズ,,mission,[],unknown,,https://wikiwiki.jp/shinycolors/%E3%80%90%E7%99%BD%E3%81%84%E3%83%84%E3%83%90%E3%82%B5%E3%80%91%E7%B7%8B%E7%94%B0%E7%BE%8E%E7%90%B4,observed,idol_road_ssr,wiki_only,shinycolors_enza,988a183f-b5c8-4b12-adde-7eeb905e0dd7,42f2335e-bd82-48d7-abd3-172c9749f368,2026-10-06T16:29:54+00:00,"[""W08""]","[""first_implemented_on"",""series_status"",""collab_work""]"
v1-93a6a8b8d40e754a,1.0,2026-10-08T02:45:18+00:00,【間違われるっしょ？】,idol_786e9b98-d1e4-4419-a69a-3281d07dd4fb,和泉愛依,S,SSR,unit_5,ストレイライト,2025-08-02,limited_gacha,"[""birthday""]",known,,https://wikiwiki.jp/shinycolors/%E3%80%90%E9%96%93%E9%81%95%E3%82%8F%E3%82%8C%E3%82%8B%E3%81%A3%E3%81%97%E3%82%87%EF%BC%9F%E3%80%91%E5%92%8C%E6%B3%89%E6%84%9B%E4%BE%9D,observed,base,wiki_only,shinycolors_enza,98e087f6-d3ad-41b5-aaf4-be55a151253e,98e087f6-d3ad-41b5-aaf4-be55a151253e,2026-10-06T16:29:53+00:00,"[""W03""]","[""collab_work""]"
v1-93a6a8b8d40e754a,1.0,2026-10-08T02:45:18+00:00,【色とりどりのイメージ】,idol_92b8326c-72f5-4a2e-8581-7110738045f3,有栖川夏葉,S,SR,unit_3,放課後クライマックスガールズ,2024-06-08,campaign,[],unknown,,https://wikiwiki.jp/shinycolors/%E3%80%90%E8%89%B2%E3%81%A8%E3%82%8A%E3%81%A9%E3%82%8A%E3%81%AE%E3%82%A4%E3%83%A1%E3%83%BC%E3%82%B8%E3%80%91%E6%9C%89%E6%A0%96%E5%B7%9D%E5%A4%8F%E8%91%89,observed,base,wiki_only,shinycolors_enza,992565f8-4561-46cc-95e4-6dbb8bd2ae82,992565f8-4561-46cc-95e4-6dbb8bd2ae82,2026-10-06T16:29:54+00:00,"[""W03""]","[""series_status"",""collab_work""]"
v1-93a6a8b8d40e754a,1.0,2026-10-08T02:45:18+00:00,【d!scovery】,idol_72d6d5b6-dc2b-4e7c-90be-eb4770ba589b,市川雛菜,P,SSR,unit_6,ノクチル,2025-02-28,limited_gacha,[],unknown,,https://wikiwiki.jp/shinycolors/%E3%80%90d%21scovery%E3%80%91%E5%B8%82%E5%B7%9D%E9%9B%9B%E8%8F%9C,observed,base,wiki_only,shinycolors_enza,993f5037-f27f-4481-aba6-da47e2457dd2,993f5037-f27f-4481-aba6-da47e2457dd2,2026-10-06T16:29:53+00:00,"[""W02""]","[""series_status"",""collab_work""]"
v1-93a6a8b8d40e754a,1.0,2026-10-08T02:45:18+00:00,【あそ→と♡ちよこれいと】,idol_7,園田智代子,P,SSR,unit_3,放課後クライマックスガールズ,2019-02-08,permanent_gacha,[],unknown,,https://wikiwiki.jp/shinycolors/%E3%80%90%E3%81%82%E3%81%9D%E2%86%92%E3%81%A8%E3%81%A1%E3%82%88%E3%81%93%E3%82%8C%E3%81%84%E3%81%A8%E3%80%91%E5%9C%92%E7%94%B0%E6%99%BA%E4%BB%A3%E5%AD%90,observed,base,wiki_only,shinycolors_enza,99571f69-ab70-4a34-8ee5-19fbf3fa3986,99571f69-ab70-4a34-8ee5-19fbf3fa3986,2026-10-06T16:29:53+00:00,"[""W02""]","[""series_status"",""collab_work""]"
v1-93a6a8b8d40e754a,1.0,2026-10-08T02:45:18+00:00,【凛凛、凛世】,idol_51651b60-7996-412b-bd16-5c1c3f3faebf,杜野凛世,P,SR,unit_3,放課後クライマックスガールズ,2018-04-24,event_reward,[],unknown,,https://wikiwiki.jp/shinycolors/%E3%80%90%E5%87%9B%E5%87%9B%E3%80%81%E5%87%9B%E4%B8%96%E3%80%91%E6%9D%9C%E9%87%8E%E5%87%9B%E4%B8%96,observed,base,wiki_only,shinycolors_enza,999d20ad-6f0f-4d97-aa21-e7fc37e17042,999d20ad-6f0f-4d97-aa21-e7fc37e17042,2026-10-06T16:29:53+00:00,"[""W02""]","[""series_status"",""collab_work""]"
v1-93a6a8b8d40e754a,1.0,2026-10-08T02:45:18+00:00,【エンジョイ！パーティ】,idol_786e9b98-d1e4-4419-a69a-3281d07dd4fb,和泉愛依,S,SSR,unit_5,ストレイライト,2020-12-23,permanent_gacha,[],unknown,,https://wikiwiki.jp/shinycolors/%E3%80%90%E3%82%A8%E3%83%B3%E3%82%B8%E3%83%A7%E3%82%A4%EF%BC%81%E3%83%91%E3%83%BC%E3%83%86%E3%82%A3%E3%80%91%E5%92%8C%E6%B3%89%E6%84%9B%E4%BE%9D,observed,base,wiki_only,shinycolors_enza,99b5e4d0-2f99-4e65-b6d3-9cc424d61ceb,99b5e4d0-2f99-4e65-b6d3-9cc424d61ceb,2026-10-06T16:29:53+00:00,"[""W03""]","[""series_status"",""collab_work""]"
v1-93a6a8b8d40e754a,1.0,2026-10-08T02:45:18+00:00,【速・準・一・丁】,idol_e579db5c-0930-4984-aa40-ebe5a00e8a4f,幽谷霧子,S,SR,unit_2,アンティーカ,2026-03-09,event_reward,[],unknown,,https://wikiwiki.jp/shinycolors/%E3%80%90%E9%80%9F%E3%83%BB%E6%BA%96%E3%83%BB%E4%B8%80%E3%83%BB%E4%B8%81%E3%80%91%E5%B9%BD%E8%B0%B7%E9%9C%A7%E5%AD%90,observed,base,wiki_only,shinycolors_enza,99be4998-ffcf-4ec6-a03b-db7b804c0207,99be4998-ffcf-4ec6-a03b-db7b804c0207,2026-10-06T16:29:53+00:00,"[""W03""]","[""series_status"",""collab_work""]"
v1-93a6a8b8d40e754a,1.0,2026-10-08T02:45:18+00:00,【娘・娘・謹・賀】,idol_e579db5c-0930-4984-aa40-ebe5a00e8a4f,幽谷霧子,S,SSR,unit_2,アンティーカ,2019-01-01,event_reward,[],unknown,,https://wikiwiki.jp/shinycolors/%E3%80%90%E5%A8%98%E3%83%BB%E5%A8%98%E3%83%BB%E8%AC%B9%E3%83%BB%E8%B3%80%E3%80%91%E5%B9%BD%E8%B0%B7%E9%9C%A7%E5%AD%90,observed,base,wiki_only,shinycolors_enza,9a20b835-2aea-4a3e-838e-86d3da26173e,9a20b835-2aea-4a3e-838e-86d3da26173e,2026-10-06T16:29:53+00:00,"[""W03""]","[""series_status"",""collab_work""]"
v1-93a6a8b8d40e754a,1.0,2026-10-08T02:45:18+00:00,【さよならごつこ】,idol_51651b60-7996-412b-bd16-5c1c3f3faebf,杜野凛世,P,SSR,unit_3,放課後クライマックスガールズ,2022-01-01,limited_gacha,[],unknown,,https://wikiwiki.jp/shinycolors/%E3%80%90%E3%81%95%E3%82%88%E3%81%AA%E3%82%89%E3%81%94%E3%81%A4%E3%81%93%E3%80%91%E6%9D%9C%E9%87%8E%E5%87%9B%E4%B8%96,observed,base,wiki_only,shinycolors_enza,9a21894a-cb2a-4b54-87ce-5d6075d7de3e,9a21894a-cb2a-4b54-87ce-5d6075d7de3e,2026-10-06T16:29:53+00:00,"[""W02""]","[""series_status"",""collab_work""]"
v1-93a6a8b8d40e754a,1.0,2026-10-08T02:45:18+00:00,【Hakoni□a】,idol_81093365-1df1-4e6c-a252-27625c47ab96,三峰結華,P,SR,unit_2,アンティーカ,2021-11-10,event_reward,[],unknown,,https://wikiwiki.jp/shinycolors/%E3%80%90Hakoni%E2%96%A1a%E3%80%91%E4%B8%89%E5%B3%B0%E7%B5%90%E8%8F%AF,observed,base,wiki_only,shinycolors_enza,9a5a0264-ee59-4807-bf0a-89cb6368634a,9a5a0264-ee59-4807-bf0a-89cb6368634a,2026-10-06T16:29:53+00:00,"[""W02""]","[""series_status"",""collab_work""]"
v1-93a6a8b8d40e754a,1.0,2026-10-08T02:45:18+00:00,【Eyes On You】,idol_4,鈴木羽那,P,SSR,unit_8,コメティック,2023-12-20,permanent_gacha,[],unknown,,https://wikiwiki.jp/shinycolors/%E3%80%90Eyes%20On%20You%E3%80%91%E9%88%B4%E6%9C%A8%E7%BE%BD%E9%82%A3,observed,base,wiki_only,shinycolors_enza,9a75d230-f143-4e61-9139-bdeb3ba3de4f,9a75d230-f143-4e61-9139-bdeb3ba3de4f,2026-10-06T16:29:53+00:00,"[""W02""]","[""series_status"",""collab_work""]"
v1-93a6a8b8d40e754a,1.0,2026-10-08T02:45:18+00:00,【DIGEST】,idol_6874153a-a7f6-426a-98f0-815f121eeca4,緋田美琴,S,SSR,unit_7,シーズ,2025-04-10,collection_gacha,"[""twilights""]",known,,https://wikiwiki.jp/shinycolors/%E3%80%90DIGEST%E3%80%91%E7%B7%8B%E7%94%B0%E7%BE%8E%E7%90%B4,observed,base,wiki_only,shinycolors_enza,9a80a126-6aa1-4d86-92cc-24462db1842d,9a80a126-6aa1-4d86-92cc-24462db1842d,2026-10-06T16:29:53+00:00,"[""W03""]","[""collab_work""]"
v1-93a6a8b8d40e754a,1.0,2026-10-08T02:45:18+00:00,【サマーハニー・シーズン】,idol_52544385-3ea1-42e6-bb47-faff2c6f9b4f,桑山千雪,P,SSR,unit_4,アルストロメリア,2019-07-31,limited_gacha,[],unknown,,https://wikiwiki.jp/shinycolors/%E3%80%90%E3%82%B5%E3%83%9E%E3%83%BC%E3%83%8F%E3%83%8B%E3%83%BC%E3%83%BB%E3%82%B7%E3%83%BC%E3%82%BA%E3%83%B3%E3%80%91%E6%A1%91%E5%B1%B1%E5%8D%83%E9%9B%AA,observed,base,wiki_only,shinycolors_enza,9a8e2873-dbb6-4dd9-8589-6f56e6f6095d,9a8e2873-dbb6-4dd9-8589-6f56e6f6095d,2026-10-06T16:29:53+00:00,"[""W02""]","[""series_status"",""collab_work""]"
v1-93a6a8b8d40e754a,1.0,2026-10-08T02:45:18+00:00,【私たちらしく】,idol_52544385-3ea1-42e6-bb47-faff2c6f9b4f,桑山千雪,S,SSR,unit_4,アルストロメリア,2024-08-30,event_reward,[],unknown,,https://wikiwiki.jp/shinycolors/%E3%80%90%E7%A7%81%E3%81%9F%E3%81%A1%E3%82%89%E3%81%97%E3%81%8F%E3%80%91%E6%A1%91%E5%B1%B1%E5%8D%83%E9%9B%AA,observed,base,wiki_only,shinycolors_enza,9aaa3815-e94c-46ee-852a-8f2e55286ccd,9aaa3815-e94c-46ee-852a-8f2e55286ccd,2026-10-06T16:29:53+00:00,"[""W03""]","[""series_status"",""collab_work""]"
v1-93a6a8b8d40e754a,1.0,2026-10-08T02:45:18+00:00,【あてもなく、風】,idol_3,浅倉透,P,SSR,unit_6,ノクチル,2023-12-03,collection_gacha,"[""mysongs""]",known,,https://wikiwiki.jp/shinycolors/%E3%80%90%E3%81%82%E3%81%A6%E3%82%82%E3%81%AA%E3%81%8F%E3%80%81%E9%A2%A8%E3%80%91%E6%B5%85%E5%80%89%E9%80%8F,observed,base,wiki_only,shinycolors_enza,9ad34406-c119-4148-acee-f7c15807bc49,9ad34406-c119-4148-acee-f7c15807bc49,2026-10-06T16:29:53+00:00,"[""W02""]","[""collab_work""]"
v1-93a6a8b8d40e754a,1.0,2026-10-08T02:45:18+00:00,【白いツバサ】,idol_736d3fca-9560-4156-96fc-66cc0159ea42,七草にちか,P,R,unit_7,シーズ,2021-04-05,permanent_gacha,[],unknown,,https://wikiwiki.jp/shinycolors/%E3%80%90%E7%99%BD%E3%81%84%E3%83%84%E3%83%90%E3%82%B5%E3%80%91%E4%B8%83%E8%8D%89%E3%81%AB%E3%81%A1%E3%81%8B,observed,base,wiki_only,shinycolors_enza,9ae4b586-6a89-4c43-ba77-9002e093db4b,9ae4b586-6a89-4c43-ba77-9002e093db4b,2026-10-06T16:29:53+00:00,"[""W02""]","[""series_status"",""collab_work""]"
v1-93a6a8b8d40e754a,1.0,2026-10-08T02:45:18+00:00,【ひとりと一匹ワンルーム】,idol_0e2d3420-7295-4510-929d-01bf8378e12a,風野灯織,S,SSR,unit_1,イルミネーションスターズ,2026-02-27,limited_gacha,[],unknown,,https://wikiwiki.jp/shinycolors/%E3%80%90%E3%81%B2%E3%81%A8%E3%82%8A%E3%81%A8%E4%B8%80%E5%8C%B9%E3%83%AF%E3%83%B3%E3%83%AB%E3%83%BC%E3%83%A0%E3%80%91%E9%A2%A8%E9%87%8E%E7%81%AF%E7%B9%94,observed,base,wiki_only,shinycolors_enza,9ae718d1-d163-40d2-802b-872ef8e10d01,9ae718d1-d163-40d2-802b-872ef8e10d01,2026-10-06T16:29:53+00:00,"[""W03""]","[""series_status"",""collab_work""]"
v1-93a6a8b8d40e754a,1.0,2026-10-08T02:45:18+00:00,【Fantastic Fireworks】,idol_4,鈴木羽那,S,SR,unit_8,コメティック,2024-04-21,gacha_bonus,[],unknown,,https://wikiwiki.jp/shinycolors/%E3%80%90Fantastic%20Fireworks%E3%80%91%E9%88%B4%E6%9C%A8%E7%BE%BD%E9%82%A3,observed,base,wiki_only,shinycolors_enza,9b0c483e-b9f6-4307-b8c4-d14c7f7241bc,9b0c483e-b9f6-4307-b8c4-d14c7f7241bc,2026-10-06T16:29:54+00:00,"[""W03""]","[""series_status"",""collab_work""]"
v1-93a6a8b8d40e754a,1.0,2026-10-08T02:45:18+00:00,【Find M Trick】,idol_6,田中摩美々,P,SSR,unit_2,アンティーカ,2024-11-19,limited_gacha,[],unknown,,https://wikiwiki.jp/shinycolors/%E3%80%90Find%20M%20Trick%E3%80%91%E7%94%B0%E4%B8%AD%E6%91%A9%E7%BE%8E%E3%80%85,observed,base,wiki_only,shinycolors_enza,9b463713-399b-42d1-bd03-7668b8aeb0fa,9b463713-399b-42d1-bd03-7668b8aeb0fa,2026-10-06T16:29:53+00:00,"[""W02""]","[""series_status"",""collab_work""]"
v1-93a6a8b8d40e754a,1.0,2026-10-08T02:45:18+00:00,【キュン！とwith us】,idol_b1cc8f6f-feab-4add-b5d9-d8777add7f60,大崎甜花,S,SSR,unit_4,アルストロメリア,2021-10-31,limited_gacha,[],unknown,,https://wikiwiki.jp/shinycolors/%E3%80%90%E3%82%AD%E3%83%A5%E3%83%B3%EF%BC%81%E3%81%A8with%20us%E3%80%91%E5%A4%A7%E5%B4%8E%E7%94%9C%E8%8A%B1,observed,base,wiki_only,shinycolors_enza,9b512cb4-fe31-4b30-b2c7-fca65ab9a441,9b512cb4-fe31-4b30-b2c7-fca65ab9a441,2026-10-06T16:29:53+00:00,"[""W03""]","[""series_status"",""collab_work""]"
v1-93a6a8b8d40e754a,1.0,2026-10-08T02:45:18+00:00,【ちぐはぐ姫】,idol_3c398182-7760-439e-8c77-3c09d173aa4c,芹沢あさひ,P,SR,unit_5,ストレイライト,2023-03-20,event_reward,[],unknown,,https://wikiwiki.jp/shinycolors/%E3%80%90%E3%81%A1%E3%81%90%E3%81%AF%E3%81%90%E5%A7%AB%E3%80%91%E8%8A%B9%E6%B2%A2%E3%81%82%E3%81%95%E3%81%B2,observed,base,wiki_only,shinycolors_enza,9b777042-3d64-412c-bd74-c55d7da5bd48,9b777042-3d64-412c-bd74-c55d7da5bd48,2026-10-06T16:29:53+00:00,"[""W02""]","[""series_status"",""collab_work""]"
v1-93a6a8b8d40e754a,1.0,2026-10-08T02:45:18+00:00,【本気！餅つき！】,idol_786e9b98-d1e4-4419-a69a-3281d07dd4fb,和泉愛依,S,SSR,unit_5,ストレイライト,2023-01-10,limited_gacha,[],unknown,,https://wikiwiki.jp/shinycolors/%E3%80%90%E6%9C%AC%E6%B0%97%EF%BC%81%E9%A4%85%E3%81%A4%E3%81%8D%EF%BC%81%E3%80%91%E5%92%8C%E6%B3%89%E6%84%9B%E4%BE%9D,observed,base,wiki_only,shinycolors_enza,9b796232-db3b-4dc7-a3c6-213079f8d0e3,9b796232-db3b-4dc7-a3c6-213079f8d0e3,2026-10-06T16:29:53+00:00,"[""W03""]","[""series_status"",""collab_work""]"
v1-93a6a8b8d40e754a,1.0,2026-10-08T02:45:18+00:00,【ふたり色　クレオール】,idol_d4177c5c-4600-4381-b5da-758f87fc23d7,八宮めぐる,P,SSR,unit_1,イルミネーションスターズ,2023-10-30,collection_gacha,"[""twilights""]",known,,https://wikiwiki.jp/shinycolors/%E3%80%90%E3%81%B5%E3%81%9F%E3%82%8A%E8%89%B2%E3%80%80%E3%82%AF%E3%83%AC%E3%82%AA%E3%83%BC%E3%83%AB%E3%80%91%E5%85%AB%E5%AE%AE%E3%82%81%E3%81%90%E3%82%8B,observed,base,wiki_only,shinycolors_enza,9b823bec-2636-4e80-9ce6-28ca7722c6af,9b823bec-2636-4e80-9ce6-28ca7722c6af,2026-10-06T16:29:53+00:00,"[""W02""]","[""collab_work""]"
v1-93a6a8b8d40e754a,1.0,2026-10-08T02:45:18+00:00,【'25Pカップランクイン】,idol_a2f858c3-da6e-4d6f-b777-5367a2671399,黛冬優子,S,SSR,unit_5,ストレイライト,2025-04-15,event_reward,[],unknown,,https://wikiwiki.jp/shinycolors/%E3%80%90%2725P%E3%82%AB%E3%83%83%E3%83%97%E3%83%A9%E3%83%B3%E3%82%AF%E3%82%A4%E3%83%B3%E3%80%91%E9%BB%9B%E5%86%AC%E5%84%AA%E5%AD%90,observed,base,wiki_only,shinycolors_enza,9bd0445b-536e-4dff-b555-0f3863a5afc2,9bd0445b-536e-4dff-b555-0f3863a5afc2,2026-10-06T16:29:53+00:00,"[""W03""]","[""series_status"",""collab_work""]"
v1-93a6a8b8d40e754a,1.0,2026-10-08T02:45:18+00:00,【ジャンプ！スタッグ！！！】,idol_3c398182-7760-439e-8c77-3c09d173aa4c,芹沢あさひ,P,SSR,unit_5,ストレイライト,2019-06-30,permanent_gacha,[],unknown,,https://wikiwiki.jp/shinycolors/%E3%80%90%E3%82%B8%E3%83%A3%E3%83%B3%E3%83%97%EF%BC%81%E3%82%B9%E3%82%BF%E3%83%83%E3%82%B0%EF%BC%81%EF%BC%81%EF%BC%81%E3%80%91%E8%8A%B9%E6%B2%A2%E3%81%82%E3%81%95%E3%81%B2,observed,base,wiki_only,shinycolors_enza,9c6665b3-343f-4b4c-ac41-cd2e1ac01989,9c6665b3-343f-4b4c-ac41-cd2e1ac01989,2026-10-06T16:29:53+00:00,"[""W02""]","[""series_status"",""collab_work""]"
v1-93a6a8b8d40e754a,1.0,2026-10-08T02:45:18+00:00,【アイドルロード】,idol_b1cc8f6f-feab-4add-b5d9-d8777add7f60,大崎甜花,P,SSR,unit_4,アルストロメリア,,mission,[],unknown,,https://wikiwiki.jp/shinycolors/%E3%80%90%E7%99%BD%E3%81%84%E3%83%84%E3%83%90%E3%82%B5%E3%80%91%E5%A4%A7%E5%B4%8E%E7%94%9C%E8%8A%B1,observed,idol_road_ssr,wiki_only,shinycolors_enza,9cc55239-6be0-4650-9b01-f3735517c106,acab54e5-c230-44b5-b0b1-8ac2dc3b0b5a,2026-10-06T16:29:54+00:00,"[""W08""]","[""first_implemented_on"",""series_status"",""collab_work""]"
v1-93a6a8b8d40e754a,1.0,2026-10-08T02:45:18+00:00,【プリティ・スイート】,idol_7,園田智代子,P,SSR,unit_3,放課後クライマックスガールズ,2020-12-11,limited_gacha,[],unknown,,https://wikiwiki.jp/shinycolors/%E3%80%90%E3%83%97%E3%83%AA%E3%83%86%E3%82%A3%E3%83%BB%E3%82%B9%E3%82%A4%E3%83%BC%E3%83%88%E3%80%91%E5%9C%92%E7%94%B0%E6%99%BA%E4%BB%A3%E5%AD%90,observed,base,wiki_only,shinycolors_enza,9cd4dd3e-0069-4694-a07b-b0e9d3a708bd,9cd4dd3e-0069-4694-a07b-b0e9d3a708bd,2026-10-06T16:29:53+00:00,"[""W02""]","[""series_status"",""collab_work""]"
v1-93a6a8b8d40e754a,1.0,2026-10-08T02:45:18+00:00,【SETSUNA BEAT】,idol_52544385-3ea1-42e6-bb47-faff2c6f9b4f,桑山千雪,S,SR,unit_4,アルストロメリア,2022-08-14,gacha_bonus,[],unknown,,https://wikiwiki.jp/shinycolors/%E3%80%90SETSUNA%20BEAT%E3%80%91%E6%A1%91%E5%B1%B1%E5%8D%83%E9%9B%AA,observed,base,wiki_only,shinycolors_enza,9d5c4718-32ce-430a-a569-27f569789cb3,9d5c4718-32ce-430a-a569-27f569789cb3,2026-10-06T16:29:54+00:00,"[""W03""]","[""series_status"",""collab_work""]"
v1-93a6a8b8d40e754a,1.0,2026-10-08T02:45:18+00:00,【いっしょ】,idol_736d3fca-9560-4156-96fc-66cc0159ea42,七草にちか,S,SSR,unit_7,シーズ,2025-11-11,limited_gacha,"[""vote_selection""]",known,,https://wikiwiki.jp/shinycolors/%E3%80%90%E3%81%84%E3%81%A3%E3%81%97%E3%82%87%E3%80%91%E4%B8%83%E8%8D%89%E3%81%AB%E3%81%A1%E3%81%8B,observed,base,wiki_only,shinycolors_enza,9d6ece94-18cc-470c-a218-5635c4bcbac5,9d6ece94-18cc-470c-a218-5635c4bcbac5,2026-10-07T00:59:08+00:00,"[""W03""]","[""collab_work""]"
v1-93a6a8b8d40e754a,1.0,2026-10-08T02:45:18+00:00,【祈って、分け合って】,idol_813a7356-e821-43e7-b25f-c104ca28870d,西城樹里,S,SR,unit_3,放課後クライマックスガールズ,2024-02-08,event_reward,[],unknown,,https://wikiwiki.jp/shinycolors/%E3%80%90%E7%A5%88%E3%81%A3%E3%81%A6%E3%80%81%E5%88%86%E3%81%91%E5%90%88%E3%81%A3%E3%81%A6%E3%80%91%E8%A5%BF%E5%9F%8E%E6%A8%B9%E9%87%8C,observed,base,wiki_only,shinycolors_enza,9d720aaf-dc11-4f10-9342-20d18e3d61c2,9d720aaf-dc11-4f10-9342-20d18e3d61c2,2026-10-06T16:29:53+00:00,"[""W03""]","[""series_status"",""collab_work""]"
v1-93a6a8b8d40e754a,1.0,2026-10-08T02:45:18+00:00,【みんなと一緒に】,idol_6,田中摩美々,S,SR,unit_2,アンティーカ,2024-04-13,gacha_bonus,[],unknown,,https://wikiwiki.jp/shinycolors/%E3%80%90%E3%81%BF%E3%82%93%E3%81%AA%E3%81%A8%E4%B8%80%E7%B7%92%E3%81%AB%E3%80%91%E7%94%B0%E4%B8%AD%E6%91%A9%E7%BE%8E%E3%80%85,observed,base,wiki_only,shinycolors_enza,9dabfd3f-3d28-4ebc-99bf-ffff48f2e670,9dabfd3f-3d28-4ebc-99bf-ffff48f2e670,2026-10-06T16:29:54+00:00,"[""W03""]","[""series_status"",""collab_work""]"
v1-93a6a8b8d40e754a,1.0,2026-10-08T02:45:18+00:00,【渦と淵】,idol_ef328a51-2928-4d2d-a44f-5e3b92d305cf,白瀬咲耶,P,SSR,unit_2,アンティーカ,2021-09-10,permanent_gacha,[],unknown,,https://wikiwiki.jp/shinycolors/%E3%80%90%E6%B8%A6%E3%81%A8%E6%B7%B5%E3%80%91%E7%99%BD%E7%80%AC%E5%92%B2%E8%80%B6,observed,base,wiki_only,shinycolors_enza,9de3be1b-2660-4e36-a7d0-89d3f051f00b,9de3be1b-2660-4e36-a7d0-89d3f051f00b,2026-10-06T16:29:53+00:00,"[""W02""]","[""series_status"",""collab_work""]"
v1-93a6a8b8d40e754a,1.0,2026-10-08T02:45:18+00:00,【届け♡こん気持ち】,idol_e91e6363-2dc9-42c1-bbf1-a759e797c2d1,月岡恋鐘,S,SR,unit_2,アンティーカ,2025-01-21,event_reward,[],unknown,,https://wikiwiki.jp/shinycolors/%E3%80%90%E5%B1%8A%E3%81%91%E2%99%A1%E3%81%93%E3%82%93%E6%B0%97%E6%8C%81%E3%81%A1%E3%80%91%E6%9C%88%E5%B2%A1%E6%81%8B%E9%90%98,observed,base,wiki_only,shinycolors_enza,9dfef520-d352-41e4-9365-9437bac9c34a,9dfef520-d352-41e4-9365-9437bac9c34a,2026-10-06T16:29:53+00:00,"[""W03""]","[""series_status"",""collab_work""]"
v1-93a6a8b8d40e754a,1.0,2026-10-08T02:45:18+00:00,【ラヴ・レター】,idol_51651b60-7996-412b-bd16-5c1c3f3faebf,杜野凛世,P,SSR,unit_3,放課後クライマックスガールズ,2024-11-29,collection_gacha,"[""parallel""]",known,,https://wikiwiki.jp/shinycolors/%E3%80%90%E3%83%A9%E3%83%B4%E3%83%BB%E3%83%AC%E3%82%BF%E3%83%BC%E3%80%91%E6%9D%9C%E9%87%8E%E5%87%9B%E4%B8%96,observed,base,wiki_only,shinycolors_enza,9e0294ed-9bb8-461a-ab3c-284f1ecfd02b,9e0294ed-9bb8-461a-ab3c-284f1ecfd02b,2026-10-06T16:29:53+00:00,"[""W02""]","[""collab_work""]"
v1-93a6a8b8d40e754a,1.0,2026-10-08T02:45:18+00:00,【向こう側の君へ】,idol_d4177c5c-4600-4381-b5da-758f87fc23d7,八宮めぐる,S,SR,unit_1,イルミネーションスターズ,2026-08-19,event_reward,[],unknown,,https://wikiwiki.jp/shinycolors/%E3%80%90%E5%90%91%E3%81%93%E3%81%86%E5%81%B4%E3%81%AE%E5%90%9B%E3%81%B8%E3%80%91%E5%85%AB%E5%AE%AE%E3%82%81%E3%81%90%E3%82%8B,observed,base,wiki_only,shinycolors_enza,9e2b72ea-67b8-4fd9-b895-ef3d560e6041,9e2b72ea-67b8-4fd9-b895-ef3d560e6041,2026-10-06T16:29:53+00:00,"[""W03""]","[""series_status"",""collab_work""]"
v1-93a6a8b8d40e754a,1.0,2026-10-08T02:45:18+00:00,【あたたかく、癒されて】,idol_52544385-3ea1-42e6-bb47-faff2c6f9b4f,桑山千雪,S,SSR,unit_4,アルストロメリア,2025-01-09,permanent_gacha,[],unknown,,https://wikiwiki.jp/shinycolors/%E3%80%90%E3%81%82%E3%81%9F%E3%81%9F%E3%81%8B%E3%81%8F%E3%80%81%E7%99%92%E3%81%95%E3%82%8C%E3%81%A6%E3%80%91%E6%A1%91%E5%B1%B1%E5%8D%83%E9%9B%AA,observed,base,wiki_only,shinycolors_enza,9e81efc0-05b8-49b5-8081-327ee419b8d2,9e81efc0-05b8-49b5-8081-327ee419b8d2,2026-10-06T16:29:53+00:00,"[""W03""]","[""series_status"",""collab_work""]"
v1-93a6a8b8d40e754a,1.0,2026-10-08T02:45:18+00:00,【遊び疲れて……】,idol_0e2d3420-7295-4510-929d-01bf8378e12a,風野灯織,S,SR,unit_1,イルミネーションスターズ,2018-08-10,permanent_gacha,[],unknown,,https://wikiwiki.jp/shinycolors/%E3%80%90%E9%81%8A%E3%81%B3%E7%96%B2%E3%82%8C%E3%81%A6%E2%80%A6%E2%80%A6%E3%80%91%E9%A2%A8%E9%87%8E%E7%81%AF%E7%B9%94,observed,base,wiki_only,shinycolors_enza,9ee658e9-88ec-4791-b0ef-249cea200d4d,9ee658e9-88ec-4791-b0ef-249cea200d4d,2026-10-06T16:29:54+00:00,"[""W03""]","[""series_status"",""collab_work""]"
v1-93a6a8b8d40e754a,1.0,2026-10-08T02:45:18+00:00,【Re:BIRTH】,idol_72d6d5b6-dc2b-4e7c-90be-eb4770ba589b,市川雛菜,S,SSR,unit_6,ノクチル,2021-08-10,permanent_gacha,[],unknown,,https://wikiwiki.jp/shinycolors/%E3%80%90Re%EF%BC%9ABIRTH%E3%80%91%E5%B8%82%E5%B7%9D%E9%9B%9B%E8%8F%9C,observed,base,wiki_only,shinycolors_enza,9f2ea69e-c53b-4aa1-997e-5e9cffe2f185,9f2ea69e-c53b-4aa1-997e-5e9cffe2f185,2026-10-06T16:29:53+00:00,"[""W03""]","[""series_status"",""collab_work""]"
v1-93a6a8b8d40e754a,1.0,2026-10-08T02:45:18+00:00,【月中谷 咲華】,idol_e91e6363-2dc9-42c1-bbf1-a759e797c2d1,月岡恋鐘,S,SR,unit_2,アンティーカ,2026-04-01,gacha_bonus,[],unknown,,,not_found,base,wiki_only,shinycolors_enza,9f311aac-eb38-493b-a1cf-5010726f837b,9f311aac-eb38-493b-a1cf-5010726f837b,2026-10-06T16:29:53+00:00,"[""W03""]","[""series_status"",""collab_work"",""wiki_url""]"
v1-93a6a8b8d40e754a,1.0,2026-10-08T02:45:18+00:00,【これも可能性】,idol_ef328a51-2928-4d2d-a44f-5e3b92d305cf,白瀬咲耶,P,SSR,unit_2,アンティーカ,2026-09-29,collection_gacha,"[""casting""]",known,,https://wikiwiki.jp/shinycolors/%E3%80%90%E3%81%93%E3%82%8C%E3%82%82%E5%8F%AF%E8%83%BD%E6%80%A7%E3%80%91%E7%99%BD%E7%80%AC%E5%92%B2%E8%80%B6,observed,base,wiki_only,shinycolors_enza,9f392b32-4e08-478c-9d2f-8b613faa641b,9f392b32-4e08-478c-9d2f-8b613faa641b,2026-10-06T16:29:52+00:00,"[""W02""]","[""collab_work""]"
v1-93a6a8b8d40e754a,1.0,2026-10-08T02:45:18+00:00,【今、羽ばたく瞬間──。】,idol_d4177c5c-4600-4381-b5da-758f87fc23d7,八宮めぐる,S,SR,unit_1,イルミネーションスターズ,2024-04-06,campaign,[],unknown,,https://wikiwiki.jp/shinycolors/%E3%80%90%E4%BB%8A%E3%80%81%E7%BE%BD%E3%81%B0%E3%81%9F%E3%81%8F%E7%9E%AC%E9%96%93%E2%94%80%E2%94%80%E3%80%82%E3%80%91%E5%85%AB%E5%AE%AE%E3%82%81%E3%81%90%E3%82%8B,observed,base,wiki_only,shinycolors_enza,9f68e7d2-e305-451d-bb31-2011c6515e38,9f68e7d2-e305-451d-bb31-2011c6515e38,2026-10-06T16:29:54+00:00,"[""W03""]","[""series_status"",""collab_work""]"
v1-93a6a8b8d40e754a,1.0,2026-10-08T02:45:18+00:00,【短二度、一番線】,idol_736d3fca-9560-4156-96fc-66cc0159ea42,七草にちか,S,SSR,unit_7,シーズ,2023-04-02,limited_gacha,[],unknown,,https://wikiwiki.jp/shinycolors/%E3%80%90%E7%9F%AD%E4%BA%8C%E5%BA%A6%E3%80%81%E4%B8%80%E7%95%AA%E7%B7%9A%E3%80%91%E4%B8%83%E8%8D%89%E3%81%AB%E3%81%A1%E3%81%8B,observed,base,wiki_only,shinycolors_enza,9fa5b730-fa7d-4e05-b980-b3d1cdc96175,9fa5b730-fa7d-4e05-b980-b3d1cdc96175,2026-10-06T16:29:53+00:00,"[""W03""]","[""series_status"",""collab_work""]"
v1-93a6a8b8d40e754a,1.0,2026-10-08T02:45:18+00:00,【焼肉食べんね～】,idol_e91e6363-2dc9-42c1-bbf1-a759e797c2d1,月岡恋鐘,S,SSR,unit_2,アンティーカ,2026-04-25,gacha_bonus,[],unknown,,,not_found,base,wiki_only,shinycolors_enza,9ff2a63b-1328-48ae-b8e7-ae8bf96164eb,9ff2a63b-1328-48ae-b8e7-ae8bf96164eb,2026-10-06T16:29:53+00:00,"[""W03""]","[""series_status"",""collab_work"",""wiki_url""]"
v1-93a6a8b8d40e754a,1.0,2026-10-08T02:45:18+00:00,【円環 -Halo around-】,idol_3c398182-7760-439e-8c77-3c09d173aa4c,芹沢あさひ,S,SSR,unit_5,ストレイライト,2025-07-06,gacha_bonus,[],unknown,,https://wikiwiki.jp/shinycolors/%E3%80%90%E5%86%86%E7%92%B0%20-Halo%20around-%E3%80%91%E8%8A%B9%E6%B2%A2%E3%81%82%E3%81%95%E3%81%B2,observed,base,wiki_only,shinycolors_enza,a007873f-fdff-4146-8df3-964fb7079567,a007873f-fdff-4146-8df3-964fb7079567,2026-10-06T16:29:53+00:00,"[""W03""]","[""series_status"",""collab_work""]"
v1-93a6a8b8d40e754a,1.0,2026-10-08T02:45:18+00:00,【特訓！新婚生活】,idol_0e2d3420-7295-4510-929d-01bf8378e12a,風野灯織,S,SSR,unit_1,イルミネーションスターズ,2026-03-20,limited_gacha,[],unknown,,https://wikiwiki.jp/shinycolors/%E3%80%90%E7%89%B9%E8%A8%93%EF%BC%81%E6%96%B0%E5%A9%9A%E7%94%9F%E6%B4%BB%E3%80%91%E9%A2%A8%E9%87%8E%E7%81%AF%E7%B9%94,observed,base,wiki_only,shinycolors_enza,a01abd59-449b-42fc-a245-fa81082b951f,a01abd59-449b-42fc-a245-fa81082b951f,2026-10-06T16:29:53+00:00,"[""W03""]","[""series_status"",""collab_work""]"
v1-93a6a8b8d40e754a,1.0,2026-10-08T02:45:18+00:00,【碧天にとけて】,idol_813a7356-e821-43e7-b25f-c104ca28870d,西城樹里,S,SR,unit_3,放課後クライマックスガールズ,2026-05-21,collaboration_gacha,[],unknown,,https://wikiwiki.jp/shinycolors/%E3%80%90%E7%A2%A7%E5%A4%A9%E3%81%AB%E3%81%A8%E3%81%91%E3%81%A6%E3%80%91%E8%A5%BF%E5%9F%8E%E6%A8%B9%E9%87%8C,observed,base,wiki_only,shinycolors_enza,a02fbe7c-1e66-4d2d-ae37-e9407c3eb4b7,a02fbe7c-1e66-4d2d-ae37-e9407c3eb4b7,2026-10-06T16:29:53+00:00,"[""W03""]","[""series_status"",""collab_work""]"
v1-93a6a8b8d40e754a,1.0,2026-10-08T02:45:18+00:00,【Actors】,idol_1ce77ccc-ec2b-495a-862a-135325c38348,黒川あかね,S,SSR,,,2024-08-07,event_reward,[],unknown,【推しの子】,https://wikiwiki.jp/shinycolors/%E3%80%90Actors%E3%80%91%E9%BB%92%E5%B7%9D%E3%81%82%E3%81%8B%E3%81%AD,observed,base,wiki_only,shinycolors_enza,a031f837-9910-40ad-9772-90ec7b098b0c,a031f837-9910-40ad-9772-90ec7b098b0c,2026-10-06T16:29:53+00:00,"[""W03""]","[""unit_id"",""unit_name"",""series_status""]"
v1-93a6a8b8d40e754a,1.0,2026-10-08T02:45:18+00:00,【リバースホーム】,idol_3,浅倉透,S,SSR,unit_6,ノクチル,2026-05-04,limited_gacha,"[""birthday""]",known,,https://wikiwiki.jp/shinycolors/%E3%80%90%E3%83%AA%E3%83%90%E3%83%BC%E3%82%B9%E3%83%9B%E3%83%BC%E3%83%A0%E3%80%91%E6%B5%85%E5%80%89%E9%80%8F,observed,base,wiki_only,shinycolors_enza,a04c1f3d-eb42-4eb3-9ead-8dd5fe5639a1,a04c1f3d-eb42-4eb3-9ead-8dd5fe5639a1,2026-10-06T16:29:53+00:00,"[""W03""]","[""collab_work""]"
v1-93a6a8b8d40e754a,1.0,2026-10-08T02:45:18+00:00,【Three Captures】,idol_0c19be81-d3e3-4383-b5d4-0a94b290dba9,斑鳩ルカ,S,SSR,unit_8,コメティック,2026-01-30,event_reward,[],unknown,,https://wikiwiki.jp/shinycolors/%E3%80%90Three%20Captures%E3%80%91%E6%96%91%E9%B3%A9%E3%83%AB%E3%82%AB,observed,base,wiki_only,shinycolors_enza,a06817f9-dfc3-47fc-af6c-09131824f59f,a06817f9-dfc3-47fc-af6c-09131824f59f,2026-10-06T16:29:53+00:00,"[""W03""]","[""series_status"",""collab_work""]"
v1-93a6a8b8d40e754a,1.0,2026-10-08T02:45:18+00:00,【ツバサグラビティ】,idol_1,櫻木真乃,S,SR,unit_1,イルミネーションスターズ,2024-04-10,campaign,[],unknown,,https://wikiwiki.jp/shinycolors/%E3%80%90%E3%83%84%E3%83%90%E3%82%B5%E3%82%B0%E3%83%A9%E3%83%93%E3%83%86%E3%82%A3%E3%80%91%E6%AB%BB%E6%9C%A8%E7%9C%9F%E4%B9%83,observed,base,wiki_only,shinycolors_enza,a0698581-26f3-4912-a892-4bec71106058,a0698581-26f3-4912-a892-4bec71106058,2026-10-06T16:29:54+00:00,"[""W03""]","[""series_status"",""collab_work""]"
v1-93a6a8b8d40e754a,1.0,2026-10-08T02:45:18+00:00,【Boiling Sky】,idol_3c398182-7760-439e-8c77-3c09d173aa4c,芹沢あさひ,P,SSR,unit_5,ストレイライト,2023-01-31,collection_gacha,"[""mysongs""]",known,,https://wikiwiki.jp/shinycolors/%E3%80%90Boiling%20Sky%E3%80%91%E8%8A%B9%E6%B2%A2%E3%81%82%E3%81%95%E3%81%B2,observed,base,wiki_only,shinycolors_enza,a076823c-23fa-4c6c-84ec-49112bc6507e,a076823c-23fa-4c6c-84ec-49112bc6507e,2026-10-06T16:29:53+00:00,"[""W02""]","[""collab_work""]"
v1-93a6a8b8d40e754a,1.0,2026-10-08T02:45:18+00:00,【マメ丸と一緒！】,idol_df07e98b-12f2-4984-b8f6-8da0a47c0cc7,小宮果穂,P,SR,unit_3,放課後クライマックスガールズ,2018-04-24,permanent_gacha,[],unknown,,https://wikiwiki.jp/shinycolors/%E3%80%90%E3%83%9E%E3%83%A1%E4%B8%B8%E3%81%A8%E4%B8%80%E7%B7%92%E3%80%91%E5%B0%8F%E5%AE%AE%E6%9E%9C%E7%A9%82,observed,base,wiki_only,shinycolors_enza,a07f9aeb-53a8-4216-8266-515cdf9fa9f2,a07f9aeb-53a8-4216-8266-515cdf9fa9f2,2026-10-06T16:29:53+00:00,"[""W02""]","[""series_status"",""collab_work""]"
v1-93a6a8b8d40e754a,1.0,2026-10-08T02:45:18+00:00,【MUGEN BEAT】,idol_e579db5c-0930-4984-aa40-ebe5a00e8a4f,幽谷霧子,S,SR,unit_2,アンティーカ,2022-10-23,gacha_bonus,[],unknown,,https://wikiwiki.jp/shinycolors/%E3%80%90MUGEN%20BEAT%E3%80%91%E5%B9%BD%E8%B0%B7%E9%9C%A7%E5%AD%90,observed,base,wiki_only,shinycolors_enza,a0db4acf-fdd0-4a47-8e44-64b9b22a7e2f,a0db4acf-fdd0-4a47-8e44-64b9b22a7e2f,2026-10-06T16:29:54+00:00,"[""W03""]","[""series_status"",""collab_work""]"
v1-93a6a8b8d40e754a,1.0,2026-10-08T02:45:18+00:00,【四夜一夜物語】,idol_b1cc8f6f-feab-4add-b5d9-d8777add7f60,大崎甜花,P,SSR,unit_4,アルストロメリア,2020-04-20,limited_gacha,[],unknown,,https://wikiwiki.jp/shinycolors/%E3%80%90%E5%9B%9B%E5%A4%9C%E4%B8%80%E5%A4%9C%E7%89%A9%E8%AA%9E%E3%80%91%E5%A4%A7%E5%B4%8E%E7%94%9C%E8%8A%B1,observed,base,wiki_only,shinycolors_enza,a103efb7-081a-4b8c-9503-521f6bdfc706,a103efb7-081a-4b8c-9503-521f6bdfc706,2026-10-06T16:29:53+00:00,"[""W02""]","[""series_status"",""collab_work""]"
v1-93a6a8b8d40e754a,1.0,2026-10-08T02:45:18+00:00,【アイドルロード】,idol_3,浅倉透,P,SSR,unit_6,ノクチル,,mission,[],unknown,,https://wikiwiki.jp/shinycolors/%E3%80%90%E7%99%BD%E3%81%84%E3%83%84%E3%83%90%E3%82%B5%E3%80%91%E6%B5%85%E5%80%89%E9%80%8F,observed,idol_road_ssr,wiki_only,shinycolors_enza,a120620a-278a-429f-b209-0a2c0febe59a,63cbf3e0-d4cb-4772-bdb0-4f0c89e54245,2026-10-06T16:29:54+00:00,"[""W08""]","[""first_implemented_on"",""series_status"",""collab_work""]"
v1-93a6a8b8d40e754a,1.0,2026-10-08T02:45:18+00:00,【君・記・我・憶】,idol_e579db5c-0930-4984-aa40-ebe5a00e8a4f,幽谷霧子,S,SR,unit_2,アンティーカ,2024-11-19,event_reward,[],unknown,,https://wikiwiki.jp/shinycolors/%E3%80%90%E5%90%9B%E3%83%BB%E8%A8%98%E3%83%BB%E6%88%91%E3%83%BB%E6%86%B6%E3%80%91%E5%B9%BD%E8%B0%B7%E9%9C%A7%E5%AD%90,observed,base,wiki_only,shinycolors_enza,a129ebc0-b938-424b-9093-5c99b807ce1a,a129ebc0-b938-424b-9093-5c99b807ce1a,2026-10-06T16:29:53+00:00,"[""W03""]","[""series_status"",""collab_work""]"
v1-93a6a8b8d40e754a,1.0,2026-10-08T02:45:18+00:00,【アップ・トゥ・ユー】,idol_d4177c5c-4600-4381-b5da-758f87fc23d7,八宮めぐる,S,SSR,unit_1,イルミネーションスターズ,2020-09-11,permanent_gacha,[],unknown,,https://wikiwiki.jp/shinycolors/%E3%80%90%E3%82%A2%E3%83%83%E3%83%97%E3%83%BB%E3%83%88%E3%82%A5%E3%83%BB%E3%83%A6%E3%83%BC%E3%80%91%E5%85%AB%E5%AE%AE%E3%82%81%E3%81%90%E3%82%8B,observed,base,wiki_only,shinycolors_enza,a14bc2e4-ae1d-46dd-a9a1-6204ebb7d6da,a14bc2e4-ae1d-46dd-a9a1-6204ebb7d6da,2026-10-06T16:29:53+00:00,"[""W03""]","[""series_status"",""collab_work""]"
v1-93a6a8b8d40e754a,1.0,2026-10-08T02:45:18+00:00,【モラトリアム・レポート】,idol_6,田中摩美々,P,SSR,unit_2,アンティーカ,2025-09-29,collection_gacha,"[""parallel""]",known,,https://wikiwiki.jp/shinycolors/%E3%80%90%E3%83%A2%E3%83%A9%E3%83%88%E3%83%AA%E3%82%A2%E3%83%A0%E3%83%BB%E3%83%AC%E3%83%9D%E3%83%BC%E3%83%88%E3%80%91%E7%94%B0%E4%B8%AD%E6%91%A9%E7%BE%8E%E3%80%85,observed,base,wiki_only,shinycolors_enza,a17b9fb6-6ca7-453f-bf0a-6934981b4082,a17b9fb6-6ca7-453f-bf0a-6934981b4082,2026-10-06T16:29:53+00:00,"[""W02""]","[""collab_work""]"
v1-93a6a8b8d40e754a,1.0,2026-10-08T02:45:18+00:00,【友情BURNING！】,idol_df07e98b-12f2-4984-b8f6-8da0a47c0cc7,小宮果穂,S,SSR,unit_3,放課後クライマックスガールズ,2024-02-28,limited_gacha,"[""vote_selection""]",known,,https://wikiwiki.jp/shinycolors/%E3%80%90%E5%8F%8B%E6%83%85BURNING%EF%BC%81%E3%80%91%E5%B0%8F%E5%AE%AE%E6%9E%9C%E7%A9%82,observed,base,wiki_only,shinycolors_enza,a187864c-1c66-4d91-839a-5b47d4ad296d,a187864c-1c66-4d91-839a-5b47d4ad296d,2026-10-07T00:59:08+00:00,"[""W03""]","[""collab_work""]"
v1-93a6a8b8d40e754a,1.0,2026-10-08T02:45:18+00:00,【ノエル・エンプレス】,idol_0c19be81-d3e3-4383-b5d4-0a94b290dba9,斑鳩ルカ,S,SSR,unit_8,コメティック,2025-12-24,limited_gacha,[],unknown,,https://wikiwiki.jp/shinycolors/%E3%80%90%E3%83%8E%E3%82%A8%E3%83%AB%E3%83%BB%E3%82%A8%E3%83%B3%E3%83%97%E3%83%AC%E3%82%B9%E3%80%91%E6%96%91%E9%B3%A9%E3%83%AB%E3%82%AB,observed,base,wiki_only,shinycolors_enza,a1b33123-3109-434f-9237-e34c4f0e2c9a,a1b33123-3109-434f-9237-e34c4f0e2c9a,2026-10-06T16:29:53+00:00,"[""W03""]","[""series_status"",""collab_work""]"
v1-93a6a8b8d40e754a,1.0,2026-10-08T02:45:18+00:00,【In red】,idol_5,ルビー,P,SSR,,,2024-08-14,collaboration_gacha,[],unknown,【推しの子】,https://wikiwiki.jp/shinycolors/%E3%80%90In%20red%E3%80%91%E3%83%AB%E3%83%93%E3%83%BC,observed,base,wiki_only,shinycolors_enza,a1fe3a88-5886-4078-a407-7346b9575024,a1fe3a88-5886-4078-a407-7346b9575024,2026-10-06T16:29:53+00:00,"[""W02""]","[""unit_id"",""unit_name"",""series_status""]"
v1-93a6a8b8d40e754a,1.0,2026-10-08T02:45:18+00:00,【IN THE MOOD VOL.3】,idol_81093365-1df1-4e6c-a252-27625c47ab96,三峰結華,S,SR,unit_2,アンティーカ,2024-07-09,event_reward,[],unknown,,https://wikiwiki.jp/shinycolors/%E3%80%90IN%20THE%20MOOD%20VOL.3%E3%80%91%E4%B8%89%E5%B3%B0%E7%B5%90%E8%8F%AF,observed,base,wiki_only,shinycolors_enza,a2147a73-de6c-46d6-8e9c-05a9e9217ff6,a2147a73-de6c-46d6-8e9c-05a9e9217ff6,2026-10-06T16:29:53+00:00,"[""W03""]","[""series_status"",""collab_work""]"
v1-93a6a8b8d40e754a,1.0,2026-10-08T02:45:18+00:00,【コウカンシンケイドールズ】,idol_3c398182-7760-439e-8c77-3c09d173aa4c,芹沢あさひ,S,SSR,unit_5,ストレイライト,2025-01-30,exchange,[],unknown,,https://wikiwiki.jp/shinycolors/%E3%80%90%E3%82%B3%E3%82%A6%E3%82%AB%E3%83%B3%E3%82%B7%E3%83%B3%E3%82%B1%E3%82%A4%E3%83%89%E3%83%BC%E3%83%AB%E3%82%BA%E3%80%91%E8%8A%B9%E6%B2%A2%E3%81%82%E3%81%95%E3%81%B2,observed,base,wiki_only,shinycolors_enza,a242aad3-c259-4662-ba1f-d847ce4f2869,a242aad3-c259-4662-ba1f-d847ce4f2869,2026-10-06T16:29:53+00:00,"[""W03""]","[""series_status"",""collab_work""]"
v1-93a6a8b8d40e754a,1.0,2026-10-08T02:45:18+00:00,【アイドルロード】,idol_e579db5c-0930-4984-aa40-ebe5a00e8a4f,幽谷霧子,P,SSR,unit_2,アンティーカ,,mission,[],unknown,,https://wikiwiki.jp/shinycolors/%E3%80%90%E7%99%BD%E3%81%84%E3%83%84%E3%83%90%E3%82%B5%E3%80%91%E5%B9%BD%E8%B0%B7%E9%9C%A7%E5%AD%90,observed,idol_road_ssr,wiki_only,shinycolors_enza,a27299f0-61bd-4e5d-b123-0c35b1825cfb,6bdac124-8fa5-4a7f-bf36-99a8b24e4ed8,2026-10-06T16:29:54+00:00,"[""W08""]","[""first_implemented_on"",""series_status"",""collab_work""]"
v1-93a6a8b8d40e754a,1.0,2026-10-08T02:45:18+00:00,【一人分の空、一枚の羽】,idol_1,櫻木真乃,S,SSR,unit_1,イルミネーションスターズ,2023-10-27,other_bonus,[],unknown,,https://wikiwiki.jp/shinycolors/%E3%80%90%E4%B8%80%E4%BA%BA%E5%88%86%E3%81%AE%E7%A9%BA%E3%80%81%E4%B8%80%E6%9E%9A%E3%81%AE%E7%BE%BD%E3%80%91%E6%AB%BB%E6%9C%A8%E7%9C%9F%E4%B9%83,observed,base,wiki_only,shinycolors_enza,a2740235-ca3e-4662-8bc4-11ed807e42fc,a2740235-ca3e-4662-8bc4-11ed807e42fc,2026-10-06T16:33:42+00:00,"[""W03""]","[""series_status"",""collab_work""]"
v1-93a6a8b8d40e754a,1.0,2026-10-08T02:45:18+00:00,【With you】,idol_b1cc8f6f-feab-4add-b5d9-d8777add7f60,大崎甜花,S,SSR,unit_4,アルストロメリア,2024-11-23,gacha_bonus,[],unknown,,https://wikiwiki.jp/shinycolors/%E3%80%90With%20you%E3%80%91%E5%A4%A7%E5%B4%8E%E7%94%9C%E8%8A%B1,observed,base,wiki_only,shinycolors_enza,a31c9817-d53b-4ca0-be9d-37d0e0ef74a6,a31c9817-d53b-4ca0-be9d-37d0e0ef74a6,2026-10-06T16:29:53+00:00,"[""W03""]","[""series_status"",""collab_work""]"
v1-93a6a8b8d40e754a,1.0,2026-10-08T02:45:18+00:00,【はるかぜまち、1番地】,idol_52544385-3ea1-42e6-bb47-faff2c6f9b4f,桑山千雪,P,SSR,unit_4,アルストロメリア,2020-03-10,permanent_gacha,[],unknown,,https://wikiwiki.jp/shinycolors/%E3%80%90%E3%81%AF%E3%82%8B%E3%81%8B%E3%81%9C%E3%81%BE%E3%81%A1%E3%80%811%E7%95%AA%E5%9C%B0%E3%80%91%E6%A1%91%E5%B1%B1%E5%8D%83%E9%9B%AA,observed,base,wiki_only,shinycolors_enza,a33006a0-0f5e-4096-8f69-f0b69da6c149,a33006a0-0f5e-4096-8f69-f0b69da6c149,2026-10-06T16:29:53+00:00,"[""W02""]","[""series_status"",""collab_work""]"
v1-93a6a8b8d40e754a,1.0,2026-10-08T02:45:18+00:00,"【Performance Uka,】",idol_0e2d3420-7295-4510-929d-01bf8378e12a,風野灯織,S,SR,unit_1,イルミネーションスターズ,2025-05-10,campaign,[],unknown,,https://wikiwiki.jp/shinycolors/%E3%80%90Performance%20Uka%2C%E3%80%91%E9%A2%A8%E9%87%8E%E7%81%AF%E7%B9%94,observed,base,wiki_only,shinycolors_enza,a35ba755-b726-45f9-aaf1-94bc1ece4a0d,a35ba755-b726-45f9-aaf1-94bc1ece4a0d,2026-10-06T16:29:53+00:00,"[""W03""]","[""series_status"",""collab_work""]"
v1-93a6a8b8d40e754a,1.0,2026-10-08T02:45:18+00:00,【♡コメディ】,idol_81093365-1df1-4e6c-a252-27625c47ab96,三峰結華,P,SSR,unit_2,アンティーカ,2021-08-10,permanent_gacha,[],unknown,,https://wikiwiki.jp/shinycolors/%E3%80%90%E2%99%A1%E3%82%B3%E3%83%A1%E3%83%87%E3%82%A3%E3%80%91%E4%B8%89%E5%B3%B0%E7%B5%90%E8%8F%AF,observed,base,wiki_only,shinycolors_enza,a396cfda-8fae-4693-8575-e14f87262d15,a396cfda-8fae-4693-8575-e14f87262d15,2026-10-06T16:29:53+00:00,"[""W02""]","[""series_status"",""collab_work""]"
v1-93a6a8b8d40e754a,1.0,2026-10-08T02:45:18+00:00,【なつやすみ学校】,idol_e5ce74fd-2caf-4c1d-a696-0b1f17f7a53e,福丸小糸,P,SSR,unit_6,ノクチル,2022-07-11,permanent_gacha,[],unknown,,https://wikiwiki.jp/shinycolors/%E3%80%90%E3%81%AA%E3%81%A4%E3%82%84%E3%81%99%E3%81%BF%E5%AD%A6%E6%A0%A1%E3%80%91%E7%A6%8F%E4%B8%B8%E5%B0%8F%E7%B3%B8,observed,base,wiki_only,shinycolors_enza,a3a34d27-effc-4673-a371-006351ee97fc,a3a34d27-effc-4673-a371-006351ee97fc,2026-10-06T16:29:53+00:00,"[""W02""]","[""series_status"",""collab_work""]"
v1-93a6a8b8d40e754a,1.0,2026-10-08T02:45:18+00:00,【283プロのヒナ】,idol_ef328a51-2928-4d2d-a44f-5e3b92d305cf,白瀬咲耶,S,R,unit_2,アンティーカ,2018-04-24,permanent_gacha,[],unknown,,https://wikiwiki.jp/shinycolors/%E3%80%90283%E3%83%97%E3%83%AD%E3%81%AE%E3%83%92%E3%83%8A%E3%80%91%E7%99%BD%E7%80%AC%E5%92%B2%E8%80%B6,observed,base,wiki_only,shinycolors_enza,a3d26476-cc96-4317-b8b8-6b5c8d441fde,a3d26476-cc96-4317-b8b8-6b5c8d441fde,2026-10-06T16:29:54+00:00,"[""W03""]","[""series_status"",""collab_work""]"
v1-93a6a8b8d40e754a,1.0,2026-10-08T02:45:18+00:00,【甜花の恩返し】,idol_b1cc8f6f-feab-4add-b5d9-d8777add7f60,大崎甜花,S,SSR,unit_4,アルストロメリア,2024-11-19,limited_gacha,[],unknown,,https://wikiwiki.jp/shinycolors/%E3%80%90%E7%94%9C%E8%8A%B1%E3%81%AE%E6%81%A9%E8%BF%94%E3%81%97%E3%80%91%E5%A4%A7%E5%B4%8E%E7%94%9C%E8%8A%B1,observed,base,wiki_only,shinycolors_enza,a3e04935-28c3-408d-9879-70dc6392521d,a3e04935-28c3-408d-9879-70dc6392521d,2026-10-06T16:29:53+00:00,"[""W03""]","[""series_status"",""collab_work""]"
v1-93a6a8b8d40e754a,1.0,2026-10-08T02:45:18+00:00,【Be red】,idol_5,ルビー,P,SSR,,,2023-07-10,collaboration_gacha,[],unknown,【推しの子】,https://wikiwiki.jp/shinycolors/%E3%80%90Be%20red%E3%80%91%E3%83%AB%E3%83%93%E3%83%BC,observed,base,wiki_only,shinycolors_enza,a3fb8bcb-8eb6-4ec5-91ef-ca995afe75d5,a3fb8bcb-8eb6-4ec5-91ef-ca995afe75d5,2026-10-06T16:29:53+00:00,"[""W02""]","[""unit_id"",""unit_name"",""series_status""]"
v1-93a6a8b8d40e754a,1.0,2026-10-08T02:45:18+00:00,【紅蘭偉魔空珠に挑め！】,idol_7,園田智代子,S,SSR,unit_3,放課後クライマックスガールズ,2019-05-31,event_reward,[],unknown,,https://wikiwiki.jp/shinycolors/%E3%80%90%E7%B4%85%E8%98%AD%E5%81%89%E9%AD%94%E7%A9%BA%E7%8F%A0%E3%81%AB%E6%8C%91%E3%82%81%EF%BC%81%E3%80%91%E5%9C%92%E7%94%B0%E6%99%BA%E4%BB%A3%E5%AD%90,observed,base,wiki_only,shinycolors_enza,a40c4105-b964-4329-bfcc-f47d8c161ec0,a40c4105-b964-4329-bfcc-f47d8c161ec0,2026-10-06T16:29:53+00:00,"[""W03""]","[""series_status"",""collab_work""]"
v1-93a6a8b8d40e754a,1.0,2026-10-08T02:45:18+00:00,【X-DAY】,idol_6874153a-a7f6-426a-98f0-815f121eeca4,緋田美琴,S,SSR,unit_7,シーズ,2021-12-28,gacha_bonus,[],unknown,,https://wikiwiki.jp/shinycolors/%E3%80%90X-DAY%E3%80%91%E7%B7%8B%E7%94%B0%E7%BE%8E%E7%90%B4,observed,base,wiki_only,shinycolors_enza,a40eb2d4-8697-48a7-aa18-b0e982a7880c,a40eb2d4-8697-48a7-aa18-b0e982a7880c,2026-10-06T16:29:53+00:00,"[""W03""]","[""series_status"",""collab_work""]"
v1-93a6a8b8d40e754a,1.0,2026-10-08T02:45:18+00:00,【Chapter283】,idol_52544385-3ea1-42e6-bb47-faff2c6f9b4f,桑山千雪,S,SR,unit_4,アルストロメリア,2024-10-05,gacha_bonus,[],unknown,,https://wikiwiki.jp/shinycolors/%E3%80%90Chapter283%E3%80%91%E6%A1%91%E5%B1%B1%E5%8D%83%E9%9B%AA,observed,base,wiki_only,shinycolors_enza,a4430c7d-aeaf-46f3-81f9-69d6c357ddf6,a4430c7d-aeaf-46f3-81f9-69d6c357ddf6,2026-10-06T16:29:54+00:00,"[""W03""]","[""series_status"",""collab_work""]"
v1-93a6a8b8d40e754a,1.0,2026-10-08T02:45:18+00:00,【SETSUNA BEAT】,idol_51651b60-7996-412b-bd16-5c1c3f3faebf,杜野凛世,S,SR,unit_3,放課後クライマックスガールズ,2022-08-13,gacha_bonus,[],unknown,,https://wikiwiki.jp/shinycolors/%E3%80%90SETSUNA%20BEAT%E3%80%91%E6%9D%9C%E9%87%8E%E5%87%9B%E4%B8%96,observed,base,wiki_only,shinycolors_enza,a4440a29-137d-4727-a469-0eeb95088c17,a4440a29-137d-4727-a469-0eeb95088c17,2026-10-06T16:29:54+00:00,"[""W03""]","[""series_status"",""collab_work""]"
v1-93a6a8b8d40e754a,1.0,2026-10-08T02:45:18+00:00,【'25Pカップランクイン】,idol_d4177c5c-4600-4381-b5da-758f87fc23d7,八宮めぐる,S,SSR,unit_1,イルミネーションスターズ,2025-04-15,event_reward,[],unknown,,,not_found,base,wiki_only,shinycolors_enza,a4c43e0f-53d4-46e8-bfce-185a405100bc,a4c43e0f-53d4-46e8-bfce-185a405100bc,2026-10-06T16:29:53+00:00,"[""W03""]","[""series_status"",""collab_work"",""wiki_url""]"
v1-93a6a8b8d40e754a,1.0,2026-10-08T02:45:18+00:00,【ふいにサマーシャワー】,idol_6,田中摩美々,S,SR,unit_2,アンティーカ,2026-08-07,collaboration_gacha,[],unknown,,https://wikiwiki.jp/shinycolors/%E3%80%90%E3%81%B5%E3%81%84%E3%81%AB%E3%82%B5%E3%83%9E%E3%83%BC%E3%82%B7%E3%83%A3%E3%83%AF%E3%83%BC%E3%80%91%E7%94%B0%E4%B8%AD%E6%91%A9%E7%BE%8E%E3%80%85,observed,base,wiki_only,shinycolors_enza,a533fe20-5915-4952-8715-212ac14d557f,a533fe20-5915-4952-8715-212ac14d557f,2026-10-06T16:29:53+00:00,"[""W03""]","[""series_status"",""collab_work""]"
v1-93a6a8b8d40e754a,1.0,2026-10-08T02:45:18+00:00,【楓・風・娘・娘】,idol_e579db5c-0930-4984-aa40-ebe5a00e8a4f,幽谷霧子,S,SSR,unit_2,アンティーカ,2023-10-10,permanent_gacha,[],unknown,,https://wikiwiki.jp/shinycolors/%E3%80%90%E6%A5%93%E3%83%BB%E9%A2%A8%E3%83%BB%E5%A8%98%E3%83%BB%E5%A8%98%E3%80%91%E5%B9%BD%E8%B0%B7%E9%9C%A7%E5%AD%90,observed,base,wiki_only,shinycolors_enza,a58887b5-46ca-4cbc-9ef2-16d48893f20e,a58887b5-46ca-4cbc-9ef2-16d48893f20e,2026-10-06T16:29:53+00:00,"[""W03""]","[""series_status"",""collab_work""]"
v1-93a6a8b8d40e754a,1.0,2026-10-08T02:45:18+00:00,【分光-1-】,idol_1,櫻木真乃,S,SSR,unit_1,イルミネーションスターズ,2025-03-28,other_bonus,[],unknown,,https://wikiwiki.jp/shinycolors/%E3%80%90%E5%88%86%E5%85%89-1-%E3%80%91%E6%AB%BB%E6%9C%A8%E7%9C%9F%E4%B9%83,observed,base,wiki_only,shinycolors_enza,a5b05c45-06e3-4dd9-81e5-5af6714a42b8,a5b05c45-06e3-4dd9-81e5-5af6714a42b8,2026-10-06T16:33:42+00:00,"[""W03""]","[""series_status"",""collab_work""]"
v1-93a6a8b8d40e754a,1.0,2026-10-08T02:45:18+00:00,【挑戦アトラクティブ】,idol_8c18b422-295c-4259-9e14-413685deb7f8,大崎甘奈,P,SSR,unit_4,アルストロメリア,2025-04-10,collection_gacha,"[""twilights""]",known,,https://wikiwiki.jp/shinycolors/%E3%80%90%E6%8C%91%E6%88%A6%E3%82%A2%E3%83%88%E3%83%A9%E3%82%AF%E3%83%86%E3%82%A3%E3%83%96%E3%80%91%E5%A4%A7%E5%B4%8E%E7%94%98%E5%A5%88,observed,base,wiki_only,shinycolors_enza,a61cb6d5-a4ff-4587-963d-1688e33aaf94,a61cb6d5-a4ff-4587-963d-1688e33aaf94,2026-10-06T16:29:53+00:00,"[""W02""]","[""collab_work""]"
v1-93a6a8b8d40e754a,1.0,2026-10-08T02:45:18+00:00,【アイドルロード】,idol_736d3fca-9560-4156-96fc-66cc0159ea42,七草にちか,P,SSR,unit_7,シーズ,,mission,[],unknown,,https://wikiwiki.jp/shinycolors/%E3%80%90%E7%99%BD%E3%81%84%E3%83%84%E3%83%90%E3%82%B5%E3%80%91%E4%B8%83%E8%8D%89%E3%81%AB%E3%81%A1%E3%81%8B,observed,idol_road_ssr,wiki_only,shinycolors_enza,a64ae37f-1ca2-46f2-9508-84b466f87606,9ae4b586-6a89-4c43-ba77-9002e093db4b,2026-10-06T16:29:54+00:00,"[""W08""]","[""first_implemented_on"",""series_status"",""collab_work""]"
v1-93a6a8b8d40e754a,1.0,2026-10-08T02:45:18+00:00,【'25Pカップ】,idol_1,櫻木真乃,S,SR,unit_1,イルミネーションスターズ,2025-04-15,event_reward,[],unknown,,https://wikiwiki.jp/shinycolors/%E3%80%90%2725P%E3%82%AB%E3%83%83%E3%83%97%E3%80%91%E6%AB%BB%E6%9C%A8%E7%9C%9F%E4%B9%83,observed,base,wiki_only,shinycolors_enza,a64f5d9d-20a0-46cb-bba2-747504326c8e,a64f5d9d-20a0-46cb-bba2-747504326c8e,2026-10-06T16:29:53+00:00,"[""W03""]","[""series_status"",""collab_work""]"
v1-93a6a8b8d40e754a,1.0,2026-10-08T02:45:18+00:00,【眩いステージ】,idol_81093365-1df1-4e6c-a252-27625c47ab96,三峰結華,P,SSR,unit_2,アンティーカ,2025-06-29,collection_gacha,"[""parallel""]",known,,https://wikiwiki.jp/shinycolors/%E3%80%90%E7%9C%A9%E3%81%84%E3%82%B9%E3%83%86%E3%83%BC%E3%82%B8%E3%80%91%E4%B8%89%E5%B3%B0%E7%B5%90%E8%8F%AF,observed,base,wiki_only,shinycolors_enza,a668efac-361d-41a2-ab48-4ba230aca0b5,a668efac-361d-41a2-ab48-4ba230aca0b5,2026-10-06T16:29:53+00:00,"[""W02""]","[""collab_work""]"
v1-93a6a8b8d40e754a,1.0,2026-10-08T02:45:18+00:00,【柔らかな微笑み】,idol_0e2d3420-7295-4510-929d-01bf8378e12a,風野灯織,P,SSR,unit_1,イルミネーションスターズ,2018-04-24,permanent_gacha,[],unknown,,https://wikiwiki.jp/shinycolors/%E3%80%90%E6%9F%94%E3%82%89%E3%81%8B%E3%81%AA%E5%BE%AE%E7%AC%91%E3%81%BF%E3%80%91%E9%A2%A8%E9%87%8E%E7%81%AF%E7%B9%94,observed,base,wiki_only,shinycolors_enza,a66f40e8-9e34-4dff-87db-f16106ac1a98,a66f40e8-9e34-4dff-87db-f16106ac1a98,2026-10-06T16:29:53+00:00,"[""W02""]","[""series_status"",""collab_work""]"
v1-93a6a8b8d40e754a,1.0,2026-10-08T02:45:18+00:00,【一番大事なもの】,idol_ef328a51-2928-4d2d-a44f-5e3b92d305cf,白瀬咲耶,S,SR,unit_2,アンティーカ,2024-11-16,campaign,[],unknown,,https://wikiwiki.jp/shinycolors/%E3%80%90%E4%B8%80%E7%95%AA%E5%A4%A7%E4%BA%8B%E3%81%AA%E3%82%82%E3%81%AE%E3%80%91%E7%99%BD%E7%80%AC%E5%92%B2%E8%80%B6,observed,base,wiki_only,shinycolors_enza,a6726b08-12a8-4999-8233-ffb176bab7ae,a6726b08-12a8-4999-8233-ffb176bab7ae,2026-10-06T16:29:54+00:00,"[""W03""]","[""series_status"",""collab_work""]"
v1-93a6a8b8d40e754a,1.0,2026-10-08T02:45:18+00:00,【Eve】,idol_b1cc8f6f-feab-4add-b5d9-d8777add7f60,大崎甜花,P,SSR,unit_4,アルストロメリア,2023-06-20,limited_gacha,[],unknown,,https://wikiwiki.jp/shinycolors/%E3%80%90Eve%E3%80%91%E5%A4%A7%E5%B4%8E%E7%94%9C%E8%8A%B1,observed,base,wiki_only,shinycolors_enza,a6a33f29-5f15-4b25-939e-cf732b54ba6f,a6a33f29-5f15-4b25-939e-cf732b54ba6f,2026-10-06T16:29:53+00:00,"[""W02""]","[""series_status"",""collab_work""]"
v1-93a6a8b8d40e754a,1.0,2026-10-08T02:45:18+00:00,【アルストロメリア、なんて】,idol_52544385-3ea1-42e6-bb47-faff2c6f9b4f,桑山千雪,S,SR,unit_4,アルストロメリア,2024-11-23,campaign,[],unknown,,https://wikiwiki.jp/shinycolors/%E3%80%90%E3%82%A2%E3%83%AB%E3%82%B9%E3%83%88%E3%83%AD%E3%83%A1%E3%83%AA%E3%82%A2%E3%80%81%E3%81%AA%E3%82%93%E3%81%A6%E3%80%91%E6%A1%91%E5%B1%B1%E5%8D%83%E9%9B%AA,observed,base,wiki_only,shinycolors_enza,a6b52518-e49d-41d3-be36-f83aab70f89f,a6b52518-e49d-41d3-be36-f83aab70f89f,2026-10-06T16:29:54+00:00,"[""W03""]","[""series_status"",""collab_work""]"
v1-93a6a8b8d40e754a,1.0,2026-10-08T02:45:18+00:00,【それは途中の１ページ】,idol_ef328a51-2928-4d2d-a44f-5e3b92d305cf,白瀬咲耶,S,SSR,unit_2,アンティーカ,2021-04-30,limited_gacha,[],unknown,,https://wikiwiki.jp/shinycolors/%E3%80%90%E3%81%9D%E3%82%8C%E3%81%AF%E9%80%94%E4%B8%AD%E3%81%AE%EF%BC%91%E3%83%9A%E3%83%BC%E3%82%B8%E3%80%91%E7%99%BD%E7%80%AC%E5%92%B2%E8%80%B6,observed,base,wiki_only,shinycolors_enza,a70008e6-cf3f-40f0-a30c-220c5cea05ae,a70008e6-cf3f-40f0-a30c-220c5cea05ae,2026-10-06T16:29:53+00:00,"[""W03""]","[""series_status"",""collab_work""]"
v1-93a6a8b8d40e754a,1.0,2026-10-08T02:45:18+00:00,【宝石色のしおり】,idol_0e2d3420-7295-4510-929d-01bf8378e12a,風野灯織,S,SSR,unit_1,イルミネーションスターズ,2020-05-31,event_reward,[],unknown,,https://wikiwiki.jp/shinycolors/%E3%80%90%E5%AE%9D%E7%9F%B3%E8%89%B2%E3%81%AE%E3%81%97%E3%81%8A%E3%82%8A%E3%80%91%E9%A2%A8%E9%87%8E%E7%81%AF%E7%B9%94,observed,base,wiki_only,shinycolors_enza,a71d6135-5021-481c-aa4d-88ac333210b6,a71d6135-5021-481c-aa4d-88ac333210b6,2026-10-06T16:29:53+00:00,"[""W03""]","[""series_status"",""collab_work""]"
v1-93a6a8b8d40e754a,1.0,2026-10-08T02:45:18+00:00,【春風来たりて】,idol_e91e6363-2dc9-42c1-bbf1-a759e797c2d1,月岡恋鐘,S,SSR,unit_2,アンティーカ,2024-01-30,limited_gacha,[],unknown,,https://wikiwiki.jp/shinycolors/%E3%80%90%E6%98%A5%E9%A2%A8%E6%9D%A5%E3%81%9F%E3%82%8A%E3%81%A6%E3%80%91%E6%9C%88%E5%B2%A1%E6%81%8B%E9%90%98,observed,base,wiki_only,shinycolors_enza,a74a18d7-fe1e-485a-8ca3-2824bef64c97,a74a18d7-fe1e-485a-8ca3-2824bef64c97,2026-10-06T16:29:53+00:00,"[""W03""]","[""series_status"",""collab_work""]"
v1-93a6a8b8d40e754a,1.0,2026-10-08T02:45:18+00:00,【GR@DATE WING 01】,idol_0e2d3420-7295-4510-929d-01bf8378e12a,風野灯織,S,SR,unit_1,イルミネーションスターズ,2022-12-09,mission,[],unknown,,https://wikiwiki.jp/shinycolors/%E3%80%90GR%40DATE%20WING%2001%E3%80%91%E9%A2%A8%E9%87%8E%E7%81%AF%E7%B9%94,observed,base,wiki_only,shinycolors_enza,a77eb10e-809f-48e1-931e-c2cc27a5ddd7,a77eb10e-809f-48e1-931e-c2cc27a5ddd7,2026-10-06T16:33:42+00:00,"[""W03""]","[""series_status"",""collab_work""]"
v1-93a6a8b8d40e754a,1.0,2026-10-08T02:45:18+00:00,【ひんやり捜索隊】,idol_e5ce74fd-2caf-4c1d-a696-0b1f17f7a53e,福丸小糸,S,SR,unit_6,ノクチル,2025-08-20,event_reward,[],unknown,,https://wikiwiki.jp/shinycolors/%E3%80%90%E3%81%B2%E3%82%93%E3%82%84%E3%82%8A%E6%8D%9C%E7%B4%A2%E9%9A%8A%E3%80%91%E7%A6%8F%E4%B8%B8%E5%B0%8F%E7%B3%B8,observed,base,wiki_only,shinycolors_enza,a7a0a65c-ba60-4769-82ba-3a148fa176e6,a7a0a65c-ba60-4769-82ba-3a148fa176e6,2026-10-06T16:29:53+00:00,"[""W03""]","[""series_status"",""collab_work""]"
v1-93a6a8b8d40e754a,1.0,2026-10-08T02:45:18+00:00,【LIVE FUN!!】,idol_3c398182-7760-439e-8c77-3c09d173aa4c,芹沢あさひ,S,SR,unit_5,ストレイライト,2024-07-28,gacha_bonus,[],unknown,,https://wikiwiki.jp/shinycolors/%E3%80%90LIVE%20FUN%21%21%E3%80%91%E8%8A%B9%E6%B2%A2%E3%81%82%E3%81%95%E3%81%B2,observed,base,wiki_only,shinycolors_enza,a7a97743-fc16-4ad3-83f8-27fffd92a201,a7a97743-fc16-4ad3-83f8-27fffd92a201,2026-10-06T16:29:54+00:00,"[""W03""]","[""series_status"",""collab_work""]"
v1-93a6a8b8d40e754a,1.0,2026-10-08T02:45:18+00:00,【プレゼント大作戦2】,idol_6,田中摩美々,S,SR,unit_2,アンティーカ,2024-09-20,other_bonus,[],unknown,,https://wikiwiki.jp/shinycolors/%E3%80%90%E3%83%97%E3%83%AC%E3%82%BC%E3%83%B3%E3%83%88%E5%A4%A7%E4%BD%9C%E6%88%A62%E3%80%91%E7%94%B0%E4%B8%AD%E6%91%A9%E7%BE%8E%E3%80%85,observed,base,wiki_only,shinycolors_enza,a7d4c646-6490-4752-962c-f9113ae5809c,a7d4c646-6490-4752-962c-f9113ae5809c,2026-10-06T16:33:42+00:00,"[""W03""]","[""series_status"",""collab_work""]"
v1-93a6a8b8d40e754a,1.0,2026-10-08T02:45:18+00:00,【放課後スノーガールズ！】,idol_df07e98b-12f2-4984-b8f6-8da0a47c0cc7,小宮果穂,S,SR,unit_3,放課後クライマックスガールズ,2018-12-21,permanent_gacha,[],unknown,,https://wikiwiki.jp/shinycolors/%E3%80%90%E6%94%BE%E8%AA%B2%E5%BE%8C%E3%82%B9%E3%83%8E%E3%83%BC%E3%82%AC%E3%83%BC%E3%83%AB%E3%82%BA%EF%BC%81%E3%80%91%E5%B0%8F%E5%AE%AE%E6%9E%9C%E7%A9%82,observed,base,wiki_only,shinycolors_enza,a83da8fd-2d22-4542-981f-75a4240d91cb,a83da8fd-2d22-4542-981f-75a4240d91cb,2026-10-06T16:29:54+00:00,"[""W03""]","[""series_status"",""collab_work""]"
v1-93a6a8b8d40e754a,1.0,2026-10-08T02:45:18+00:00,【レベル計算中】,idol_81093365-1df1-4e6c-a252-27625c47ab96,三峰結華,S,SSR,unit_2,アンティーカ,2026-02-15,gacha_bonus,[],unknown,,https://wikiwiki.jp/shinycolors/%E3%80%90%E3%83%AC%E3%83%99%E3%83%AB%E8%A8%88%E7%AE%97%E4%B8%AD%E3%80%91%E4%B8%89%E5%B3%B0%E7%B5%90%E8%8F%AF,observed,base,wiki_only,shinycolors_enza,a84eca61-b5b8-46eb-841b-b5adf3f587df,a84eca61-b5b8-46eb-841b-b5adf3f587df,2026-10-06T16:29:53+00:00,"[""W03""]","[""series_status"",""collab_work""]"
v1-93a6a8b8d40e754a,1.0,2026-10-08T02:45:18+00:00,【手作りの心遣い】,idol_0e2d3420-7295-4510-929d-01bf8378e12a,風野灯織,P,SR,unit_1,イルミネーションスターズ,2018-04-26,permanent_gacha,[],unknown,,https://wikiwiki.jp/shinycolors/%E3%80%90%E6%89%8B%E4%BD%9C%E3%82%8A%E3%81%AE%E5%BF%83%E9%81%A3%E3%81%84%E3%80%91%E9%A2%A8%E9%87%8E%E7%81%AF%E7%B9%94,observed,base,wiki_only,shinycolors_enza,a85d6916-da55-4e92-8816-9afe7fbbc285,a85d6916-da55-4e92-8816-9afe7fbbc285,2026-10-06T16:29:53+00:00,"[""W02""]","[""series_status"",""collab_work""]"
v1-93a6a8b8d40e754a,1.0,2026-10-08T02:45:18+00:00,【白いツバサ】,idol_2,樋口円香,P,R,unit_6,ノクチル,2020-04-06,permanent_gacha,[],unknown,,https://wikiwiki.jp/shinycolors/%E3%80%90%E7%99%BD%E3%81%84%E3%83%84%E3%83%90%E3%82%B5%E3%80%91%E6%A8%8B%E5%8F%A3%E5%86%86%E9%A6%99,observed,base,wiki_only,shinycolors_enza,a867ea64-a4cd-4feb-9f0a-8dffd7085518,a867ea64-a4cd-4feb-9f0a-8dffd7085518,2026-10-06T16:29:53+00:00,"[""W02""]","[""series_status"",""collab_work""]"
v1-93a6a8b8d40e754a,1.0,2026-10-08T02:45:18+00:00,【ソバニアル・サマー】,idol_6,田中摩美々,S,SSR,unit_2,アンティーカ,2021-08-20,permanent_gacha,[],unknown,,https://wikiwiki.jp/shinycolors/%E3%80%90%E3%82%BD%E3%83%90%E3%83%8B%E3%82%A2%E3%83%AB%E3%83%BB%E3%82%B5%E3%83%9E%E3%83%BC%E3%80%91%E7%94%B0%E4%B8%AD%E6%91%A9%E7%BE%8E%E3%80%85,observed,base,wiki_only,shinycolors_enza,a8b666c4-e964-4840-9643-2ee9b4ff364e,a8b666c4-e964-4840-9643-2ee9b4ff364e,2026-10-06T16:29:53+00:00,"[""W03""]","[""series_status"",""collab_work""]"
v1-93a6a8b8d40e754a,1.0,2026-10-08T02:45:18+00:00,【ピザ！パーティ！】,idol_df07e98b-12f2-4984-b8f6-8da0a47c0cc7,小宮果穂,S,SSR,unit_3,放課後クライマックスガールズ,2026-04-26,gacha_bonus,[],unknown,,https://wikiwiki.jp/shinycolors/%E3%80%90%E3%83%94%E3%82%B6%EF%BC%81%E3%83%91%E3%83%BC%E3%83%86%E3%82%A3%EF%BC%81%E3%80%91%E5%B0%8F%E5%AE%AE%E6%9E%9C%E7%A9%82,observed,base,wiki_only,shinycolors_enza,a8f3790a-1734-4a91-91ef-18c7d1b7484d,a8f3790a-1734-4a91-91ef-18c7d1b7484d,2026-10-06T16:29:53+00:00,"[""W03""]","[""series_status"",""collab_work""]"
v1-93a6a8b8d40e754a,1.0,2026-10-08T02:45:18+00:00,【ファストムーン・バーガリア】,idol_b1cc8f6f-feab-4add-b5d9-d8777add7f60,大崎甜花,S,SSR,unit_4,アルストロメリア,2026-09-16,collection_gacha,"[""twilights""]",known,,https://wikiwiki.jp/shinycolors/%E3%80%90%E3%83%95%E3%82%A1%E3%82%B9%E3%83%88%E3%83%A0%E3%83%BC%E3%83%B3%E3%83%BB%E3%83%90%E3%83%BC%E3%82%AC%E3%83%AA%E3%82%A2%E3%80%91%E5%A4%A7%E5%B4%8E%E7%94%9C%E8%8A%B1,observed,base,wiki_only,shinycolors_enza,a904f16e-fa53-477c-b4d3-8d5ad69ffb22,a904f16e-fa53-477c-b4d3-8d5ad69ffb22,2026-10-06T16:29:53+00:00,"[""W03""]","[""collab_work""]"
v1-93a6a8b8d40e754a,1.0,2026-10-08T02:45:18+00:00,【ひかりしめすは】,idol_3c398182-7760-439e-8c77-3c09d173aa4c,芹沢あさひ,S,SSR,unit_5,ストレイライト,2022-12-09,collection_gacha,"[""twilights""]",known,,https://wikiwiki.jp/shinycolors/%E3%80%90%E3%81%B2%E3%81%8B%E3%82%8A%E3%81%97%E3%82%81%E3%81%99%E3%81%AF%E3%80%91%E8%8A%B9%E6%B2%A2%E3%81%82%E3%81%95%E3%81%B2,observed,base,wiki_only,shinycolors_enza,a91bdc52-76f4-4122-8204-d6ca44a5dce9,a91bdc52-76f4-4122-8204-d6ca44a5dce9,2026-10-06T16:29:53+00:00,"[""W03""]","[""collab_work""]"
v1-93a6a8b8d40e754a,1.0,2026-10-08T02:45:18+00:00,【馴染まないで非日常】,idol_a2f858c3-da6e-4d6f-b777-5367a2671399,黛冬優子,S,SR,unit_5,ストレイライト,2021-09-21,event_reward,[],unknown,,https://wikiwiki.jp/shinycolors/%E3%80%90%E9%A6%B4%E6%9F%93%E3%81%BE%E3%81%AA%E3%81%84%E3%81%A7%E9%9D%9E%E6%97%A5%E5%B8%B8%E3%80%91%E9%BB%9B%E5%86%AC%E5%84%AA%E5%AD%90,observed,base,wiki_only,shinycolors_enza,a982764e-2fc2-435d-aaa0-156fab6417c1,a982764e-2fc2-435d-aaa0-156fab6417c1,2026-10-06T16:29:53+00:00,"[""W03""]","[""series_status"",""collab_work""]"
v1-93a6a8b8d40e754a,1.0,2026-10-08T02:45:18+00:00,【ある夏の日のあなたは】,idol_a1ecc291-124c-4aaa-8346-467a4386234b,七草はづき,S,SSR,,,2026-07-10,collection_gacha,"[""twilights""]",known,,https://wikiwiki.jp/shinycolors/%E3%80%90%E3%81%82%E3%82%8B%E5%A4%8F%E3%81%AE%E6%97%A5%E3%81%AE%E3%81%82%E3%81%AA%E3%81%9F%E3%81%AF%E3%80%91%E4%B8%83%E8%8D%89%E3%81%AF%E3%81%A5%E3%81%8D,observed,base,wiki_only,shinycolors_enza,a993073b-662b-422c-98bc-d5ac30cb1e0c,a993073b-662b-422c-98bc-d5ac30cb1e0c,2026-10-06T16:29:53+00:00,"[""W03""]","[""unit_id"",""unit_name"",""collab_work""]"
v1-93a6a8b8d40e754a,1.0,2026-10-08T02:45:18+00:00,【月に向かって吠えろ】,idol_3c398182-7760-439e-8c77-3c09d173aa4c,芹沢あさひ,S,SR,unit_5,ストレイライト,2023-06-09,event_reward,[],unknown,,https://wikiwiki.jp/shinycolors/%E3%80%90%E6%9C%88%E3%81%AB%E5%90%91%E3%81%8B%E3%81%A3%E3%81%A6%E5%90%A0%E3%81%88%E3%82%8D%E3%80%91%E8%8A%B9%E6%B2%A2%E3%81%82%E3%81%95%E3%81%B2,observed,base,wiki_only,shinycolors_enza,a9dfacee-7448-4021-9c40-54a3452d2dbf,a9dfacee-7448-4021-9c40-54a3452d2dbf,2026-10-06T16:29:53+00:00,"[""W03""]","[""series_status"",""collab_work""]"
v1-93a6a8b8d40e754a,1.0,2026-10-08T02:45:18+00:00,【アイ・セーブ・ユー】,idol_b1cc8f6f-feab-4add-b5d9-d8777add7f60,大崎甜花,S,SR,unit_4,アルストロメリア,2018-06-30,event_reward,[],unknown,,https://wikiwiki.jp/shinycolors/%E3%80%90%E3%82%A2%E3%82%A4%E3%83%BB%E3%82%BB%E3%83%BC%E3%83%96%E3%83%BB%E3%83%A6%E3%83%BC%E3%80%91%E5%A4%A7%E5%B4%8E%E7%94%9C%E8%8A%B1,observed,base,wiki_only,shinycolors_enza,a9eac39e-f1b4-4909-b698-063bd31b68c5,a9eac39e-f1b4-4909-b698-063bd31b68c5,2026-10-06T16:29:53+00:00,"[""W03""]","[""series_status"",""collab_work""]"
v1-93a6a8b8d40e754a,1.0,2026-10-08T02:45:18+00:00,【我儘なまま】,idol_81093365-1df1-4e6c-a252-27625c47ab96,三峰結華,S,SR,unit_2,アンティーカ,2023-07-23,gacha_bonus,[],unknown,,https://wikiwiki.jp/shinycolors/%E3%80%90%E6%88%91%E5%84%98%E3%81%AA%E3%81%BE%E3%81%BE%E3%80%91%E4%B8%89%E5%B3%B0%E7%B5%90%E8%8F%AF,observed,base,wiki_only,shinycolors_enza,aa2179e5-fb47-4dbe-9151-0dea9e153183,aa2179e5-fb47-4dbe-9151-0dea9e153183,2026-10-06T16:29:54+00:00,"[""W03""]","[""series_status"",""collab_work""]"
v1-93a6a8b8d40e754a,1.0,2026-10-08T02:45:18+00:00,【わかばの頃】,idol_92b8326c-72f5-4a2e-8581-7110738045f3,有栖川夏葉,S,SSR,unit_3,放課後クライマックスガールズ,2026-07-08,collection_gacha,"[""prelude""]",known,,https://wikiwiki.jp/shinycolors/%E3%80%90%E3%82%8F%E3%81%8B%E3%81%B0%E3%81%AE%E9%A0%83%E3%80%91%E6%9C%89%E6%A0%96%E5%B7%9D%E5%A4%8F%E8%91%89,observed,base,wiki_only,shinycolors_enza,aad748b6-98f8-40dd-a666-0629f1d7184f,aad748b6-98f8-40dd-a666-0629f1d7184f,2026-10-06T16:29:53+00:00,"[""W03""]","[""collab_work""]"
v1-93a6a8b8d40e754a,1.0,2026-10-08T02:45:18+00:00,【セツナ/n】,idol_d4177c5c-4600-4381-b5da-758f87fc23d7,八宮めぐる,P,SR,unit_1,イルミネーションスターズ,2022-12-20,event_reward,[],unknown,,https://wikiwiki.jp/shinycolors/%E3%80%90%E3%82%BB%E3%83%84%E3%83%8A%EF%BC%8Fn%E3%80%91%E5%85%AB%E5%AE%AE%E3%82%81%E3%81%90%E3%82%8B,observed,base,wiki_only,shinycolors_enza,aad8e6bb-9ad3-47e3-97e4-f360c4407d09,aad8e6bb-9ad3-47e3-97e4-f360c4407d09,2026-10-06T16:29:53+00:00,"[""W02""]","[""series_status"",""collab_work""]"
v1-93a6a8b8d40e754a,1.0,2026-10-08T02:45:18+00:00,【やわらかくうけとめて】,idol_52544385-3ea1-42e6-bb47-faff2c6f9b4f,桑山千雪,P,SSR,unit_4,アルストロメリア,2024-02-23,collection_gacha,"[""mysongs""]",known,,https://wikiwiki.jp/shinycolors/%E3%80%90%E3%82%84%E3%82%8F%E3%82%89%E3%81%8B%E3%81%8F%E3%81%86%E3%81%91%E3%81%A8%E3%82%81%E3%81%A6%E3%80%91%E6%A1%91%E5%B1%B1%E5%8D%83%E9%9B%AA,observed,base,wiki_only,shinycolors_enza,aaff63f2-c19a-4533-93b9-f65761958db8,aaff63f2-c19a-4533-93b9-f65761958db8,2026-10-06T16:29:53+00:00,"[""W02""]","[""collab_work""]"
v1-93a6a8b8d40e754a,1.0,2026-10-08T02:45:18+00:00,【世界はこの、腕の中】,idol_52544385-3ea1-42e6-bb47-faff2c6f9b4f,桑山千雪,S,SR,unit_4,アルストロメリア,2023-11-21,collaboration_gacha,[],unknown,,https://wikiwiki.jp/shinycolors/%E3%80%90%E4%B8%96%E7%95%8C%E3%81%AF%E3%81%93%E3%81%AE%E3%80%81%E8%85%95%E3%81%AE%E4%B8%AD%E3%80%91%E6%A1%91%E5%B1%B1%E5%8D%83%E9%9B%AA,observed,base,wiki_only,shinycolors_enza,ab11773f-3538-44de-9823-87ca812f34fa,ab11773f-3538-44de-9823-87ca812f34fa,2026-10-06T16:29:53+00:00,"[""W03""]","[""series_status"",""collab_work""]"
v1-93a6a8b8d40e754a,1.0,2026-10-08T02:45:18+00:00,【283プロのヒナ】,idol_e579db5c-0930-4984-aa40-ebe5a00e8a4f,幽谷霧子,S,R,unit_2,アンティーカ,2018-04-24,permanent_gacha,[],unknown,,https://wikiwiki.jp/shinycolors/%E3%80%90283%E3%83%97%E3%83%AD%E3%81%AE%E3%83%92%E3%83%8A%E3%80%91%E5%B9%BD%E8%B0%B7%E9%9C%A7%E5%AD%90,observed,base,wiki_only,shinycolors_enza,ab57ac63-6bde-42f2-abec-e1a49e824edd,ab57ac63-6bde-42f2-abec-e1a49e824edd,2026-10-06T16:29:54+00:00,"[""W03""]","[""series_status"",""collab_work""]"
v1-93a6a8b8d40e754a,1.0,2026-10-08T02:45:18+00:00,【MANAZASHI】,idol_4,鈴木羽那,S,SSR,unit_8,コメティック,2025-10-20,collection_gacha,"[""twilights""]",known,,https://wikiwiki.jp/shinycolors/%E3%80%90MANAZASHI%E3%80%91%E9%88%B4%E6%9C%A8%E7%BE%BD%E9%82%A3,observed,base,wiki_only,shinycolors_enza,ab5892e7-90b4-4063-8b0a-3a418801e41b,ab5892e7-90b4-4063-8b0a-3a418801e41b,2026-10-06T16:29:53+00:00,"[""W03""]","[""collab_work""]"
v1-93a6a8b8d40e754a,1.0,2026-10-08T02:45:18+00:00,【白いツバサ】,idol_a2f858c3-da6e-4d6f-b777-5367a2671399,黛冬優子,P,SR,unit_5,ストレイライト,,mission,[],unknown,,https://wikiwiki.jp/shinycolors/%E3%80%90%E7%99%BD%E3%81%84%E3%83%84%E3%83%90%E3%82%B5%E3%80%91%E9%BB%9B%E5%86%AC%E5%84%AA%E5%AD%90,observed,idol_road_sr,wiki_only,shinycolors_enza,ab7e4b9a-505a-49ad-a9c9-993773e4b944,efcbe7f5-8f8e-4488-86cd-383ac93508a2,2026-10-06T16:29:54+00:00,"[""W08""]","[""first_implemented_on"",""series_status"",""collab_work""]"
v1-93a6a8b8d40e754a,1.0,2026-10-08T02:45:18+00:00,【COSTUME G＠LLERY】,idol_d4177c5c-4600-4381-b5da-758f87fc23d7,八宮めぐる,S,SSR,unit_1,イルミネーションスターズ,2026-03-13,limited_gacha,[],unknown,,https://wikiwiki.jp/shinycolors/%E3%80%90COSTUME%20G%EF%BC%A0LLERY%E3%80%91%E5%85%AB%E5%AE%AE%E3%82%81%E3%81%90%E3%82%8B,observed,base,wiki_only,shinycolors_enza,abd8a293-cccc-4325-b1b8-bc5272f296c9,abd8a293-cccc-4325-b1b8-bc5272f296c9,2026-10-06T16:29:53+00:00,"[""W03""]","[""series_status"",""collab_work""]"
v1-93a6a8b8d40e754a,1.0,2026-10-08T02:45:18+00:00,【スリープオーバーベイビー】,idol_813a7356-e821-43e7-b25f-c104ca28870d,西城樹里,S,SSR,unit_3,放課後クライマックスガールズ,2019-08-31,limited_gacha,[],unknown,,https://wikiwiki.jp/shinycolors/%E3%80%90%E3%82%B9%E3%83%AA%E3%83%BC%E3%83%97%E3%82%AA%E3%83%BC%E3%83%90%E3%83%BC%E3%83%99%E3%82%A4%E3%83%93%E3%83%BC%E3%80%91%E8%A5%BF%E5%9F%8E%E6%A8%B9%E9%87%8C,observed,base,wiki_only,shinycolors_enza,abe06fb9-9b80-4710-b2b0-bbda85cb30ae,abe06fb9-9b80-4710-b2b0-bbda85cb30ae,2026-10-06T16:29:53+00:00,"[""W03""]","[""series_status"",""collab_work""]"
v1-93a6a8b8d40e754a,1.0,2026-10-08T02:45:18+00:00,【空は澄み、今を越えて。】,idol_1,櫻木真乃,S,SR,unit_1,イルミネーションスターズ,2022-04-24,gacha_bonus,[],unknown,,https://wikiwiki.jp/shinycolors/%E3%80%90%E7%A9%BA%E3%81%AF%E6%BE%84%E3%81%BF%E3%80%81%E4%BB%8A%E3%82%92%E8%B6%8A%E3%81%88%E3%81%A6%E3%80%82%E3%80%91%E6%AB%BB%E6%9C%A8%E7%9C%9F%E4%B9%83,observed,base,wiki_only,shinycolors_enza,abe81d94-a866-4b57-b137-3b74c270dc50,abe81d94-a866-4b57-b137-3b74c270dc50,2026-10-06T16:29:54+00:00,"[""W03""]","[""series_status"",""collab_work""]"
v1-93a6a8b8d40e754a,1.0,2026-10-08T02:45:18+00:00,【S!GNATURE】,idol_72d6d5b6-dc2b-4e7c-90be-eb4770ba589b,市川雛菜,P,SSR,unit_6,ノクチル,2022-09-10,permanent_gacha,[],unknown,,https://wikiwiki.jp/shinycolors/%E3%80%90S%21GNATURE%E3%80%91%E5%B8%82%E5%B7%9D%E9%9B%9B%E8%8F%9C,observed,base,wiki_only,shinycolors_enza,abf26183-38fe-46d7-868c-45892a2a427b,abf26183-38fe-46d7-868c-45892a2a427b,2026-10-06T16:29:53+00:00,"[""W02""]","[""series_status"",""collab_work""]"
v1-93a6a8b8d40e754a,1.0,2026-10-08T02:45:18+00:00,【Clashmade】,idol_813a7356-e821-43e7-b25f-c104ca28870d,西城樹里,P,SSR,unit_3,放課後クライマックスガールズ,2023-08-31,limited_gacha,[],unknown,,https://wikiwiki.jp/shinycolors/%E3%80%90Clashmade%E3%80%91%E8%A5%BF%E5%9F%8E%E6%A8%B9%E9%87%8C,observed,base,wiki_only,shinycolors_enza,ac112186-ebdc-448e-9718-e0b3e0e3b02f,ac112186-ebdc-448e-9718-e0b3e0e3b02f,2026-10-06T16:29:53+00:00,"[""W02""]","[""series_status"",""collab_work""]"
v1-93a6a8b8d40e754a,1.0,2026-10-08T02:45:18+00:00,【アイの誓い】,idol_d4177c5c-4600-4381-b5da-758f87fc23d7,八宮めぐる,P,SSR,unit_1,イルミネーションスターズ,2020-05-31,limited_gacha,[],unknown,,https://wikiwiki.jp/shinycolors/%E3%80%90%E3%82%A2%E3%82%A4%E3%81%AE%E8%AA%93%E3%81%84%E3%80%91%E5%85%AB%E5%AE%AE%E3%82%81%E3%81%90%E3%82%8B,observed,base,wiki_only,shinycolors_enza,ac3039c2-b5b5-406c-bed7-0f2ce9b7bc8d,ac3039c2-b5b5-406c-bed7-0f2ce9b7bc8d,2026-10-06T16:29:53+00:00,"[""W02""]","[""series_status"",""collab_work""]"
v1-93a6a8b8d40e754a,1.0,2026-10-08T02:45:18+00:00,【Colorless Mirror】,idol_4,鈴木羽那,S,SSR,unit_8,コメティック,2024-01-22,permanent_gacha,[],unknown,,https://wikiwiki.jp/shinycolors/%E3%80%90Colorless%20Mirror%E3%80%91%E9%88%B4%E6%9C%A8%E7%BE%BD%E9%82%A3,observed,base,wiki_only,shinycolors_enza,ac86cb33-f613-457e-a606-8b7e573fa878,ac86cb33-f613-457e-a606-8b7e573fa878,2026-10-06T16:29:53+00:00,"[""W03""]","[""series_status"",""collab_work""]"
v1-93a6a8b8d40e754a,1.0,2026-10-08T02:45:18+00:00,【白いツバサ】,idol_b1cc8f6f-feab-4add-b5d9-d8777add7f60,大崎甜花,P,R,unit_4,アルストロメリア,2018-04-24,permanent_gacha,[],unknown,,https://wikiwiki.jp/shinycolors/%E3%80%90%E7%99%BD%E3%81%84%E3%83%84%E3%83%90%E3%82%B5%E3%80%91%E5%A4%A7%E5%B4%8E%E7%94%9C%E8%8A%B1,observed,base,wiki_only,shinycolors_enza,acab54e5-c230-44b5-b0b1-8ac2dc3b0b5a,acab54e5-c230-44b5-b0b1-8ac2dc3b0b5a,2026-10-06T16:29:53+00:00,"[""W02""]","[""series_status"",""collab_work""]"
v1-93a6a8b8d40e754a,1.0,2026-10-08T02:45:18+00:00,【秋空と紅葉】,idol_52544385-3ea1-42e6-bb47-faff2c6f9b4f,桑山千雪,P,SSR,unit_4,アルストロメリア,2020-10-31,limited_gacha,[],unknown,,https://wikiwiki.jp/shinycolors/%E3%80%90%E7%A7%8B%E7%A9%BA%E3%81%A8%E7%B4%85%E8%91%89%E3%80%91%E6%A1%91%E5%B1%B1%E5%8D%83%E9%9B%AA,observed,base,wiki_only,shinycolors_enza,ad59c96b-5a2d-42f5-8611-8c75c1bb425f,ad59c96b-5a2d-42f5-8611-8c75c1bb425f,2026-10-06T16:29:53+00:00,"[""W02""]","[""series_status"",""collab_work""]"
v1-93a6a8b8d40e754a,1.0,2026-10-08T02:45:18+00:00,【さびしさの理由】,idol_df07e98b-12f2-4984-b8f6-8da0a47c0cc7,小宮果穂,S,SSR,unit_3,放課後クライマックスガールズ,2025-10-11,limited_gacha,"[""vote_selection""]",known,,https://wikiwiki.jp/shinycolors/%E3%80%90%E3%81%95%E3%81%B3%E3%81%97%E3%81%95%E3%81%AE%E7%90%86%E7%94%B1%E3%80%91%E5%B0%8F%E5%AE%AE%E6%9E%9C%E7%A9%82,observed,base,wiki_only,shinycolors_enza,ad60acfb-a71c-417e-94d1-7c4c854b55b5,ad60acfb-a71c-417e-94d1-7c4c854b55b5,2026-10-07T00:59:08+00:00,"[""W03""]","[""collab_work""]"
v1-93a6a8b8d40e754a,1.0,2026-10-08T02:45:18+00:00,【道しるべに灯ス】,idol_736d3fca-9560-4156-96fc-66cc0159ea42,七草にちか,S,SSR,unit_7,シーズ,2025-07-26,limited_gacha,"[""birthday""]",known,,https://wikiwiki.jp/shinycolors/%E3%80%90%E9%81%93%E3%81%97%E3%82%8B%E3%81%B9%E3%81%AB%E7%81%AF%E3%82%B9%E3%80%91%E4%B8%83%E8%8D%89%E3%81%AB%E3%81%A1%E3%81%8B,observed,base,wiki_only,shinycolors_enza,add30c52-f5cd-4b56-a489-c1c3d0d09f0e,add30c52-f5cd-4b56-a489-c1c3d0d09f0e,2026-10-06T16:29:53+00:00,"[""W03""]","[""collab_work""]"
v1-93a6a8b8d40e754a,1.0,2026-10-08T02:45:18+00:00,【スパイシーベリィデコレイト】,idol_a2f858c3-da6e-4d6f-b777-5367a2671399,黛冬優子,S,SSR,unit_5,ストレイライト,2019-09-10,permanent_gacha,[],unknown,,https://wikiwiki.jp/shinycolors/%E3%80%90%E3%82%B9%E3%83%91%E3%82%A4%E3%82%B7%E3%83%BC%E3%83%99%E3%83%AA%E3%82%A3%E3%83%87%E3%82%B3%E3%83%AC%E3%82%A4%E3%83%88%E3%80%91%E9%BB%9B%E5%86%AC%E5%84%AA%E5%AD%90,observed,base,wiki_only,shinycolors_enza,add79e39-7a88-4fe1-ba59-0ca67b10db88,add79e39-7a88-4fe1-ba59-0ca67b10db88,2026-10-06T16:29:53+00:00,"[""W03""]","[""series_status"",""collab_work""]"
v1-93a6a8b8d40e754a,1.0,2026-10-08T02:45:18+00:00,【三恋符のソナタ】,idol_51651b60-7996-412b-bd16-5c1c3f3faebf,杜野凛世,S,SSR,unit_3,放課後クライマックスガールズ,2024-10-31,limited_gacha,"[""vote_selection""]",known,,https://wikiwiki.jp/shinycolors/%E3%80%90%E4%B8%89%E6%81%8B%E7%AC%A6%E3%81%AE%E3%82%BD%E3%83%8A%E3%82%BF%E3%80%91%E6%9D%9C%E9%87%8E%E5%87%9B%E4%B8%96,observed,base,wiki_only,shinycolors_enza,ae0ab88f-47ca-4b3e-ba4d-55a12b82df94,ae0ab88f-47ca-4b3e-ba4d-55a12b82df94,2026-10-07T00:59:08+00:00,"[""W03""]","[""collab_work""]"
v1-93a6a8b8d40e754a,1.0,2026-10-08T02:45:18+00:00,【PEEPS!】,idol_72d6d5b6-dc2b-4e7c-90be-eb4770ba589b,市川雛菜,S,SR,unit_6,ノクチル,2021-04-20,collaboration_gacha,[],unknown,,https://wikiwiki.jp/shinycolors/%E3%80%90PEEPS%21%E3%80%91%E5%B8%82%E5%B7%9D%E9%9B%9B%E8%8F%9C,observed,base,wiki_only,shinycolors_enza,ae30d116-7d6d-4e0c-9bab-38d65088f3b2,ae30d116-7d6d-4e0c-9bab-38d65088f3b2,2026-10-06T16:29:53+00:00,"[""W03""]","[""series_status"",""collab_work""]"
v1-93a6a8b8d40e754a,1.0,2026-10-08T02:45:18+00:00,【デタラメハッシュタグ】,idol_6,田中摩美々,S,SSR,unit_2,アンティーカ,2020-01-01,event_reward,[],unknown,,https://wikiwiki.jp/shinycolors/%E3%80%90%E3%83%87%E3%82%BF%E3%83%A9%E3%83%A1%E3%83%8F%E3%83%83%E3%82%B7%E3%83%A5%E3%82%BF%E3%82%B0%E3%80%91%E7%94%B0%E4%B8%AD%E6%91%A9%E7%BE%8E%E3%80%85,observed,base,wiki_only,shinycolors_enza,ae58d9fd-198b-4cfd-a319-38f65376f1e0,ae58d9fd-198b-4cfd-a319-38f65376f1e0,2026-10-06T16:29:53+00:00,"[""W03""]","[""series_status"",""collab_work""]"
v1-93a6a8b8d40e754a,1.0,2026-10-08T02:45:18+00:00,【T☆ Queen】,idol_7,園田智代子,P,SSR,unit_3,放課後クライマックスガールズ,2025-07-30,collection_gacha,"[""parallel""]",known,,https://wikiwiki.jp/shinycolors/%E3%80%90T%E2%98%86%20Queen%E3%80%91%E5%9C%92%E7%94%B0%E6%99%BA%E4%BB%A3%E5%AD%90,observed,base,wiki_only,shinycolors_enza,ae76991c-06ac-42d1-aa85-ba80d465d242,ae76991c-06ac-42d1-aa85-ba80d465d242,2026-10-06T16:29:53+00:00,"[""W02""]","[""collab_work""]"
v1-93a6a8b8d40e754a,1.0,2026-10-08T02:45:18+00:00,【ハウ・アー・UFO】,idol_3,浅倉透,S,SSR,unit_6,ノクチル,2020-08-21,permanent_gacha,[],unknown,,https://wikiwiki.jp/shinycolors/%E3%80%90%E3%83%8F%E3%82%A6%E3%83%BB%E3%82%A2%E3%83%BC%E3%83%BBUFO%E3%80%91%E6%B5%85%E5%80%89%E9%80%8F,observed,base,wiki_only,shinycolors_enza,aeaccdae-5f0e-4702-9e67-eff1bc521366,aeaccdae-5f0e-4702-9e67-eff1bc521366,2026-10-06T16:29:53+00:00,"[""W03""]","[""series_status"",""collab_work""]"
v1-93a6a8b8d40e754a,1.0,2026-10-08T02:45:18+00:00,【等身大のレイニーデイ】,idol_81093365-1df1-4e6c-a252-27625c47ab96,三峰結華,S,SSR,unit_2,アンティーカ,2018-04-24,permanent_gacha,[],unknown,,https://wikiwiki.jp/shinycolors/%E3%80%90%E7%AD%89%E8%BA%AB%E5%A4%A7%E3%81%AE%E3%83%AC%E3%82%A4%E3%83%8B%E3%83%BC%E3%83%87%E3%82%A4%E3%80%91%E4%B8%89%E5%B3%B0%E7%B5%90%E8%8F%AF,observed,base,wiki_only,shinycolors_enza,aeb44c8e-543e-40a7-a429-ddce4e79e067,aeb44c8e-543e-40a7-a429-ddce4e79e067,2026-10-06T16:29:53+00:00,"[""W03""]","[""series_status"",""collab_work""]"
v1-93a6a8b8d40e754a,1.0,2026-10-08T02:45:18+00:00,【Scoop up Scraps】,idol_d4177c5c-4600-4381-b5da-758f87fc23d7,八宮めぐる,S,SSR,unit_1,イルミネーションスターズ,2021-04-01,event_reward,[],unknown,,https://wikiwiki.jp/shinycolors/%E3%80%90Scoop%20up%20Scraps%E3%80%91%E5%85%AB%E5%AE%AE%E3%82%81%E3%81%90%E3%82%8B,observed,base,wiki_only,shinycolors_enza,af09cc78-4e3f-49d3-9580-3630f504a875,af09cc78-4e3f-49d3-9580-3630f504a875,2026-10-06T16:29:53+00:00,"[""W03""]","[""series_status"",""collab_work""]"
v1-93a6a8b8d40e754a,1.0,2026-10-08T02:45:18+00:00,【リバーシブル・トースト】,idol_6,田中摩美々,P,SSR,unit_2,アンティーカ,2022-11-18,permanent_gacha,[],unknown,,https://wikiwiki.jp/shinycolors/%E3%80%90%E3%83%AA%E3%83%90%E3%83%BC%E3%82%B7%E3%83%96%E3%83%AB%E3%83%BB%E3%83%88%E3%83%BC%E3%82%B9%E3%83%88%E3%80%91%E7%94%B0%E4%B8%AD%E6%91%A9%E7%BE%8E%E3%80%85,observed,base,wiki_only,shinycolors_enza,afd8e155-bbff-44ee-a63a-f70ede11c680,afd8e155-bbff-44ee-a63a-f70ede11c680,2026-10-06T16:29:53+00:00,"[""W02""]","[""series_status"",""collab_work""]"
v1-93a6a8b8d40e754a,1.0,2026-10-08T02:45:18+00:00,【COSTUME GALLERY】,idol_d4177c5c-4600-4381-b5da-758f87fc23d7,八宮めぐる,S,SR,unit_1,イルミネーションスターズ,2025-03-22,gacha_bonus,[],unknown,,,not_found,base,wiki_only,shinycolors_enza,afedd3d2-669b-4993-8582-1c082e772968,afedd3d2-669b-4993-8582-1c082e772968,2026-10-06T16:29:53+00:00,"[""W03""]","[""series_status"",""collab_work"",""wiki_url""]"
v1-93a6a8b8d40e754a,1.0,2026-10-08T02:45:18+00:00,【ア・冬優子イズム】,idol_a2f858c3-da6e-4d6f-b777-5367a2671399,黛冬優子,P,SSR,unit_5,ストレイライト,2024-07-30,permanent_gacha,[],unknown,,https://wikiwiki.jp/shinycolors/%E3%80%90%E3%82%A2%E3%83%BB%E5%86%AC%E5%84%AA%E5%AD%90%E3%82%A4%E3%82%BA%E3%83%A0%E3%80%91%E9%BB%9B%E5%86%AC%E5%84%AA%E5%AD%90,observed,base,wiki_only,shinycolors_enza,b0529993-fd3d-4daa-a0ba-6751fd0bb7aa,b0529993-fd3d-4daa-a0ba-6751fd0bb7aa,2026-10-06T16:29:53+00:00,"[""W02""]","[""series_status"",""collab_work""]"
v1-93a6a8b8d40e754a,1.0,2026-10-08T02:45:18+00:00,【３人で】,idol_8c18b422-295c-4259-9e14-413685deb7f8,大崎甘奈,S,SR,unit_4,アルストロメリア,2024-11-23,gacha_bonus,[],unknown,,https://wikiwiki.jp/shinycolors/%E3%80%90%EF%BC%93%E4%BA%BA%E3%81%A7%E3%80%91%E5%A4%A7%E5%B4%8E%E7%94%98%E5%A5%88,observed,base,wiki_only,shinycolors_enza,b0e1e529-9254-4b98-8bd2-101b8e034533,b0e1e529-9254-4b98-8bd2-101b8e034533,2026-10-06T16:29:54+00:00,"[""W03""]","[""series_status"",""collab_work""]"
v1-93a6a8b8d40e754a,1.0,2026-10-08T02:45:18+00:00,【白いツバサ】,idol_ef328a51-2928-4d2d-a44f-5e3b92d305cf,白瀬咲耶,P,SR,unit_2,アンティーカ,,mission,[],unknown,,https://wikiwiki.jp/shinycolors/%E3%80%90%E7%99%BD%E3%81%84%E3%83%84%E3%83%90%E3%82%B5%E3%80%91%E7%99%BD%E7%80%AC%E5%92%B2%E8%80%B6,observed,idol_road_sr,wiki_only,shinycolors_enza,b14b7cef-c10f-4998-b944-49e413af9f34,e8b6a869-2519-4bd2-9b4a-2429b69e0926,2026-10-06T16:29:54+00:00,"[""W08""]","[""first_implemented_on"",""series_status"",""collab_work""]"
v1-93a6a8b8d40e754a,1.0,2026-10-08T02:45:18+00:00,【'25Pカップ】,idol_e579db5c-0930-4984-aa40-ebe5a00e8a4f,幽谷霧子,S,SR,unit_2,アンティーカ,2025-04-15,event_reward,[],unknown,,https://wikiwiki.jp/shinycolors/%E3%80%90%2725P%E3%82%AB%E3%83%83%E3%83%97%E3%80%91%E5%B9%BD%E8%B0%B7%E9%9C%A7%E5%AD%90,observed,base,wiki_only,shinycolors_enza,b17b5af1-0f86-4a74-ad47-522b7e8b4b59,b17b5af1-0f86-4a74-ad47-522b7e8b4b59,2026-10-06T16:29:53+00:00,"[""W03""]","[""series_status"",""collab_work""]"
v1-93a6a8b8d40e754a,1.0,2026-10-08T02:45:18+00:00,【霧・音・燦・燦】,idol_e579db5c-0930-4984-aa40-ebe5a00e8a4f,幽谷霧子,P,SSR,unit_2,アンティーカ,2018-11-19,permanent_gacha,[],unknown,,https://wikiwiki.jp/shinycolors/%E3%80%90%E9%9C%A7%E3%83%BB%E9%9F%B3%E3%83%BB%E7%87%A6%E3%83%BB%E7%87%A6%E3%80%91%E5%B9%BD%E8%B0%B7%E9%9C%A7%E5%AD%90,observed,base,wiki_only,shinycolors_enza,b1aa3e9c-f33e-4d37-889c-b717b946bcb2,b1aa3e9c-f33e-4d37-889c-b717b946bcb2,2026-10-06T16:29:53+00:00,"[""W02""]","[""series_status"",""collab_work""]"
v1-93a6a8b8d40e754a,1.0,2026-10-08T02:45:18+00:00,【こころ、みちびく。ゆかし夜】,idol_1,櫻木真乃,S,SSR,unit_1,イルミネーションスターズ,2026-02-09,collection_gacha,"[""prelude""]",known,,https://wikiwiki.jp/shinycolors/%E3%80%90%E3%81%93%E3%81%93%E3%82%8D%E3%80%81%E3%81%BF%E3%81%A1%E3%81%B3%E3%81%8F%E3%80%82%E3%82%86%E3%81%8B%E3%81%97%E5%A4%9C%E3%80%91%E6%AB%BB%E6%9C%A8%E7%9C%9F%E4%B9%83,observed,base,wiki_only,shinycolors_enza,b1e12736-2629-4cee-937f-87c88d22a651,b1e12736-2629-4cee-937f-87c88d22a651,2026-10-06T16:29:53+00:00,"[""W03""]","[""collab_work""]"
v1-93a6a8b8d40e754a,1.0,2026-10-08T02:45:18+00:00,【白いツバサ】,idol_813a7356-e821-43e7-b25f-c104ca28870d,西城樹里,P,SR,unit_3,放課後クライマックスガールズ,,mission,[],unknown,,https://wikiwiki.jp/shinycolors/%E3%80%90%E7%99%BD%E3%81%84%E3%83%84%E3%83%90%E3%82%B5%E3%80%91%E8%A5%BF%E5%9F%8E%E6%A8%B9%E9%87%8C,observed,idol_road_sr,wiki_only,shinycolors_enza,b20681b6-f13e-475a-8db2-4b62ab2978d0,fb7775e6-ba46-40b5-9b16-4d96c4cc95bd,2026-10-06T16:29:54+00:00,"[""W08""]","[""first_implemented_on"",""series_status"",""collab_work""]"
v1-93a6a8b8d40e754a,1.0,2026-10-08T02:45:18+00:00,【RESONANCE】,idol_6874153a-a7f6-426a-98f0-815f121eeca4,緋田美琴,S,SSR,unit_7,シーズ,2021-06-30,event_reward,[],unknown,,https://wikiwiki.jp/shinycolors/%E3%80%90RESONANCE%E3%80%91%E7%B7%8B%E7%94%B0%E7%BE%8E%E7%90%B4,observed,base,wiki_only,shinycolors_enza,b280ac67-daa6-40a6-bf26-d05ae71046ad,b280ac67-daa6-40a6-bf26-d05ae71046ad,2026-10-06T16:29:53+00:00,"[""W03""]","[""series_status"",""collab_work""]"
v1-93a6a8b8d40e754a,1.0,2026-10-08T02:45:18+00:00,【羽なしたちの長い日】,idol_736d3fca-9560-4156-96fc-66cc0159ea42,七草にちか,S,SR,unit_7,シーズ,2023-05-11,event_reward,[],unknown,,https://wikiwiki.jp/shinycolors/%E3%80%90%E7%BE%BD%E3%81%AA%E3%81%97%E3%81%9F%E3%81%A1%E3%81%AE%E9%95%B7%E3%81%84%E6%97%A5%E3%80%91%E4%B8%83%E8%8D%89%E3%81%AB%E3%81%A1%E3%81%8B,observed,base,wiki_only,shinycolors_enza,b289449f-bf02-4b68-98c4-fe69a821b003,b289449f-bf02-4b68-98c4-fe69a821b003,2026-10-06T16:29:53+00:00,"[""W03""]","[""series_status"",""collab_work""]"
v1-93a6a8b8d40e754a,1.0,2026-10-08T02:45:18+00:00,【おようふくめもりぃ】,idol_8c18b422-295c-4259-9e14-413685deb7f8,大崎甘奈,S,SSR,unit_4,アルストロメリア,2026-05-12,collection_gacha,"[""prelude""]",known,,https://wikiwiki.jp/shinycolors/%E3%80%90%E3%81%8A%E3%82%88%E3%81%86%E3%81%B5%E3%81%8F%E3%82%81%E3%82%82%E3%82%8A%E3%81%83%E3%80%91%E5%A4%A7%E5%B4%8E%E7%94%98%E5%A5%88,observed,base,wiki_only,shinycolors_enza,b30c7479-73f9-4463-bf7d-c3678b932763,b30c7479-73f9-4463-bf7d-c3678b932763,2026-10-06T16:29:53+00:00,"[""W03""]","[""collab_work""]"
v1-93a6a8b8d40e754a,1.0,2026-10-08T02:45:18+00:00,【摩的・アンチテーゼ】,idol_6,田中摩美々,P,SSR,unit_2,アンティーカ,2019-04-12,permanent_gacha,[],unknown,,https://wikiwiki.jp/shinycolors/%E3%80%90%E6%91%A9%E7%9A%84%E3%83%BB%E3%82%A2%E3%83%B3%E3%83%81%E3%83%86%E3%83%BC%E3%82%BC%E3%80%91%E7%94%B0%E4%B8%AD%E6%91%A9%E7%BE%8E%E3%80%85,observed,base,wiki_only,shinycolors_enza,b31243bb-02ee-45c3-bb26-a951f6fbab96,b31243bb-02ee-45c3-bb26-a951f6fbab96,2026-10-06T16:29:53+00:00,"[""W02""]","[""series_status"",""collab_work""]"
v1-93a6a8b8d40e754a,1.0,2026-10-08T02:45:18+00:00,【one summer】,idol_813a7356-e821-43e7-b25f-c104ca28870d,西城樹里,P,SSR,unit_3,放課後クライマックスガールズ,2026-07-30,collection_gacha,"[""casting""]",known,,https://wikiwiki.jp/shinycolors/%E3%80%90one%20summer%E3%80%91%E8%A5%BF%E5%9F%8E%E6%A8%B9%E9%87%8C,observed,base,wiki_only,shinycolors_enza,b332020f-ad7e-42cf-ae98-f33930aa0e4a,b332020f-ad7e-42cf-ae98-f33930aa0e4a,2026-10-06T16:29:52+00:00,"[""W02""]","[""collab_work""]"
v1-93a6a8b8d40e754a,1.0,2026-10-08T02:45:18+00:00,【玉兎三星】,idol_0e2d3420-7295-4510-929d-01bf8378e12a,風野灯織,S,SSR,unit_1,イルミネーションスターズ,2025-08-02,limited_gacha,[],unknown,,https://wikiwiki.jp/shinycolors/%E3%80%90%E7%8E%89%E5%85%8E%E4%B8%89%E6%98%9F%E3%80%91%E9%A2%A8%E9%87%8E%E7%81%AF%E7%B9%94,observed,base,wiki_only,shinycolors_enza,b335d8c7-5cf9-4ef4-b05b-6573130a6c9d,b335d8c7-5cf9-4ef4-b05b-6573130a6c9d,2026-10-06T16:29:53+00:00,"[""W03""]","[""series_status"",""collab_work""]"
v1-93a6a8b8d40e754a,1.0,2026-10-08T02:45:18+00:00,【ナツイロ☆アフタースクール】,idol_df07e98b-12f2-4984-b8f6-8da0a47c0cc7,小宮果穂,S,SSR,unit_3,放課後クライマックスガールズ,2020-06-19,permanent_gacha,[],unknown,,https://wikiwiki.jp/shinycolors/%E3%80%90%E3%83%8A%E3%83%84%E3%82%A4%E3%83%AD%E2%98%86%E3%82%A2%E3%83%95%E3%82%BF%E3%83%BC%E3%82%B9%E3%82%AF%E3%83%BC%E3%83%AB%E3%80%91%E5%B0%8F%E5%AE%AE%E6%9E%9C%E7%A9%82,observed,base,wiki_only,shinycolors_enza,b3456042-5080-4a48-9cb9-0687636db8bd,b3456042-5080-4a48-9cb9-0687636db8bd,2026-10-06T16:29:53+00:00,"[""W03""]","[""series_status"",""collab_work""]"
v1-93a6a8b8d40e754a,1.0,2026-10-08T02:45:18+00:00,【Happy Surprise Trick!】,idol_e91e6363-2dc9-42c1-bbf1-a759e797c2d1,月岡恋鐘,S,SR,unit_2,アンティーカ,2024-10-26,campaign,[],unknown,,https://wikiwiki.jp/shinycolors/%E3%80%90Happy%20Surprise%20Trick%21%E3%80%91%E6%9C%88%E5%B2%A1%E6%81%8B%E9%90%98,observed,base,wiki_only,shinycolors_enza,b379034f-4cce-4713-a30f-a30b4f2c60a1,b379034f-4cce-4713-a30f-a30b4f2c60a1,2026-10-06T16:29:54+00:00,"[""W03""]","[""series_status"",""collab_work""]"
v1-93a6a8b8d40e754a,1.0,2026-10-08T02:45:18+00:00,【まだ……寝ないから……】,idol_8c18b422-295c-4259-9e14-413685deb7f8,大崎甘奈,S,SSR,unit_4,アルストロメリア,2018-10-31,permanent_gacha,[],unknown,,https://wikiwiki.jp/shinycolors/%E3%80%90%E3%81%BE%E3%81%A0%E2%80%A6%E2%80%A6%E5%AF%9D%E3%81%AA%E3%81%84%E3%81%8B%E3%82%89%E2%80%A6%E2%80%A6%E3%80%91%E5%A4%A7%E5%B4%8E%E7%94%98%E5%A5%88,observed,base,wiki_only,shinycolors_enza,b39aa4f2-2d6e-4a6b-bf48-9f2841abdc2f,b39aa4f2-2d6e-4a6b-bf48-9f2841abdc2f,2026-10-06T16:29:53+00:00,"[""W03""]","[""series_status"",""collab_work""]"
v1-93a6a8b8d40e754a,1.0,2026-10-08T02:45:18+00:00,【おそろしいかぐ！】,idol_8c18b422-295c-4259-9e14-413685deb7f8,大崎甘奈,S,SSR,unit_4,アルストロメリア,2024-01-12,collection_gacha,"[""twilights""]",known,,https://wikiwiki.jp/shinycolors/%E3%80%90%E3%81%8A%E3%81%9D%E3%82%8D%E3%81%97%E3%81%84%E3%81%8B%E3%81%90%EF%BC%81%E3%80%91%E5%A4%A7%E5%B4%8E%E7%94%98%E5%A5%88,observed,base,wiki_only,shinycolors_enza,b3ef611b-2cdd-4965-a895-d262ef7d9d52,b3ef611b-2cdd-4965-a895-d262ef7d9d52,2026-10-06T16:29:53+00:00,"[""W03""]","[""collab_work""]"
v1-93a6a8b8d40e754a,1.0,2026-10-08T02:45:18+00:00,【まきまき】,idol_e579db5c-0930-4984-aa40-ebe5a00e8a4f,幽谷霧子,S,SSR,unit_2,アンティーカ,2026-02-16,limited_gacha,[],unknown,,https://wikiwiki.jp/shinycolors/%E3%80%90%E3%81%BE%E3%81%8D%E3%81%BE%E3%81%8D%E3%80%91%E5%B9%BD%E8%B0%B7%E9%9C%A7%E5%AD%90,observed,base,wiki_only,shinycolors_enza,b4069caf-9a80-4d57-b539-a267f7ca3e54,b4069caf-9a80-4d57-b539-a267f7ca3e54,2026-10-06T16:29:53+00:00,"[""W03""]","[""series_status"",""collab_work""]"
v1-93a6a8b8d40e754a,1.0,2026-10-08T02:45:18+00:00,【チョコレー党、起立！】,idol_3,浅倉透,S,SSR,unit_6,ノクチル,2022-01-31,limited_gacha,[],unknown,,https://wikiwiki.jp/shinycolors/%E3%80%90%E3%83%81%E3%83%A7%E3%82%B3%E3%83%AC%E3%83%BC%E5%85%9A%E3%80%81%E8%B5%B7%E7%AB%8B%EF%BC%81%E3%80%91%E6%B5%85%E5%80%89%E9%80%8F,observed,base,wiki_only,shinycolors_enza,b41520f6-4eb8-41b0-802a-77986e55e65c,b41520f6-4eb8-41b0-802a-77986e55e65c,2026-10-06T16:29:53+00:00,"[""W03""]","[""series_status"",""collab_work""]"
v1-93a6a8b8d40e754a,1.0,2026-10-08T02:45:18+00:00,【SIDE：Y】,idol_81093365-1df1-4e6c-a252-27625c47ab96,三峰結華,S,SR,unit_2,アンティーカ,2019-02-28,event_reward,[],unknown,,https://wikiwiki.jp/shinycolors/%E3%80%90SIDE%EF%BC%9AY%E3%80%91%E4%B8%89%E5%B3%B0%E7%B5%90%E8%8F%AF,observed,base,wiki_only,shinycolors_enza,b421f6af-f131-4d7b-86b2-99aa4366bcb7,b421f6af-f131-4d7b-86b2-99aa4366bcb7,2026-10-06T16:29:53+00:00,"[""W03""]","[""series_status"",""collab_work""]"
v1-93a6a8b8d40e754a,1.0,2026-10-08T02:45:18+00:00,【283プロのヒナ】,idol_f0b34f52-342b-4fdd-8231-816605449447,郁田はるき,S,R,unit_8,コメティック,2024-01-01,permanent_gacha,[],unknown,,https://wikiwiki.jp/shinycolors/%E3%80%90283%E3%83%97%E3%83%AD%E3%81%AE%E3%83%92%E3%83%8A%E3%80%91%E9%83%81%E7%94%B0%E3%81%AF%E3%82%8B%E3%81%8D,observed,base,wiki_only,shinycolors_enza,b456bf2f-812b-40c4-ae66-28317e1ddf08,b456bf2f-812b-40c4-ae66-28317e1ddf08,2026-10-06T16:29:54+00:00,"[""W03""]","[""series_status"",""collab_work""]"
v1-93a6a8b8d40e754a,1.0,2026-10-08T02:45:18+00:00,【をとめ大学】,idol_51651b60-7996-412b-bd16-5c1c3f3faebf,杜野凛世,S,SR,unit_3,放課後クライマックスガールズ,2019-05-20,permanent_gacha,[],unknown,,https://wikiwiki.jp/shinycolors/%E3%80%90%E3%82%92%E3%81%A8%E3%82%81%E5%A4%A7%E5%AD%A6%E3%80%91%E6%9D%9C%E9%87%8E%E5%87%9B%E4%B8%96,observed,base,wiki_only,shinycolors_enza,b4642895-d600-4500-80d0-f3b048aaf1fe,b4642895-d600-4500-80d0-f3b048aaf1fe,2026-10-06T16:29:54+00:00,"[""W03""]","[""series_status"",""collab_work""]"
v1-93a6a8b8d40e754a,1.0,2026-10-08T02:45:18+00:00,【UNTITLED】,idol_2,樋口円香,S,SSR,unit_6,ノクチル,2020-11-10,permanent_gacha,[],unknown,,https://wikiwiki.jp/shinycolors/%E3%80%90UNTITLED%E3%80%91%E6%A8%8B%E5%8F%A3%E5%86%86%E9%A6%99,observed,base,wiki_only,shinycolors_enza,b483d290-750e-4997-b86d-46295a30420d,b483d290-750e-4997-b86d-46295a30420d,2026-10-06T16:29:53+00:00,"[""W03""]","[""series_status"",""collab_work""]"
v1-93a6a8b8d40e754a,1.0,2026-10-08T02:45:18+00:00,【If I_wings.】,idol_0e2d3420-7295-4510-929d-01bf8378e12a,風野灯織,S,SR,unit_1,イルミネーションスターズ,2023-03-19,gacha_bonus,[],unknown,,https://wikiwiki.jp/shinycolors/%E3%80%90If%20I_wings.%E3%80%91%E9%A2%A8%E9%87%8E%E7%81%AF%E7%B9%94,observed,base,wiki_only,shinycolors_enza,b494042b-cec6-45ae-8718-338677e66f4b,b494042b-cec6-45ae-8718-338677e66f4b,2026-10-06T16:29:54+00:00,"[""W03""]","[""series_status"",""collab_work""]"
v1-93a6a8b8d40e754a,1.0,2026-10-08T02:45:18+00:00,【学割キャンペーン】,idol_e5ce74fd-2caf-4c1d-a696-0b1f17f7a53e,福丸小糸,S,SR,unit_6,ノクチル,2022-11-10,event_reward,[],unknown,,https://wikiwiki.jp/shinycolors/%E3%80%90%E5%AD%A6%E5%89%B2%E3%82%AD%E3%83%A3%E3%83%B3%E3%83%9A%E3%83%BC%E3%83%B3%E3%80%91%E7%A6%8F%E4%B8%B8%E5%B0%8F%E7%B3%B8,observed,base,wiki_only,shinycolors_enza,b4bd4ae9-f061-4333-b996-bc9afa49b646,b4bd4ae9-f061-4333-b996-bc9afa49b646,2026-10-06T16:29:53+00:00,"[""W03""]","[""series_status"",""collab_work""]"
v1-93a6a8b8d40e754a,1.0,2026-10-08T02:45:18+00:00,【NEON♥ICE】,idol_7,園田智代子,S,SR,unit_3,放課後クライマックスガールズ,2022-04-20,event_reward,[],unknown,,https://wikiwiki.jp/shinycolors/%E3%80%90NEON%E2%99%A5ICE%E3%80%91%E5%9C%92%E7%94%B0%E6%99%BA%E4%BB%A3%E5%AD%90,observed,base,wiki_only,shinycolors_enza,b52f35ae-6a2c-4e20-88e0-624c00086acb,b52f35ae-6a2c-4e20-88e0-624c00086acb,2026-10-06T16:29:53+00:00,"[""W03""]","[""series_status"",""collab_work""]"
v1-93a6a8b8d40e754a,1.0,2026-10-08T02:45:18+00:00,【未 来世界】,idol_4,鈴木羽那,S,SSR,unit_8,コメティック,2025-07-30,exchange,[],unknown,,https://wikiwiki.jp/shinycolors/%E3%80%90%E6%9C%AA%20%E6%9D%A5%E4%B8%96%E7%95%8C%E3%80%91%E9%88%B4%E6%9C%A8%E7%BE%BD%E9%82%A3,observed,base,wiki_only,shinycolors_enza,b5401a41-8aca-4c66-9ad1-54ebd7ae4442,b5401a41-8aca-4c66-9ad1-54ebd7ae4442,2026-10-06T16:29:53+00:00,"[""W03""]","[""series_status"",""collab_work""]"
v1-93a6a8b8d40e754a,1.0,2026-10-08T02:45:18+00:00,【'25Pカップ】,idol_b1cc8f6f-feab-4add-b5d9-d8777add7f60,大崎甜花,S,SR,unit_4,アルストロメリア,2025-04-15,event_reward,[],unknown,,https://wikiwiki.jp/shinycolors/%E3%80%90%2725P%E3%82%AB%E3%83%83%E3%83%97%E3%80%91%E5%A4%A7%E5%B4%8E%E7%94%9C%E8%8A%B1,observed,base,wiki_only,shinycolors_enza,b54327b9-2c62-41f6-9ce2-a8b3f0f674e6,b54327b9-2c62-41f6-9ce2-a8b3f0f674e6,2026-10-06T16:29:53+00:00,"[""W03""]","[""series_status"",""collab_work""]"
v1-93a6a8b8d40e754a,1.0,2026-10-08T02:45:18+00:00,【白いツバサ】,idol_8c18b422-295c-4259-9e14-413685deb7f8,大崎甘奈,P,R,unit_4,アルストロメリア,2018-04-24,permanent_gacha,[],unknown,,https://wikiwiki.jp/shinycolors/%E3%80%90%E7%99%BD%E3%81%84%E3%83%84%E3%83%90%E3%82%B5%E3%80%91%E5%A4%A7%E5%B4%8E%E7%94%98%E5%A5%88,observed,base,wiki_only,shinycolors_enza,b57b109e-9ec5-4e5a-bfa1-838aab879ef0,b57b109e-9ec5-4e5a-bfa1-838aab879ef0,2026-10-06T16:29:53+00:00,"[""W02""]","[""series_status"",""collab_work""]"
v1-93a6a8b8d40e754a,1.0,2026-10-08T02:45:18+00:00,【ギンコ・ビローバ】,idol_2,樋口円香,P,SSR,unit_6,ノクチル,2020-10-21,limited_gacha,[],unknown,,https://wikiwiki.jp/shinycolors/%E3%80%90%E3%82%AE%E3%83%B3%E3%82%B3%E3%83%BB%E3%83%93%E3%83%AD%E3%83%BC%E3%83%90%E3%80%91%E6%A8%8B%E5%8F%A3%E5%86%86%E9%A6%99,observed,base,wiki_only,shinycolors_enza,b57e8b42-1e2c-4829-b1a5-a142b2741415,b57e8b42-1e2c-4829-b1a5-a142b2741415,2026-10-06T16:29:53+00:00,"[""W02""]","[""series_status"",""collab_work""]"
v1-93a6a8b8d40e754a,1.0,2026-10-08T02:45:18+00:00,【ゴースト・サイド！】,idol_3c398182-7760-439e-8c77-3c09d173aa4c,芹沢あさひ,S,SSR,unit_5,ストレイライト,2020-09-30,event_reward,[],unknown,,https://wikiwiki.jp/shinycolors/%E3%80%90%E3%82%B4%E3%83%BC%E3%82%B9%E3%83%88%E3%83%BB%E3%82%B5%E3%82%A4%E3%83%89%EF%BC%81%E3%80%91%E8%8A%B9%E6%B2%A2%E3%81%82%E3%81%95%E3%81%B2,observed,base,wiki_only,shinycolors_enza,b58fbd2e-b781-422d-a74f-d0d4ae62aae0,b58fbd2e-b781-422d-a74f-d0d4ae62aae0,2026-10-06T16:29:53+00:00,"[""W03""]","[""series_status"",""collab_work""]"
v1-93a6a8b8d40e754a,1.0,2026-10-08T02:45:18+00:00,【ハシルウマ】,idol_2,樋口円香,S,SSR,unit_6,ノクチル,2022-06-10,permanent_gacha,[],unknown,,https://wikiwiki.jp/shinycolors/%E3%80%90%E3%83%8F%E3%82%B7%E3%83%AB%E3%82%A6%E3%83%9E%E3%80%91%E6%A8%8B%E5%8F%A3%E5%86%86%E9%A6%99,observed,base,wiki_only,shinycolors_enza,b5aa09a5-2806-4746-9465-2c22f70900d8,b5aa09a5-2806-4746-9465-2c22f70900d8,2026-10-06T16:29:53+00:00,"[""W03""]","[""series_status"",""collab_work""]"
v1-93a6a8b8d40e754a,1.0,2026-10-08T02:45:18+00:00,【王と蚤】,idol_d4177c5c-4600-4381-b5da-758f87fc23d7,八宮めぐる,S,SSR,unit_1,イルミネーションスターズ,2024-04-29,event_reward,[],unknown,,https://wikiwiki.jp/shinycolors/%E3%80%90%E7%8E%8B%E3%81%A8%E8%9A%A4%E3%80%91%E5%85%AB%E5%AE%AE%E3%82%81%E3%81%90%E3%82%8B,observed,base,wiki_only,shinycolors_enza,b5cc80e0-efba-450f-8378-cfbc10a272c6,b5cc80e0-efba-450f-8378-cfbc10a272c6,2026-10-06T16:29:53+00:00,"[""W03""]","[""series_status"",""collab_work""]"
v1-93a6a8b8d40e754a,1.0,2026-10-08T02:45:18+00:00,【落ちる音がする】,idol_ef328a51-2928-4d2d-a44f-5e3b92d305cf,白瀬咲耶,P,SSR,unit_2,アンティーカ,2023-08-09,permanent_gacha,[],unknown,,https://wikiwiki.jp/shinycolors/%E3%80%90%E8%90%BD%E3%81%A1%E3%82%8B%E9%9F%B3%E3%81%8C%E3%81%99%E3%82%8B%E3%80%91%E7%99%BD%E7%80%AC%E5%92%B2%E8%80%B6,observed,base,wiki_only,shinycolors_enza,b673dfd8-b03e-42fd-bbcc-0408ac278c5b,b673dfd8-b03e-42fd-bbcc-0408ac278c5b,2026-10-06T16:29:53+00:00,"[""W02""]","[""series_status"",""collab_work""]"
v1-93a6a8b8d40e754a,1.0,2026-10-08T02:45:18+00:00,【おはようと日向に手を振る】,idol_81093365-1df1-4e6c-a252-27625c47ab96,三峰結華,S,SSR,unit_2,アンティーカ,2020-04-30,event_reward,[],unknown,,https://wikiwiki.jp/shinycolors/%E3%80%90%E3%81%8A%E3%81%AF%E3%82%88%E3%81%86%E3%81%A8%E6%97%A5%E5%90%91%E3%81%AB%E6%89%8B%E3%82%92%E6%8C%AF%E3%82%8B%E3%80%91%E4%B8%89%E5%B3%B0%E7%B5%90%E8%8F%AF,observed,base,wiki_only,shinycolors_enza,b6849e94-da96-4144-ac42-2ce4e1da6ff6,b6849e94-da96-4144-ac42-2ce4e1da6ff6,2026-10-06T16:29:53+00:00,"[""W03""]","[""series_status"",""collab_work""]"
v1-93a6a8b8d40e754a,1.0,2026-10-08T02:45:18+00:00,【Ring a bell】,idol_92b8326c-72f5-4a2e-8581-7110738045f3,有栖川夏葉,P,SSR,unit_3,放課後クライマックスガールズ,2019-05-31,limited_gacha,[],unknown,,https://wikiwiki.jp/shinycolors/%E3%80%90Ring%20a%20bell%E3%80%91%E6%9C%89%E6%A0%96%E5%B7%9D%E5%A4%8F%E8%91%89,observed,base,wiki_only,shinycolors_enza,b69dcb18-83e3-4a1c-aabf-183830ef7a9d,b69dcb18-83e3-4a1c-aabf-183830ef7a9d,2026-10-06T16:29:53+00:00,"[""W02""]","[""series_status"",""collab_work""]"
v1-93a6a8b8d40e754a,1.0,2026-10-08T02:45:18+00:00,【スイッチ・デイズ】,idol_ef328a51-2928-4d2d-a44f-5e3b92d305cf,白瀬咲耶,S,SR,unit_2,アンティーカ,2024-05-09,collaboration_gacha,[],unknown,,https://wikiwiki.jp/shinycolors/%E3%80%90%E3%82%B9%E3%82%A4%E3%83%83%E3%83%81%E3%83%BB%E3%83%87%E3%82%A4%E3%82%BA%E3%80%91%E7%99%BD%E7%80%AC%E5%92%B2%E8%80%B6,observed,base,wiki_only,shinycolors_enza,b70bd047-67b9-4662-afe2-6a2ddb5065e6,b70bd047-67b9-4662-afe2-6a2ddb5065e6,2026-10-06T16:29:53+00:00,"[""W03""]","[""series_status"",""collab_work""]"
v1-93a6a8b8d40e754a,1.0,2026-10-08T02:45:18+00:00,【おめでとうを毎日】,idol_3c398182-7760-439e-8c77-3c09d173aa4c,芹沢あさひ,S,SSR,unit_5,ストレイライト,2026-01-04,limited_gacha,"[""birthday""]",known,,https://wikiwiki.jp/shinycolors/%E3%80%90%E3%81%8A%E3%82%81%E3%81%A7%E3%81%A8%E3%81%86%E3%82%92%E6%AF%8E%E6%97%A5%E3%80%91%E8%8A%B9%E6%B2%A2%E3%81%82%E3%81%95%E3%81%B2,observed,base,wiki_only,shinycolors_enza,b7686f3e-30ea-4847-8c99-ced26ca236e6,b7686f3e-30ea-4847-8c99-ced26ca236e6,2026-10-06T16:29:53+00:00,"[""W03""]","[""collab_work""]"
v1-93a6a8b8d40e754a,1.0,2026-10-08T02:45:18+00:00,【'25Pカップランクイン】,idol_e579db5c-0930-4984-aa40-ebe5a00e8a4f,幽谷霧子,S,SSR,unit_2,アンティーカ,2025-04-15,event_reward,[],unknown,,,not_found,base,wiki_only,shinycolors_enza,b79ba4f3-1df1-4d85-a179-9df4e8d65792,b79ba4f3-1df1-4d85-a179-9df4e8d65792,2026-10-06T16:29:53+00:00,"[""W03""]","[""series_status"",""collab_work"",""wiki_url""]"
v1-93a6a8b8d40e754a,1.0,2026-10-08T02:45:18+00:00,【露光】,idol_2,樋口円香,S,SR,unit_6,ノクチル,2024-08-07,event_reward,[],unknown,,https://wikiwiki.jp/shinycolors/%E3%80%90%E9%9C%B2%E5%85%89%E3%80%91%E6%A8%8B%E5%8F%A3%E5%86%86%E9%A6%99,observed,base,wiki_only,shinycolors_enza,b800927e-715e-4eb4-80de-be9e6daff69d,b800927e-715e-4eb4-80de-be9e6daff69d,2026-10-06T16:29:53+00:00,"[""W03""]","[""series_status"",""collab_work""]"
v1-93a6a8b8d40e754a,1.0,2026-10-08T02:45:18+00:00,【をとめ辞典】,idol_51651b60-7996-412b-bd16-5c1c3f3faebf,杜野凛世,S,SR,unit_3,放課後クライマックスガールズ,2020-02-12,event_reward,[],unknown,,https://wikiwiki.jp/shinycolors/%E3%80%90%E3%82%92%E3%81%A8%E3%82%81%E8%BE%9E%E5%85%B8%E3%80%91%E6%9D%9C%E9%87%8E%E5%87%9B%E4%B8%96,observed,base,wiki_only,shinycolors_enza,b80d667c-4891-4785-a5d0-6b4147b0ccf9,b80d667c-4891-4785-a5d0-6b4147b0ccf9,2026-10-06T16:29:53+00:00,"[""W03""]","[""series_status"",""collab_work""]"
v1-93a6a8b8d40e754a,1.0,2026-10-08T02:45:18+00:00,【プレゼント大作戦1】,idol_d4177c5c-4600-4381-b5da-758f87fc23d7,八宮めぐる,S,SR,unit_1,イルミネーションスターズ,2024-09-20,other_bonus,[],unknown,,https://wikiwiki.jp/shinycolors/%E3%80%90%E3%83%97%E3%83%AC%E3%82%BC%E3%83%B3%E3%83%88%E5%A4%A7%E4%BD%9C%E6%88%A61%E3%80%91%E5%85%AB%E5%AE%AE%E3%82%81%E3%81%90%E3%82%8B,observed,base,wiki_only,shinycolors_enza,b8736267-7a43-4a02-8c74-94b6c34a898e,b8736267-7a43-4a02-8c74-94b6c34a898e,2026-10-06T16:33:42+00:00,"[""W03""]","[""series_status"",""collab_work""]"
v1-93a6a8b8d40e754a,1.0,2026-10-08T02:45:18+00:00,【仕事終わりのサプライズ】,idol_a1ecc291-124c-4aaa-8346-467a4386234b,七草はづき,S,SSR,,,2026-02-03,limited_gacha,"[""birthday""]",known,,https://wikiwiki.jp/shinycolors/%E3%80%90%E4%BB%95%E4%BA%8B%E7%B5%82%E3%82%8F%E3%82%8A%E3%81%AE%E3%82%B5%E3%83%97%E3%83%A9%E3%82%A4%E3%82%BA%E3%80%91%E4%B8%83%E8%8D%89%E3%81%AF%E3%81%A5%E3%81%8D,observed,base,wiki_only,shinycolors_enza,b8a6c945-35b7-4f4a-a4d4-55075288b85f,b8a6c945-35b7-4f4a-a4d4-55075288b85f,2026-10-06T16:29:53+00:00,"[""W03""]","[""unit_id"",""unit_name"",""collab_work""]"
v1-93a6a8b8d40e754a,1.0,2026-10-08T02:45:18+00:00,【きまぐれのめぐみ】,idol_6,田中摩美々,S,SSR,unit_2,アンティーカ,2019-09-30,limited_gacha,[],unknown,,https://wikiwiki.jp/shinycolors/%E3%80%90%E3%81%8D%E3%81%BE%E3%81%90%E3%82%8C%E3%81%AE%E3%82%81%E3%81%90%E3%81%BF%E3%80%91%E7%94%B0%E4%B8%AD%E6%91%A9%E7%BE%8E%E3%80%85,observed,base,wiki_only,shinycolors_enza,b8b0c5ed-da50-4a01-8922-0be709e11921,b8b0c5ed-da50-4a01-8922-0be709e11921,2026-10-06T16:29:53+00:00,"[""W03""]","[""series_status"",""collab_work""]"
v1-93a6a8b8d40e754a,1.0,2026-10-08T02:45:18+00:00,【は～と♡に火をつけて】,idol_e91e6363-2dc9-42c1-bbf1-a759e797c2d1,月岡恋鐘,P,SR,unit_2,アンティーカ,2019-04-24,event_reward,[],unknown,,https://wikiwiki.jp/shinycolors/%E3%80%90%E3%81%AF%EF%BD%9E%E3%81%A8%E3%81%AB%E7%81%AB%E3%82%92%E3%81%A4%E3%81%91%E3%81%A6%E3%80%91%E6%9C%88%E5%B2%A1%E6%81%8B%E9%90%98,observed,base,wiki_only,shinycolors_enza,b92f50c0-72dd-49a9-aac1-a9979812e3f9,b92f50c0-72dd-49a9-aac1-a9979812e3f9,2026-10-06T16:29:53+00:00,"[""W02""]","[""series_status"",""collab_work""]"
v1-93a6a8b8d40e754a,1.0,2026-10-08T02:45:18+00:00,【ふっふ～ん、ふふ～ん♪】,idol_e91e6363-2dc9-42c1-bbf1-a759e797c2d1,月岡恋鐘,S,SSR,unit_2,アンティーカ,2018-04-24,permanent_gacha,[],unknown,,https://wikiwiki.jp/shinycolors/%E3%80%90%E3%81%B5%E3%81%A3%E3%81%B5%EF%BD%9E%E3%82%93%E3%80%81%E3%81%B5%E3%81%B5%EF%BD%9E%E3%82%93%E2%99%AA%E3%80%91%E6%9C%88%E5%B2%A1%E6%81%8B%E9%90%98,observed,base,wiki_only,shinycolors_enza,b961b69b-3ba3-45bc-9ac1-ab71494895b9,b961b69b-3ba3-45bc-9ac1-ab71494895b9,2026-10-06T16:29:53+00:00,"[""W03""]","[""series_status"",""collab_work""]"
v1-93a6a8b8d40e754a,1.0,2026-10-08T02:45:18+00:00,【何故、ベルは鳴る】,idol_3c398182-7760-439e-8c77-3c09d173aa4c,芹沢あさひ,P,SSR,unit_5,ストレイライト,2025-05-30,collection_gacha,"[""twilights""]",known,,https://wikiwiki.jp/shinycolors/%E3%80%90%E4%BD%95%E6%95%85%E3%80%81%E3%83%99%E3%83%AB%E3%81%AF%E9%B3%B4%E3%82%8B%E3%80%91%E8%8A%B9%E6%B2%A2%E3%81%82%E3%81%95%E3%81%B2,observed,base,wiki_only,shinycolors_enza,b986cf13-2752-47e1-ae42-aa43b76b3e1e,b986cf13-2752-47e1-ae42-aa43b76b3e1e,2026-10-06T16:29:53+00:00,"[""W02""]","[""collab_work""]"
v1-93a6a8b8d40e754a,1.0,2026-10-08T02:45:18+00:00,【走るっ！！！！】,idol_8c18b422-295c-4259-9e14-413685deb7f8,大崎甘奈,S,SSR,unit_4,アルストロメリア,2023-01-20,permanent_gacha,[],unknown,,https://wikiwiki.jp/shinycolors/%E3%80%90%E8%B5%B0%E3%82%8B%E3%81%A3%EF%BC%81%EF%BC%81%EF%BC%81%EF%BC%81%E3%80%91%E5%A4%A7%E5%B4%8E%E7%94%98%E5%A5%88,observed,base,wiki_only,shinycolors_enza,ba03a0da-544c-48e5-a273-eb85d928615c,ba03a0da-544c-48e5-a273-eb85d928615c,2026-10-06T16:29:53+00:00,"[""W03""]","[""series_status"",""collab_work""]"
v1-93a6a8b8d40e754a,1.0,2026-10-08T02:45:18+00:00,【深染め、いろみぐさ】,idol_1,櫻木真乃,P,SSR,unit_1,イルミネーションスターズ,2019-10-31,limited_gacha,[],unknown,,https://wikiwiki.jp/shinycolors/%E3%80%90%E6%B7%B1%E6%9F%93%E3%82%81%E3%80%81%E3%81%84%E3%82%8D%E3%81%BF%E3%81%90%E3%81%95%E3%80%91%E6%AB%BB%E6%9C%A8%E7%9C%9F%E4%B9%83,observed,base,wiki_only,shinycolors_enza,ba064c9f-f004-400e-961e-fd8e638eaab4,ba064c9f-f004-400e-961e-fd8e638eaab4,2026-10-06T16:29:53+00:00,"[""W02""]","[""series_status"",""collab_work""]"
v1-93a6a8b8d40e754a,1.0,2026-10-08T02:45:18+00:00,【faaaar】,idol_3,浅倉透,S,SR,unit_6,ノクチル,2021-02-19,permanent_gacha,[],unknown,,https://wikiwiki.jp/shinycolors/%E3%80%90faaaar%E3%80%91%E6%B5%85%E5%80%89%E9%80%8F,observed,base,wiki_only,shinycolors_enza,ba0a2509-403e-4e08-94d1-7d210754df85,ba0a2509-403e-4e08-94d1-7d210754df85,2026-10-06T16:29:54+00:00,"[""W03""]","[""series_status"",""collab_work""]"
v1-93a6a8b8d40e754a,1.0,2026-10-08T02:45:18+00:00,【白いツバサ】,idol_81093365-1df1-4e6c-a252-27625c47ab96,三峰結華,P,R,unit_2,アンティーカ,2018-04-24,permanent_gacha,[],unknown,,https://wikiwiki.jp/shinycolors/%E3%80%90%E7%99%BD%E3%81%84%E3%83%84%E3%83%90%E3%82%B5%E3%80%91%E4%B8%89%E5%B3%B0%E7%B5%90%E8%8F%AF,observed,base,wiki_only,shinycolors_enza,ba1a011a-8998-440a-bf98-d2799f41ef41,ba1a011a-8998-440a-bf98-d2799f41ef41,2026-10-06T16:29:53+00:00,"[""W02""]","[""series_status"",""collab_work""]"
v1-93a6a8b8d40e754a,1.0,2026-10-08T02:45:18+00:00,【ユアバレンタイン】,idol_92b8326c-72f5-4a2e-8581-7110738045f3,有栖川夏葉,P,SSR,unit_3,放課後クライマックスガールズ,2025-01-30,limited_gacha,[],unknown,,https://wikiwiki.jp/shinycolors/%E3%80%90%E3%83%A6%E3%82%A2%E3%83%90%E3%83%AC%E3%83%B3%E3%82%BF%E3%82%A4%E3%83%B3%E3%80%91%E6%9C%89%E6%A0%96%E5%B7%9D%E5%A4%8F%E8%91%89,observed,base,wiki_only,shinycolors_enza,ba24f9c5-239f-4943-b13f-8273bdbe96f3,ba24f9c5-239f-4943-b13f-8273bdbe96f3,2026-10-06T16:29:53+00:00,"[""W02""]","[""series_status"",""collab_work""]"
v1-93a6a8b8d40e754a,1.0,2026-10-08T02:45:18+00:00,【ゆめうつつ】,idol_df07e98b-12f2-4984-b8f6-8da0a47c0cc7,小宮果穂,S,SSR,unit_3,放課後クライマックスガールズ,2024-12-22,limited_gacha,[],unknown,,https://wikiwiki.jp/shinycolors/%E3%80%90%E3%82%86%E3%82%81%E3%81%86%E3%81%A4%E3%81%A4%E3%80%91%E5%B0%8F%E5%AE%AE%E6%9E%9C%E7%A9%82,observed,base,wiki_only,shinycolors_enza,babd4b63-8be3-4069-8165-9d068b418bb9,babd4b63-8be3-4069-8165-9d068b418bb9,2026-10-06T16:29:53+00:00,"[""W03""]","[""series_status"",""collab_work""]"
v1-93a6a8b8d40e754a,1.0,2026-10-08T02:45:18+00:00,【志道の覚悟】,idol_786e9b98-d1e4-4419-a69a-3281d07dd4fb,和泉愛依,S,SR,unit_5,ストレイライト,2023-09-11,collaboration_gacha,[],unknown,,https://wikiwiki.jp/shinycolors/%E3%80%90%E5%BF%97%E9%81%93%E3%81%AE%E8%A6%9A%E6%82%9F%E3%80%91%E5%92%8C%E6%B3%89%E6%84%9B%E4%BE%9D,observed,base,wiki_only,shinycolors_enza,bae3a1ed-4394-4c0f-b8bc-00c0a6002fd0,bae3a1ed-4394-4c0f-b8bc-00c0a6002fd0,2026-10-06T16:29:53+00:00,"[""W03""]","[""series_status"",""collab_work""]"
v1-93a6a8b8d40e754a,1.0,2026-10-08T02:45:18+00:00,【十二月短篇】,idol_51651b60-7996-412b-bd16-5c1c3f3faebf,杜野凛世,P,SSR,unit_3,放課後クライマックスガールズ,2019-12-13,limited_gacha,[],unknown,,https://wikiwiki.jp/shinycolors/%E3%80%90%E5%8D%81%E4%BA%8C%E6%9C%88%E7%9F%AD%E7%AF%87%E3%80%91%E6%9D%9C%E9%87%8E%E5%87%9B%E4%B8%96,observed,base,wiki_only,shinycolors_enza,bb18dfbd-d255-4872-a604-497c7909603c,bb18dfbd-d255-4872-a604-497c7909603c,2026-10-06T16:29:53+00:00,"[""W02""]","[""series_status"",""collab_work""]"
v1-93a6a8b8d40e754a,1.0,2026-10-08T02:45:18+00:00,【放クラ★バレンタイン事情】,idol_92b8326c-72f5-4a2e-8581-7110738045f3,有栖川夏葉,S,SR,unit_3,放課後クライマックスガールズ,2026-02-18,event_reward,[],unknown,,https://wikiwiki.jp/shinycolors/%E3%80%90%E6%94%BE%E3%82%AF%E3%83%A9%E2%98%85%E3%83%90%E3%83%AC%E3%83%B3%E3%82%BF%E3%82%A4%E3%83%B3%E4%BA%8B%E6%83%85%E3%80%91%E6%9C%89%E6%A0%96%E5%B7%9D%E5%A4%8F%E8%91%89,observed,base,wiki_only,shinycolors_enza,bb29346f-9058-4bec-9a27-630b717a709a,bb29346f-9058-4bec-9a27-630b717a709a,2026-10-06T16:29:53+00:00,"[""W03""]","[""series_status"",""collab_work""]"
v1-93a6a8b8d40e754a,1.0,2026-10-08T02:45:18+00:00,【聖なれ】,idol_4,鈴木羽那,S,SSR,unit_8,コメティック,2024-12-11,limited_gacha,[],unknown,,https://wikiwiki.jp/shinycolors/%E3%80%90%E8%81%96%E3%81%AA%E3%82%8C%E3%80%91%E9%88%B4%E6%9C%A8%E7%BE%BD%E9%82%A3,observed,base,wiki_only,shinycolors_enza,bb59a374-a1e2-4320-b548-48f233c725cf,bb59a374-a1e2-4320-b548-48f233c725cf,2026-10-06T16:29:53+00:00,"[""W03""]","[""series_status"",""collab_work""]"
v1-93a6a8b8d40e754a,1.0,2026-10-08T02:45:18+00:00,【勇気をください】,idol_8c18b422-295c-4259-9e14-413685deb7f8,大崎甘奈,S,SSR,unit_4,アルストロメリア,2025-12-25,limited_gacha,"[""birthday""]",known,,https://wikiwiki.jp/shinycolors/%E3%80%90%E5%8B%87%E6%B0%97%E3%82%92%E3%81%8F%E3%81%A0%E3%81%95%E3%81%84%E3%80%91%E5%A4%A7%E5%B4%8E%E7%94%98%E5%A5%88,observed,base,wiki_only,shinycolors_enza,bb6246eb-a808-427f-804b-627bd639f291,bb6246eb-a808-427f-804b-627bd639f291,2026-10-06T16:29:53+00:00,"[""W03""]","[""collab_work""]"
v1-93a6a8b8d40e754a,1.0,2026-10-08T02:45:18+00:00,【fuka】,idol_2,樋口円香,S,SR,unit_6,ノクチル,2024-04-10,event_reward,[],unknown,,https://wikiwiki.jp/shinycolors/%E3%80%90fuka%E3%80%91%E6%A8%8B%E5%8F%A3%E5%86%86%E9%A6%99,observed,base,wiki_only,shinycolors_enza,bb74b919-001e-4b10-98a7-b7c7f65aa03a,bb74b919-001e-4b10-98a7-b7c7f65aa03a,2026-10-06T16:29:53+00:00,"[""W03""]","[""series_status"",""collab_work""]"
v1-93a6a8b8d40e754a,1.0,2026-10-08T02:45:18+00:00,【月の下、花】,idol_3,浅倉透,P,SSR,unit_6,ノクチル,2026-04-09,collection_gacha,"[""casting""]",known,,https://wikiwiki.jp/shinycolors/%E3%80%90%E6%9C%88%E3%81%AE%E4%B8%8B%E3%80%81%E8%8A%B1%E3%80%91%E6%B5%85%E5%80%89%E9%80%8F,observed,base,wiki_only,shinycolors_enza,bbc8e8b1-3fe6-43c8-96c3-4846ad739ee6,bbc8e8b1-3fe6-43c8-96c3-4846ad739ee6,2026-10-06T16:29:53+00:00,"[""W02""]","[""collab_work""]"
v1-93a6a8b8d40e754a,1.0,2026-10-08T02:45:18+00:00,【overlap】,idol_6874153a-a7f6-426a-98f0-815f121eeca4,緋田美琴,S,SSR,unit_7,シーズ,2023-08-09,permanent_gacha,[],unknown,,https://wikiwiki.jp/shinycolors/%E3%80%90overlap%E3%80%91%E7%B7%8B%E7%94%B0%E7%BE%8E%E7%90%B4,observed,base,wiki_only,shinycolors_enza,bbfe1eb1-2bc4-4939-ae72-b04ede10a181,bbfe1eb1-2bc4-4939-ae72-b04ede10a181,2026-10-06T16:29:53+00:00,"[""W03""]","[""series_status"",""collab_work""]"
v1-93a6a8b8d40e754a,1.0,2026-10-08T02:45:18+00:00,【竜宮城へご招待☆】,idol_8c18b422-295c-4259-9e14-413685deb7f8,大崎甘奈,P,SR,unit_4,アルストロメリア,2022-07-21,event_reward,[],unknown,,https://wikiwiki.jp/shinycolors/%E3%80%90%E7%AB%9C%E5%AE%AE%E5%9F%8E%E3%81%B8%E3%81%94%E6%8B%9B%E5%BE%85%E2%98%86%E3%80%91%E5%A4%A7%E5%B4%8E%E7%94%98%E5%A5%88,observed,base,wiki_only,shinycolors_enza,bc043121-be03-4cdb-b36c-3aa64208798d,bc043121-be03-4cdb-b36c-3aa64208798d,2026-10-06T16:29:53+00:00,"[""W02""]","[""series_status"",""collab_work""]"
v1-93a6a8b8d40e754a,1.0,2026-10-08T02:45:18+00:00,【サマーアイドル2021】,idol_df07e98b-12f2-4984-b8f6-8da0a47c0cc7,小宮果穂,S,SR,unit_3,放課後クライマックスガールズ,2025-08-08,gacha_bonus,[],unknown,,,not_found,base,wiki_only,shinycolors_enza,bc099238-746c-45f5-9d8f-d2c1081dc601,bc099238-746c-45f5-9d8f-d2c1081dc601,2026-10-06T16:29:53+00:00,"[""W03""]","[""series_status"",""collab_work"",""wiki_url""]"
v1-93a6a8b8d40e754a,1.0,2026-10-08T02:45:18+00:00,【Feb.】,idol_2,樋口円香,S,SR,unit_6,ノクチル,2021-02-10,collaboration_gacha,[],unknown,,https://wikiwiki.jp/shinycolors/%E3%80%90Feb.%E3%80%91%E6%A8%8B%E5%8F%A3%E5%86%86%E9%A6%99,observed,base,wiki_only,shinycolors_enza,bc649ecd-37bd-4301-9f5a-3c90029bc2d4,bc649ecd-37bd-4301-9f5a-3c90029bc2d4,2026-10-06T16:29:53+00:00,"[""W03""]","[""series_status"",""collab_work""]"
v1-93a6a8b8d40e754a,1.0,2026-10-08T02:45:18+00:00,【三文ノワール】,idol_a2f858c3-da6e-4d6f-b777-5367a2671399,黛冬優子,P,SSR,unit_5,ストレイライト,2023-11-13,limited_gacha,[],unknown,,https://wikiwiki.jp/shinycolors/%E3%80%90%E4%B8%89%E6%96%87%E3%83%8E%E3%83%AF%E3%83%BC%E3%83%AB%E3%80%91%E9%BB%9B%E5%86%AC%E5%84%AA%E5%AD%90,observed,base,wiki_only,shinycolors_enza,bc98c845-5024-4f87-9922-a1ab52a1bdff,bc98c845-5024-4f87-9922-a1ab52a1bdff,2026-10-06T16:29:53+00:00,"[""W02""]","[""series_status"",""collab_work""]"
v1-93a6a8b8d40e754a,1.0,2026-10-08T02:45:18+00:00,【COSTUME G＠LLERY】,idol_ef328a51-2928-4d2d-a44f-5e3b92d305cf,白瀬咲耶,S,SSR,unit_2,アンティーカ,2026-03-13,limited_gacha,[],unknown,,https://wikiwiki.jp/shinycolors/%E3%80%90COSTUME%20G%EF%BC%A0LLERY%E3%80%91%E7%99%BD%E7%80%AC%E5%92%B2%E8%80%B6,observed,base,wiki_only,shinycolors_enza,bca8e7e4-bb74-4432-913c-710f94b604dd,bca8e7e4-bb74-4432-913c-710f94b604dd,2026-10-06T16:29:53+00:00,"[""W03""]","[""series_status"",""collab_work""]"
v1-93a6a8b8d40e754a,1.0,2026-10-08T02:45:18+00:00,【これ、なんの話～？】,idol_e91e6363-2dc9-42c1-bbf1-a759e797c2d1,月岡恋鐘,S,SSR,unit_2,アンティーカ,2018-10-10,permanent_gacha,[],unknown,,https://wikiwiki.jp/shinycolors/%E3%80%90%E3%81%93%E3%82%8C%E3%80%81%E3%81%AA%E3%82%93%E3%81%AE%E8%A9%B1%EF%BD%9E%EF%BC%9F%E3%80%91%E6%9C%88%E5%B2%A1%E6%81%8B%E9%90%98,observed,base,wiki_only,shinycolors_enza,bcb324cc-fe58-4c36-ac13-56e243c3edc3,bcb324cc-fe58-4c36-ac13-56e243c3edc3,2026-10-06T16:29:53+00:00,"[""W03""]","[""series_status"",""collab_work""]"
v1-93a6a8b8d40e754a,1.0,2026-10-08T02:45:18+00:00,【いつだって僕らは】,idol_e5ce74fd-2caf-4c1d-a696-0b1f17f7a53e,福丸小糸,S,SSR,unit_6,ノクチル,2024-12-21,gacha_bonus,[],unknown,,https://wikiwiki.jp/shinycolors/%E3%80%90%E3%81%84%E3%81%A4%E3%81%A0%E3%81%A3%E3%81%A6%E5%83%95%E3%82%89%E3%81%AF%E3%80%91%E7%A6%8F%E4%B8%B8%E5%B0%8F%E7%B3%B8,observed,base,wiki_only,shinycolors_enza,bccf1a97-3913-4847-8eee-c6b078b8bf2d,bccf1a97-3913-4847-8eee-c6b078b8bf2d,2026-10-06T16:29:53+00:00,"[""W03""]","[""series_status"",""collab_work""]"
v1-93a6a8b8d40e754a,1.0,2026-10-08T02:45:18+00:00,【円環 -Halo around-】,idol_4,鈴木羽那,S,SSR,unit_8,コメティック,2025-08-10,gacha_bonus,[],unknown,,https://wikiwiki.jp/shinycolors/%E3%80%90%E5%86%86%E7%92%B0%20-Halo%20around-%E3%80%91%E9%88%B4%E6%9C%A8%E7%BE%BD%E9%82%A3,observed,base,wiki_only,shinycolors_enza,bce8c8ad-8dd2-4475-959f-acfa7701994a,bce8c8ad-8dd2-4475-959f-acfa7701994a,2026-10-06T16:29:53+00:00,"[""W03""]","[""series_status"",""collab_work""]"
v1-93a6a8b8d40e754a,1.0,2026-10-08T02:45:18+00:00,【third quadrant】,idol_f0b34f52-342b-4fdd-8231-816605449447,郁田はるき,S,SR,unit_8,コメティック,2025-08-09,campaign,[],unknown,,https://wikiwiki.jp/shinycolors/%E3%80%90third%20quadrant%E3%80%91%E9%83%81%E7%94%B0%E3%81%AF%E3%82%8B%E3%81%8D,observed,base,wiki_only,shinycolors_enza,bcebfc4b-ee74-4d06-ae6a-0ca8d5c91414,bcebfc4b-ee74-4d06-ae6a-0ca8d5c91414,2026-10-06T16:29:53+00:00,"[""W03""]","[""series_status"",""collab_work""]"
v1-93a6a8b8d40e754a,1.0,2026-10-08T02:45:18+00:00,【一人分の空、一枚の羽】,idol_7,園田智代子,S,SSR,unit_3,放課後クライマックスガールズ,2023-10-27,other_bonus,[],unknown,,https://wikiwiki.jp/shinycolors/%E3%80%90%E4%B8%80%E4%BA%BA%E5%88%86%E3%81%AE%E7%A9%BA%E3%80%81%E4%B8%80%E6%9E%9A%E3%81%AE%E7%BE%BD%E3%80%91%E5%9C%92%E7%94%B0%E6%99%BA%E4%BB%A3%E5%AD%90,observed,base,wiki_only,shinycolors_enza,bd2ed0d3-e320-4ab6-8a9e-98410015cbee,bd2ed0d3-e320-4ab6-8a9e-98410015cbee,2026-10-06T16:33:42+00:00,"[""W03""]","[""series_status"",""collab_work""]"
v1-93a6a8b8d40e754a,1.0,2026-10-08T02:45:18+00:00,【from now ♡n】,idol_72d6d5b6-dc2b-4e7c-90be-eb4770ba589b,市川雛菜,S,SSR,unit_6,ノクチル,2026-03-17,limited_gacha,"[""birthday""]",known,,https://wikiwiki.jp/shinycolors/%E3%80%90from%20now%20%E2%99%A1n%E3%80%91%E5%B8%82%E5%B7%9D%E9%9B%9B%E8%8F%9C,observed,base,wiki_only,shinycolors_enza,bd92b4e7-51f7-43b0-8b9b-0e262132bbfa,bd92b4e7-51f7-43b0-8b9b-0e262132bbfa,2026-10-06T16:29:53+00:00,"[""W03""]","[""collab_work""]"
v1-93a6a8b8d40e754a,1.0,2026-10-08T02:45:18+00:00,【頬を照らすのは】,idol_3c398182-7760-439e-8c77-3c09d173aa4c,芹沢あさひ,S,SR,unit_5,ストレイライト,2021-06-11,event_reward,[],unknown,,https://wikiwiki.jp/shinycolors/%E3%80%90%E9%A0%AC%E3%82%92%E7%85%A7%E3%82%89%E3%81%99%E3%81%AE%E3%81%AF%E3%80%91%E8%8A%B9%E6%B2%A2%E3%81%82%E3%81%95%E3%81%B2,observed,base,wiki_only,shinycolors_enza,bd9ae7d7-b18f-4e2e-ad47-8ba46321db50,bd9ae7d7-b18f-4e2e-ad47-8ba46321db50,2026-10-06T16:29:53+00:00,"[""W03""]","[""series_status"",""collab_work""]"
v1-93a6a8b8d40e754a,1.0,2026-10-08T02:45:18+00:00,【こんなのホラーでしょ最悪】,idol_736d3fca-9560-4156-96fc-66cc0159ea42,七草にちか,S,SSR,unit_7,シーズ,2022-10-20,collection_gacha,"[""twilights""]",known,,https://wikiwiki.jp/shinycolors/%E3%80%90%E3%81%93%E3%82%93%E3%81%AA%E3%81%AE%E3%83%9B%E3%83%A9%E3%83%BC%E3%81%A7%E3%81%97%E3%82%87%E6%9C%80%E6%82%AA%E3%80%91%E4%B8%83%E8%8D%89%E3%81%AB%E3%81%A1%E3%81%8B,observed,base,wiki_only,shinycolors_enza,bd9c5f0e-ccd9-43c6-af5b-d471e4e01b7f,bd9c5f0e-ccd9-43c6-af5b-d471e4e01b7f,2026-10-06T16:29:53+00:00,"[""W03""]","[""collab_work""]"
v1-93a6a8b8d40e754a,1.0,2026-10-08T02:45:18+00:00,【モーニング・グロウリー？】,idol_813a7356-e821-43e7-b25f-c104ca28870d,西城樹里,S,SSR,unit_3,放課後クライマックスガールズ,2020-11-30,limited_gacha,[],unknown,,https://wikiwiki.jp/shinycolors/%E3%80%90%E3%83%A2%E3%83%BC%E3%83%8B%E3%83%B3%E3%82%B0%E3%83%BB%E3%82%B0%E3%83%AD%E3%82%A6%E3%83%AA%E3%83%BC%EF%BC%9F%E3%80%91%E8%A5%BF%E5%9F%8E%E6%A8%B9%E9%87%8C,observed,base,wiki_only,shinycolors_enza,bdec2f50-819c-49b9-b930-701a88213c07,bdec2f50-819c-49b9-b930-701a88213c07,2026-10-06T16:29:53+00:00,"[""W03""]","[""series_status"",""collab_work""]"
v1-93a6a8b8d40e754a,1.0,2026-10-08T02:45:18+00:00,【ワーキングスナップ～デート】,idol_3,浅倉透,S,SSR,unit_6,ノクチル,2025-01-25,limited_gacha,[],unknown,,https://wikiwiki.jp/shinycolors/%E3%80%90%E3%83%AF%E3%83%BC%E3%82%AD%E3%83%B3%E3%82%B0%E3%82%B9%E3%83%8A%E3%83%83%E3%83%97%EF%BD%9E%E3%83%87%E3%83%BC%E3%83%88%E3%80%91%E6%B5%85%E5%80%89%E9%80%8F,observed,base,wiki_only,shinycolors_enza,be3ca538-6bcd-4e40-bad6-ae7f74d2a201,be3ca538-6bcd-4e40-bad6-ae7f74d2a201,2026-10-06T16:29:53+00:00,"[""W03""]","[""series_status"",""collab_work""]"
v1-93a6a8b8d40e754a,1.0,2026-10-08T02:45:18+00:00,【code:SH☆☆TING star!】,idol_7,園田智代子,S,SSR,unit_3,放課後クライマックスガールズ,2021-04-30,event_reward,[],unknown,,https://wikiwiki.jp/shinycolors/%E3%80%90code%EF%BC%9ASH%E2%98%86%E2%98%86TING%20star%21%E3%80%91%E5%9C%92%E7%94%B0%E6%99%BA%E4%BB%A3%E5%AD%90,observed,base,wiki_only,shinycolors_enza,be4fb143-75a1-461f-9d92-62ca6697a799,be4fb143-75a1-461f-9d92-62ca6697a799,2026-10-06T16:29:53+00:00,"[""W03""]","[""series_status"",""collab_work""]"
v1-93a6a8b8d40e754a,1.0,2026-10-08T02:45:18+00:00,【Scene With You】,idol_4,鈴木羽那,P,SSR,unit_8,コメティック,2024-10-18,collection_gacha,"[""twilights""]",known,,https://wikiwiki.jp/shinycolors/%E3%80%90Scene%20With%20You%E3%80%91%E9%88%B4%E6%9C%A8%E7%BE%BD%E9%82%A3,observed,base,wiki_only,shinycolors_enza,be7cb223-2d49-4d67-8f0d-bdbb86893055,be7cb223-2d49-4d67-8f0d-bdbb86893055,2026-10-06T16:29:53+00:00,"[""W02""]","[""collab_work""]"
v1-93a6a8b8d40e754a,1.0,2026-10-08T02:45:18+00:00,【silver◎lining】,idol_ef328a51-2928-4d2d-a44f-5e3b92d305cf,白瀬咲耶,S,SSR,unit_2,アンティーカ,2023-11-13,limited_gacha,[],unknown,,https://wikiwiki.jp/shinycolors/%E3%80%90silver%E2%97%8Elining%E3%80%91%E7%99%BD%E7%80%AC%E5%92%B2%E8%80%B6,observed,base,wiki_only,shinycolors_enza,be7fd64e-5c19-4054-b37c-29897cd319db,be7fd64e-5c19-4054-b37c-29897cd319db,2026-10-06T16:29:53+00:00,"[""W03""]","[""series_status"",""collab_work""]"
v1-93a6a8b8d40e754a,1.0,2026-10-08T02:45:18+00:00,【紺碧のボーダーライン】,idol_ef328a51-2928-4d2d-a44f-5e3b92d305cf,白瀬咲耶,P,SSR,unit_2,アンティーカ,2018-07-31,permanent_gacha,[],unknown,,https://wikiwiki.jp/shinycolors/%E3%80%90%E7%B4%BA%E7%A2%A7%E3%81%AE%E3%83%9C%E3%83%BC%E3%83%80%E3%83%BC%E3%83%A9%E3%82%A4%E3%83%B3%E3%80%91%E7%99%BD%E7%80%AC%E5%92%B2%E8%80%B6,observed,base,wiki_only,shinycolors_enza,be9689ce-bc27-4b4e-957e-c368af2c43b5,be9689ce-bc27-4b4e-957e-c368af2c43b5,2026-10-06T16:29:53+00:00,"[""W02""]","[""series_status"",""collab_work""]"
v1-93a6a8b8d40e754a,1.0,2026-10-08T02:45:18+00:00,【283プロのヒナ】,idol_786e9b98-d1e4-4419-a69a-3281d07dd4fb,和泉愛依,S,R,unit_5,ストレイライト,2019-04-12,permanent_gacha,[],unknown,,https://wikiwiki.jp/shinycolors/%E3%80%90283%E3%83%97%E3%83%AD%E3%81%AE%E3%83%92%E3%83%8A%E3%80%91%E5%92%8C%E6%B3%89%E6%84%9B%E4%BE%9D,observed,base,wiki_only,shinycolors_enza,bea1ce9c-d250-4b24-a60d-f17c50725153,bea1ce9c-d250-4b24-a60d-f17c50725153,2026-10-06T16:29:54+00:00,"[""W03""]","[""series_status"",""collab_work""]"
v1-93a6a8b8d40e754a,1.0,2026-10-08T02:45:18+00:00,【GIFT】,idol_6874153a-a7f6-426a-98f0-815f121eeca4,緋田美琴,S,SSR,unit_7,シーズ,2024-12-11,event_reward,[],unknown,,https://wikiwiki.jp/shinycolors/%E3%80%90GIFT%E3%80%91%E7%B7%8B%E7%94%B0%E7%BE%8E%E7%90%B4,observed,base,wiki_only,shinycolors_enza,beaae447-2ddd-42eb-b672-178cd7af1e1f,beaae447-2ddd-42eb-b672-178cd7af1e1f,2026-10-06T16:29:53+00:00,"[""W03""]","[""series_status"",""collab_work""]"
v1-93a6a8b8d40e754a,1.0,2026-10-08T02:45:18+00:00,【CR-EAT-I♡N】,idol_72d6d5b6-dc2b-4e7c-90be-eb4770ba589b,市川雛菜,S,SSR,unit_6,ノクチル,2023-06-30,limited_gacha,[],unknown,,https://wikiwiki.jp/shinycolors/%E3%80%90CR-EAT-I%E2%99%A1N%E3%80%91%E5%B8%82%E5%B7%9D%E9%9B%9B%E8%8F%9C,observed,base,wiki_only,shinycolors_enza,beb64fd2-733d-4769-92ce-23ec9dea60da,beb64fd2-733d-4769-92ce-23ec9dea60da,2026-10-06T16:29:53+00:00,"[""W03""]","[""series_status"",""collab_work""]"
v1-93a6a8b8d40e754a,1.0,2026-10-08T02:45:18+00:00,【桑崎 千花奈】,idol_8c18b422-295c-4259-9e14-413685deb7f8,大崎甘奈,S,SR,unit_4,アルストロメリア,2026-04-01,gacha_bonus,[],unknown,,https://wikiwiki.jp/shinycolors/%E3%80%90%E6%A1%91%E5%B4%8E%20%E5%8D%83%E8%8A%B1%E5%A5%88%E3%80%91%E5%A4%A7%E5%B4%8E%E7%94%98%E5%A5%88,observed,base,wiki_only,shinycolors_enza,bed0d00a-1ac7-4dcd-bb51-f73dbca8b822,bed0d00a-1ac7-4dcd-bb51-f73dbca8b822,2026-10-06T16:29:53+00:00,"[""W03""]","[""series_status"",""collab_work""]"
v1-93a6a8b8d40e754a,1.0,2026-10-08T02:45:18+00:00,【サマーアイドル2022】,idol_7,園田智代子,S,SR,unit_3,放課後クライマックスガールズ,2024-07-09,gacha_bonus,[],unknown,,https://wikiwiki.jp/shinycolors/%E3%80%90%E3%82%B5%E3%83%9E%E3%83%BC%E3%82%A2%E3%82%A4%E3%83%89%E3%83%AB2022%E3%80%91%E5%9C%92%E7%94%B0%E6%99%BA%E4%BB%A3%E5%AD%90,observed,base,wiki_only,shinycolors_enza,bf48b80e-ab6d-4d33-8552-39d70583f3f6,bf48b80e-ab6d-4d33-8552-39d70583f3f6,2026-10-06T16:29:54+00:00,"[""W03""]","[""series_status"",""collab_work""]"
v1-93a6a8b8d40e754a,1.0,2026-10-08T02:45:18+00:00,【D★wner】,idol_8c18b422-295c-4259-9e14-413685deb7f8,大崎甘奈,S,SR,unit_4,アルストロメリア,2024-10-18,collaboration_gacha,[],unknown,,https://wikiwiki.jp/shinycolors/%E3%80%90D%E2%98%85wner%E3%80%91%E5%A4%A7%E5%B4%8E%E7%94%98%E5%A5%88,observed,base,wiki_only,shinycolors_enza,bf733d16-39bd-4611-a1ff-c86fc27bacc6,bf733d16-39bd-4611-a1ff-c86fc27bacc6,2026-10-06T16:29:53+00:00,"[""W03""]","[""series_status"",""collab_work""]"
v1-93a6a8b8d40e754a,1.0,2026-10-08T02:45:18+00:00,【ヒーローインザパーク】,idol_df07e98b-12f2-4984-b8f6-8da0a47c0cc7,小宮果穂,S,SSR,unit_3,放課後クライマックスガールズ,2018-04-24,permanent_gacha,[],unknown,,https://wikiwiki.jp/shinycolors/%E3%80%90%E3%83%92%E3%83%BC%E3%83%AD%E3%83%BC%E3%82%A4%E3%83%B3%E3%82%B6%E3%83%91%E3%83%BC%E3%82%AF%E3%80%91%E5%B0%8F%E5%AE%AE%E6%9E%9C%E7%A9%82,observed,base,wiki_only,shinycolors_enza,bfd9d988-5fe6-4a37-8f0f-6a38d21dd009,bfd9d988-5fe6-4a37-8f0f-6a38d21dd009,2026-10-06T16:29:53+00:00,"[""W03""]","[""series_status"",""collab_work""]"
v1-93a6a8b8d40e754a,1.0,2026-10-08T02:45:18+00:00,【スタンド・バイ】,idol_92b8326c-72f5-4a2e-8581-7110738045f3,有栖川夏葉,S,SR,unit_3,放課後クライマックスガールズ,2019-09-20,permanent_gacha,[],unknown,,https://wikiwiki.jp/shinycolors/%E3%80%90%E3%82%B9%E3%82%BF%E3%83%B3%E3%83%89%E3%83%BB%E3%83%90%E3%82%A4%E3%80%91%E6%9C%89%E6%A0%96%E5%B7%9D%E5%A4%8F%E8%91%89,observed,base,wiki_only,shinycolors_enza,bfeff0ac-d8ce-45b7-a795-4582cf1d42a2,bfeff0ac-d8ce-45b7-a795-4582cf1d42a2,2026-10-06T16:29:54+00:00,"[""W03""]","[""series_status"",""collab_work""]"
v1-93a6a8b8d40e754a,1.0,2026-10-08T02:45:18+00:00,【私のハルモニア】,idol_1,櫻木真乃,P,SSR,unit_1,イルミネーションスターズ,2024-04-13,collection_gacha,"[""mysongs""]",known,,https://wikiwiki.jp/shinycolors/%E3%80%90%E7%A7%81%E3%81%AE%E3%83%8F%E3%83%AB%E3%83%A2%E3%83%8B%E3%82%A2%E3%80%91%E6%AB%BB%E6%9C%A8%E7%9C%9F%E4%B9%83,observed,base,wiki_only,shinycolors_enza,c01e6c8a-c4d9-4581-bd66-6d2dc0b655bd,c01e6c8a-c4d9-4581-bd66-6d2dc0b655bd,2026-10-06T16:29:53+00:00,"[""W02""]","[""collab_work""]"
v1-93a6a8b8d40e754a,1.0,2026-10-08T02:45:18+00:00,【murmurmaid】,idol_6,田中摩美々,S,SSR,unit_2,アンティーカ,2022-07-31,limited_gacha,[],unknown,,https://wikiwiki.jp/shinycolors/%E3%80%90murmurmaid%E3%80%91%E7%94%B0%E4%B8%AD%E6%91%A9%E7%BE%8E%E3%80%85,observed,base,wiki_only,shinycolors_enza,c0abe411-33b1-472a-9201-582c83193469,c0abe411-33b1-472a-9201-582c83193469,2026-10-06T16:29:53+00:00,"[""W03""]","[""series_status"",""collab_work""]"
v1-93a6a8b8d40e754a,1.0,2026-10-08T02:45:18+00:00,【放課後★肝試しパニック】,idol_7,園田智代子,S,SSR,unit_3,放課後クライマックスガールズ,2018-05-31,permanent_gacha,[],unknown,,https://wikiwiki.jp/shinycolors/%E3%80%90%E6%94%BE%E8%AA%B2%E5%BE%8C%E2%98%85%E8%82%9D%E8%A9%A6%E3%81%97%E3%83%91%E3%83%8B%E3%83%83%E3%82%AF%E3%80%91%E5%9C%92%E7%94%B0%E6%99%BA%E4%BB%A3%E5%AD%90,observed,base,wiki_only,shinycolors_enza,c0ecd252-4ef2-4b18-9509-2eb3d9a9507d,c0ecd252-4ef2-4b18-9509-2eb3d9a9507d,2026-10-06T16:29:53+00:00,"[""W03""]","[""series_status"",""collab_work""]"
v1-93a6a8b8d40e754a,1.0,2026-10-08T02:45:18+00:00,【白いツバサ】,idol_52544385-3ea1-42e6-bb47-faff2c6f9b4f,桑山千雪,P,R,unit_4,アルストロメリア,2018-04-24,permanent_gacha,[],unknown,,https://wikiwiki.jp/shinycolors/%E3%80%90%E7%99%BD%E3%81%84%E3%83%84%E3%83%90%E3%82%B5%E3%80%91%E6%A1%91%E5%B1%B1%E5%8D%83%E9%9B%AA,observed,base,wiki_only,shinycolors_enza,c0f08096-7a86-41d5-a949-98aad0225b10,c0f08096-7a86-41d5-a949-98aad0225b10,2026-10-06T16:29:53+00:00,"[""W02""]","[""series_status"",""collab_work""]"
v1-93a6a8b8d40e754a,1.0,2026-10-08T02:45:18+00:00,【トゥインクル・トゥインクル】,idol_b1cc8f6f-feab-4add-b5d9-d8777add7f60,大崎甜花,S,SSR,unit_4,アルストロメリア,2019-09-30,event_reward,[],unknown,,https://wikiwiki.jp/shinycolors/%E3%80%90%E3%83%88%E3%82%A5%E3%82%A4%E3%83%B3%E3%82%AF%E3%83%AB%E3%83%BB%E3%83%88%E3%82%A5%E3%82%A4%E3%83%B3%E3%82%AF%E3%83%AB%E3%80%91%E5%A4%A7%E5%B4%8E%E7%94%9C%E8%8A%B1,observed,base,wiki_only,shinycolors_enza,c0f71a62-d099-42f5-9046-b186a898eb99,c0f71a62-d099-42f5-9046-b186a898eb99,2026-10-06T16:29:53+00:00,"[""W03""]","[""series_status"",""collab_work""]"
v1-93a6a8b8d40e754a,1.0,2026-10-08T02:45:18+00:00,【私をときめかせて】,idol_ef328a51-2928-4d2d-a44f-5e3b92d305cf,白瀬咲耶,P,SSR,unit_2,アンティーカ,2023-05-11,permanent_gacha,[],unknown,,https://wikiwiki.jp/shinycolors/%E3%80%90%E7%A7%81%E3%82%92%E3%81%A8%E3%81%8D%E3%82%81%E3%81%8B%E3%81%9B%E3%81%A6%E3%80%91%E7%99%BD%E7%80%AC%E5%92%B2%E8%80%B6,observed,base,wiki_only,shinycolors_enza,c10f0b55-be52-48cb-a784-86f47be6bff2,c10f0b55-be52-48cb-a784-86f47be6bff2,2026-10-06T16:29:53+00:00,"[""W02""]","[""series_status"",""collab_work""]"
v1-93a6a8b8d40e754a,1.0,2026-10-08T02:45:18+00:00,【(ノージャンル)グラヴィティ】,idol_a2f858c3-da6e-4d6f-b777-5367a2671399,黛冬優子,S,SR,unit_5,ストレイライト,2020-06-10,event_reward,[],unknown,,https://wikiwiki.jp/shinycolors/%E3%80%90%28%E3%83%8E%E3%83%BC%E3%82%B8%E3%83%A3%E3%83%B3%E3%83%AB%29%E3%82%B0%E3%83%A9%E3%83%B4%E3%82%A3%E3%83%86%E3%82%A3%E3%80%91%E9%BB%9B%E5%86%AC%E5%84%AA%E5%AD%90,observed,base,wiki_only,shinycolors_enza,c13edbed-8d54-4645-9dd7-6bd560d45504,c13edbed-8d54-4645-9dd7-6bd560d45504,2026-10-06T16:29:53+00:00,"[""W03""]","[""series_status"",""collab_work""]"
v1-93a6a8b8d40e754a,1.0,2026-10-08T02:45:18+00:00,【シャッターチャンス！？】,idol_786e9b98-d1e4-4419-a69a-3281d07dd4fb,和泉愛依,P,SSR,unit_5,ストレイライト,2020-09-30,limited_gacha,[],unknown,,https://wikiwiki.jp/shinycolors/%E3%80%90%E3%82%B7%E3%83%A3%E3%83%83%E3%82%BF%E3%83%BC%E3%83%81%E3%83%A3%E3%83%B3%E3%82%B9%EF%BC%81%EF%BC%9F%E3%80%91%E5%92%8C%E6%B3%89%E6%84%9B%E4%BE%9D,observed,base,wiki_only,shinycolors_enza,c15c0ce7-3dd1-45cd-860a-8f5631c80afc,c15c0ce7-3dd1-45cd-860a-8f5631c80afc,2026-10-06T16:29:53+00:00,"[""W02""]","[""series_status"",""collab_work""]"
v1-93a6a8b8d40e754a,1.0,2026-10-08T02:45:18+00:00,【暑熱】,idol_2,樋口円香,S,SSR,unit_6,ノクチル,2023-07-01,mission,[],unknown,,https://wikiwiki.jp/shinycolors/%E3%80%90%E6%9A%91%E7%86%B1%E3%80%91%E6%A8%8B%E5%8F%A3%E5%86%86%E9%A6%99,observed,base,wiki_only,shinycolors_enza,c15fcdef-0aa8-4262-adc1-b0a137f840ed,c15fcdef-0aa8-4262-adc1-b0a137f840ed,2026-10-06T16:33:42+00:00,"[""W03""]","[""series_status"",""collab_work""]"
v1-93a6a8b8d40e754a,1.0,2026-10-08T02:45:18+00:00,【創彗星】,idol_f0b34f52-342b-4fdd-8231-816605449447,郁田はるき,S,SR,unit_8,コメティック,2025-06-09,event_reward,[],unknown,,https://wikiwiki.jp/shinycolors/%E3%80%90%E5%89%B5%E5%BD%97%E6%98%9F%E3%80%91%E9%83%81%E7%94%B0%E3%81%AF%E3%82%8B%E3%81%8D,observed,base,wiki_only,shinycolors_enza,c17a4a72-e656-434f-ad5c-4de8a00d43f3,c17a4a72-e656-434f-ad5c-4de8a00d43f3,2026-10-06T16:29:53+00:00,"[""W03""]","[""series_status"",""collab_work""]"
v1-93a6a8b8d40e754a,1.0,2026-10-08T02:45:18+00:00,"【Imago,3】",idol_0e2d3420-7295-4510-929d-01bf8378e12a,風野灯織,S,SR,unit_1,イルミネーションスターズ,2025-05-11,gacha_bonus,[],unknown,,,not_found,base,wiki_only,shinycolors_enza,c1d243f6-953e-4467-8855-f40eed2d5e84,c1d243f6-953e-4467-8855-f40eed2d5e84,2026-10-06T16:29:53+00:00,"[""W03""]","[""series_status"",""collab_work"",""wiki_url""]"
v1-93a6a8b8d40e754a,1.0,2026-10-08T02:45:18+00:00,【迷光、生じる】,idol_3c398182-7760-439e-8c77-3c09d173aa4c,芹沢あさひ,S,SR,unit_5,ストレイライト,2024-10-05,gacha_bonus,[],unknown,,https://wikiwiki.jp/shinycolors/%E3%80%90%E8%BF%B7%E5%85%89%E3%80%81%E7%94%9F%E3%81%98%E3%82%8B%E3%80%91%E8%8A%B9%E6%B2%A2%E3%81%82%E3%81%95%E3%81%B2,observed,base,wiki_only,shinycolors_enza,c1dfe965-f24e-4031-9401-a259452a740c,c1dfe965-f24e-4031-9401-a259452a740c,2026-10-06T16:29:54+00:00,"[""W03""]","[""series_status"",""collab_work""]"
v1-93a6a8b8d40e754a,1.0,2026-10-08T02:45:18+00:00,【SIDE：K】,idol_e91e6363-2dc9-42c1-bbf1-a759e797c2d1,月岡恋鐘,S,SSR,unit_2,アンティーカ,2019-02-28,event_reward,[],unknown,,https://wikiwiki.jp/shinycolors/%E3%80%90SIDE%EF%BC%9AK%E3%80%91%E6%9C%88%E5%B2%A1%E6%81%8B%E9%90%98,observed,base,wiki_only,shinycolors_enza,c1f3ed93-eb51-42c3-abdd-446110a5f0de,c1f3ed93-eb51-42c3-abdd-446110a5f0de,2026-10-06T16:29:53+00:00,"[""W03""]","[""series_status"",""collab_work""]"
v1-93a6a8b8d40e754a,1.0,2026-10-08T02:45:18+00:00,【うつくしいあした】,idol_7,園田智代子,P,SSR,unit_3,放課後クライマックスガールズ,2023-03-10,permanent_gacha,[],unknown,,https://wikiwiki.jp/shinycolors/%E3%80%90%E3%81%86%E3%81%A4%E3%81%8F%E3%81%97%E3%81%84%E3%81%82%E3%81%97%E3%81%9F%E3%80%91%E5%9C%92%E7%94%B0%E6%99%BA%E4%BB%A3%E5%AD%90,observed,base,wiki_only,shinycolors_enza,c1fa2c9c-88ab-4068-b392-8929672954e3,c1fa2c9c-88ab-4068-b392-8929672954e3,2026-10-06T16:29:53+00:00,"[""W02""]","[""series_status"",""collab_work""]"
v1-93a6a8b8d40e754a,1.0,2026-10-08T02:45:18+00:00,【Noisy Rush】,idol_0c19be81-d3e3-4383-b5d4-0a94b290dba9,斑鳩ルカ,P,SSR,unit_8,コメティック,2024-01-01,limited_gacha,[],unknown,,https://wikiwiki.jp/shinycolors/%E3%80%90Noisy%20Rush%E3%80%91%E6%96%91%E9%B3%A9%E3%83%AB%E3%82%AB,observed,base,wiki_only,shinycolors_enza,c214a845-4b63-48e6-a6c2-8d6cd114dc0e,c214a845-4b63-48e6-a6c2-8d6cd114dc0e,2026-10-06T16:29:53+00:00,"[""W02""]","[""series_status"",""collab_work""]"
v1-93a6a8b8d40e754a,1.0,2026-10-08T02:45:18+00:00,【白いツバサ】,idol_4,鈴木羽那,P,SR,unit_8,コメティック,,mission,[],unknown,,https://wikiwiki.jp/shinycolors/%E3%80%90%E7%99%BD%E3%81%84%E3%83%84%E3%83%90%E3%82%B5%E3%80%91%E9%88%B4%E6%9C%A8%E7%BE%BD%E9%82%A3,observed,idol_road_sr,wiki_only,shinycolors_enza,c23fd001-071d-4501-ae5d-532f5376260b,02263250-b41c-4078-9e19-ff5b044a6e28,2026-10-06T16:29:54+00:00,"[""W08""]","[""first_implemented_on"",""series_status"",""collab_work""]"
v1-93a6a8b8d40e754a,1.0,2026-10-08T02:45:18+00:00,【秋の実りの配達係】,idol_3c398182-7760-439e-8c77-3c09d173aa4c,芹沢あさひ,S,SSR,unit_5,ストレイライト,2021-08-31,limited_gacha,[],unknown,,https://wikiwiki.jp/shinycolors/%E3%80%90%E7%A7%8B%E3%81%AE%E5%AE%9F%E3%82%8A%E3%81%AE%E9%85%8D%E9%81%94%E4%BF%82%E3%80%91%E8%8A%B9%E6%B2%A2%E3%81%82%E3%81%95%E3%81%B2,observed,base,wiki_only,shinycolors_enza,c326cb0b-57f4-42ef-bbd0-3066c695adc3,c326cb0b-57f4-42ef-bbd0-3066c695adc3,2026-10-06T16:29:53+00:00,"[""W03""]","[""series_status"",""collab_work""]"
v1-93a6a8b8d40e754a,1.0,2026-10-08T02:45:18+00:00,【COSTUME G＠LLERY】,idol_6874153a-a7f6-426a-98f0-815f121eeca4,緋田美琴,S,SSR,unit_7,シーズ,2026-03-13,limited_gacha,[],unknown,,https://wikiwiki.jp/shinycolors/%E3%80%90COSTUME%20G%EF%BC%A0LLERY%E3%80%91%E7%B7%8B%E7%94%B0%E7%BE%8E%E7%90%B4,observed,base,wiki_only,shinycolors_enza,c3f728bc-484e-4a05-88cb-281cca1c7dd7,c3f728bc-484e-4a05-88cb-281cca1c7dd7,2026-10-06T16:29:53+00:00,"[""W03""]","[""series_status"",""collab_work""]"
v1-93a6a8b8d40e754a,1.0,2026-10-08T02:45:18+00:00,【アイドルロード】,idol_0c19be81-d3e3-4383-b5d4-0a94b290dba9,斑鳩ルカ,P,SSR,unit_8,コメティック,,mission,[],unknown,,https://wikiwiki.jp/shinycolors/%E3%80%90%E7%99%BD%E3%81%84%E3%83%84%E3%83%90%E3%82%B5%E3%80%91%E6%96%91%E9%B3%A9%E3%83%AB%E3%82%AB,observed,idol_road_ssr,wiki_only,shinycolors_enza,c402d1e1-d71e-4046-a3a7-04605de03f5f,ff577c0a-3e51-4d45-9247-cc6b561d1fe4,2026-10-06T16:29:54+00:00,"[""W08""]","[""first_implemented_on"",""series_status"",""collab_work""]"
v1-93a6a8b8d40e754a,1.0,2026-10-08T02:45:18+00:00,【ふたりといる夜のこと】,idol_0e2d3420-7295-4510-929d-01bf8378e12a,風野灯織,S,SSR,unit_1,イルミネーションスターズ,2023-02-28,limited_gacha,[],unknown,,https://wikiwiki.jp/shinycolors/%E3%80%90%E3%81%B5%E3%81%9F%E3%82%8A%E3%81%A8%E3%81%84%E3%82%8B%E5%A4%9C%E3%81%AE%E3%81%93%E3%81%A8%E3%80%91%E9%A2%A8%E9%87%8E%E7%81%AF%E7%B9%94,observed,base,wiki_only,shinycolors_enza,c414fa65-5e71-4ad8-a370-17cdd437567d,c414fa65-5e71-4ad8-a370-17cdd437567d,2026-10-06T16:29:53+00:00,"[""W03""]","[""series_status"",""collab_work""]"
v1-93a6a8b8d40e754a,1.0,2026-10-08T02:45:18+00:00,【一人分の空、一枚の羽】,idol_92b8326c-72f5-4a2e-8581-7110738045f3,有栖川夏葉,S,SSR,unit_3,放課後クライマックスガールズ,2023-11-24,other_bonus,[],unknown,,https://wikiwiki.jp/shinycolors/%E3%80%90%E4%B8%80%E4%BA%BA%E5%88%86%E3%81%AE%E7%A9%BA%E3%80%81%E4%B8%80%E6%9E%9A%E3%81%AE%E7%BE%BD%E3%80%91%E6%9C%89%E6%A0%96%E5%B7%9D%E5%A4%8F%E8%91%89,observed,base,wiki_only,shinycolors_enza,c418d152-be68-484e-a223-1e1effdbc309,c418d152-be68-484e-a223-1e1effdbc309,2026-10-06T16:33:42+00:00,"[""W03""]","[""series_status"",""collab_work""]"
v1-93a6a8b8d40e754a,1.0,2026-10-08T02:45:18+00:00,【夜夜中ワンダーラスト】,idol_6,田中摩美々,S,SSR,unit_2,アンティーカ,2019-02-28,permanent_gacha,[],unknown,,https://wikiwiki.jp/shinycolors/%E3%80%90%E5%A4%9C%E5%A4%9C%E4%B8%AD%E3%83%AF%E3%83%B3%E3%83%80%E3%83%BC%E3%83%A9%E3%82%B9%E3%83%88%E3%80%91%E7%94%B0%E4%B8%AD%E6%91%A9%E7%BE%8E%E3%80%85,observed,base,wiki_only,shinycolors_enza,c418d850-60f9-4720-9e62-520aa27f6821,c418d850-60f9-4720-9e62-520aa27f6821,2026-10-06T16:29:53+00:00,"[""W03""]","[""series_status"",""collab_work""]"
v1-93a6a8b8d40e754a,1.0,2026-10-08T02:45:18+00:00,【Spring×Street】,idol_f0b34f52-342b-4fdd-8231-816605449447,郁田はるき,S,SR,unit_8,コメティック,2026-04-09,event_reward,[],unknown,,https://wikiwiki.jp/shinycolors/%E3%80%90Spring%C3%97Street%E3%80%91%E9%83%81%E7%94%B0%E3%81%AF%E3%82%8B%E3%81%8D,observed,base,wiki_only,shinycolors_enza,c44cb43a-2c8f-46aa-9c33-81e7e7995be3,c44cb43a-2c8f-46aa-9c33-81e7e7995be3,2026-10-06T16:29:53+00:00,"[""W03""]","[""series_status"",""collab_work""]"
v1-93a6a8b8d40e754a,1.0,2026-10-08T02:45:18+00:00,【From You】,idol_4,鈴木羽那,P,SSR,unit_8,コメティック,2025-02-12,collection_gacha,"[""mysongs""]",known,,https://wikiwiki.jp/shinycolors/%E3%80%90From%20You%E3%80%91%E9%88%B4%E6%9C%A8%E7%BE%BD%E9%82%A3,observed,base,wiki_only,shinycolors_enza,c479d588-ecb1-466b-bb7f-df6260dc03ea,c479d588-ecb1-466b-bb7f-df6260dc03ea,2026-10-06T16:29:53+00:00,"[""W02""]","[""collab_work""]"
v1-93a6a8b8d40e754a,1.0,2026-10-08T02:45:18+00:00,【天然色ピクニック】,idol_1,櫻木真乃,S,SR,unit_1,イルミネーションスターズ,2018-04-24,permanent_gacha,[],unknown,,https://wikiwiki.jp/shinycolors/%E3%80%90%E5%A4%A9%E7%84%B6%E8%89%B2%E3%83%94%E3%82%AF%E3%83%8B%E3%83%83%E3%82%AF%E3%80%91%E6%AB%BB%E6%9C%A8%E7%9C%9F%E4%B9%83,observed,base,wiki_only,shinycolors_enza,c47b9233-ea99-4254-9945-2b9039837a48,c47b9233-ea99-4254-9945-2b9039837a48,2026-10-06T16:29:54+00:00,"[""W03""]","[""series_status"",""collab_work""]"
v1-93a6a8b8d40e754a,1.0,2026-10-08T02:45:18+00:00,【甜花ちゃんといっしょ☆】,idol_8c18b422-295c-4259-9e14-413685deb7f8,大崎甘奈,P,SR,unit_4,アルストロメリア,2018-10-10,permanent_gacha,[],unknown,,https://wikiwiki.jp/shinycolors/%E3%80%90%E7%94%9C%E8%8A%B1%E3%81%A1%E3%82%83%E3%82%93%E3%81%A8%E3%81%84%E3%81%A3%E3%81%97%E3%82%87%E2%98%86%E3%80%91%E5%A4%A7%E5%B4%8E%E7%94%98%E5%A5%88,observed,base,wiki_only,shinycolors_enza,c487b0ff-bc0f-42ae-9368-08fd33a1ecbc,c487b0ff-bc0f-42ae-9368-08fd33a1ecbc,2026-10-06T16:29:53+00:00,"[""W02""]","[""series_status"",""collab_work""]"
v1-93a6a8b8d40e754a,1.0,2026-10-08T02:45:18+00:00,【二律背反sweet】,idol_a2f858c3-da6e-4d6f-b777-5367a2671399,黛冬優子,S,SSR,unit_5,ストレイライト,2022-04-11,permanent_gacha,[],unknown,,https://wikiwiki.jp/shinycolors/%E3%80%90%E4%BA%8C%E5%BE%8B%E8%83%8C%E5%8F%8Dsweet%E3%80%91%E9%BB%9B%E5%86%AC%E5%84%AA%E5%AD%90,observed,base,wiki_only,shinycolors_enza,c4a1ab79-1ae4-4829-8ba0-92fa34e96775,c4a1ab79-1ae4-4829-8ba0-92fa34e96775,2026-10-06T16:29:53+00:00,"[""W03""]","[""series_status"",""collab_work""]"
v1-93a6a8b8d40e754a,1.0,2026-10-08T02:45:18+00:00,【水面を仰いで海の底】,idol_0e2d3420-7295-4510-929d-01bf8378e12a,風野灯織,S,SSR,unit_1,イルミネーションスターズ,2020-10-31,limited_gacha,[],unknown,,https://wikiwiki.jp/shinycolors/%E3%80%90%E6%B0%B4%E9%9D%A2%E3%82%92%E4%BB%B0%E3%81%84%E3%81%A7%E6%B5%B7%E3%81%AE%E5%BA%95%E3%80%91%E9%A2%A8%E9%87%8E%E7%81%AF%E7%B9%94,observed,base,wiki_only,shinycolors_enza,c4b236bb-07ee-4a7e-9219-4dc84c520ee5,c4b236bb-07ee-4a7e-9219-4dc84c520ee5,2026-10-06T16:29:53+00:00,"[""W03""]","[""series_status"",""collab_work""]"
v1-93a6a8b8d40e754a,1.0,2026-10-08T02:45:18+00:00,【かきまぜたら＊ミルク】,idol_7,園田智代子,P,SSR,unit_3,放課後クライマックスガールズ,2019-09-30,limited_gacha,[],unknown,,https://wikiwiki.jp/shinycolors/%E3%80%90%E3%81%8B%E3%81%8D%E3%81%BE%E3%81%9C%E3%81%9F%E3%82%89%EF%BC%8A%E3%83%9F%E3%83%AB%E3%82%AF%E3%80%91%E5%9C%92%E7%94%B0%E6%99%BA%E4%BB%A3%E5%AD%90,observed,base,wiki_only,shinycolors_enza,c4e81078-c7b8-420d-8f44-9278879abfc6,c4e81078-c7b8-420d-8f44-9278879abfc6,2026-10-06T16:29:53+00:00,"[""W02""]","[""series_status"",""collab_work""]"
v1-93a6a8b8d40e754a,1.0,2026-10-08T02:45:18+00:00,【鏡界フィクションレイン】,idol_81093365-1df1-4e6c-a252-27625c47ab96,三峰結華,P,SSR,unit_2,アンティーカ,2023-09-25,collection_gacha,"[""mysongs""]",known,,https://wikiwiki.jp/shinycolors/%E3%80%90%E9%8F%A1%E7%95%8C%E3%83%95%E3%82%A3%E3%82%AF%E3%82%B7%E3%83%A7%E3%83%B3%E3%83%AC%E3%82%A4%E3%83%B3%E3%80%91%E4%B8%89%E5%B3%B0%E7%B5%90%E8%8F%AF,observed,base,wiki_only,shinycolors_enza,c4e9d5e5-0689-43fb-8a4e-f19a100c4b90,c4e9d5e5-0689-43fb-8a4e-f19a100c4b90,2026-10-06T16:29:53+00:00,"[""W02""]","[""collab_work""]"
v1-93a6a8b8d40e754a,1.0,2026-10-08T02:45:18+00:00,【見果てぬ先のアヴァロン】,idol_b1cc8f6f-feab-4add-b5d9-d8777add7f60,大崎甜花,S,SSR,unit_4,アルストロメリア,2020-02-29,limited_gacha,[],unknown,,https://wikiwiki.jp/shinycolors/%E3%80%90%E8%A6%8B%E6%9E%9C%E3%81%A6%E3%81%AC%E5%85%88%E3%81%AE%E3%82%A2%E3%83%B4%E3%82%A1%E3%83%AD%E3%83%B3%E3%80%91%E5%A4%A7%E5%B4%8E%E7%94%9C%E8%8A%B1,observed,base,wiki_only,shinycolors_enza,c59f8e89-58a0-4ef7-9a2a-29d0243d6a5e,c59f8e89-58a0-4ef7-9a2a-29d0243d6a5e,2026-10-06T16:29:53+00:00,"[""W03""]","[""series_status"",""collab_work""]"
v1-93a6a8b8d40e754a,1.0,2026-10-08T02:45:18+00:00,【三つ子の魂えたーなる！】,idol_786e9b98-d1e4-4419-a69a-3281d07dd4fb,和泉愛依,S,SSR,unit_5,ストレイライト,2026-09-07,collection_gacha,"[""prelude""]",known,,https://wikiwiki.jp/shinycolors/%E3%80%90%E4%B8%89%E3%81%A4%E5%AD%90%E3%81%AE%E9%AD%82%E3%81%88%E3%81%9F%E3%83%BC%E3%81%AA%E3%82%8B%EF%BC%81%E3%80%91%E5%92%8C%E6%B3%89%E6%84%9B%E4%BE%9D,observed,base,wiki_only,shinycolors_enza,c5dd7e81-dd79-4971-b350-05cfed75da76,c5dd7e81-dd79-4971-b350-05cfed75da76,2026-10-06T16:29:53+00:00,"[""W03""]","[""collab_work""]"
v1-93a6a8b8d40e754a,1.0,2026-10-08T02:45:18+00:00,【真紅一輪】,idol_ef328a51-2928-4d2d-a44f-5e3b92d305cf,白瀬咲耶,P,SR,unit_2,アンティーカ,2020-06-10,permanent_gacha,[],unknown,,https://wikiwiki.jp/shinycolors/%E3%80%90%E7%9C%9F%E7%B4%85%E4%B8%80%E8%BC%AA%E3%80%91%E7%99%BD%E7%80%AC%E5%92%B2%E8%80%B6,observed,base,wiki_only,shinycolors_enza,c5df47ca-c605-464c-9c20-8bbe759d3ca7,c5df47ca-c605-464c-9c20-8bbe759d3ca7,2026-10-06T16:29:53+00:00,"[""W02""]","[""series_status"",""collab_work""]"
v1-93a6a8b8d40e754a,1.0,2026-10-08T02:45:18+00:00,【和泉流・書道心得】,idol_786e9b98-d1e4-4419-a69a-3281d07dd4fb,和泉愛依,S,SR,unit_5,ストレイライト,2020-01-10,event_reward,[],unknown,,https://wikiwiki.jp/shinycolors/%E3%80%90%E5%92%8C%E6%B3%89%E6%B5%81%E3%83%BB%E6%9B%B8%E9%81%93%E5%BF%83%E5%BE%97%E3%80%91%E5%92%8C%E6%B3%89%E6%84%9B%E4%BE%9D,observed,base,wiki_only,shinycolors_enza,c608f186-6cd3-4f08-92c6-90b2c4c25503,c608f186-6cd3-4f08-92c6-90b2c4c25503,2026-10-06T16:29:53+00:00,"[""W03""]","[""series_status"",""collab_work""]"
v1-93a6a8b8d40e754a,1.0,2026-10-08T02:45:18+00:00,【花火の夜に……】,idol_3c398182-7760-439e-8c77-3c09d173aa4c,芹沢あさひ,S,SR,unit_5,ストレイライト,2020-07-10,event_reward,[],unknown,,https://wikiwiki.jp/shinycolors/%E3%80%90%E8%8A%B1%E7%81%AB%E3%81%AE%E5%A4%9C%E3%81%AB%E2%80%A6%E2%80%A6%E3%80%91%E8%8A%B9%E6%B2%A2%E3%81%82%E3%81%95%E3%81%B2,observed,base,wiki_only,shinycolors_enza,c636565f-1e75-4b86-8819-748321fbb3b7,c636565f-1e75-4b86-8819-748321fbb3b7,2026-10-06T16:29:53+00:00,"[""W03""]","[""series_status"",""collab_work""]"
v1-93a6a8b8d40e754a,1.0,2026-10-08T02:45:18+00:00,【ダイヤモンド・クラリティ】,idol_2,樋口円香,P,SSR,unit_6,ノクチル,2026-06-09,limited_gacha,[],unknown,,https://wikiwiki.jp/shinycolors/%E3%80%90%E3%83%80%E3%82%A4%E3%83%A4%E3%83%A2%E3%83%B3%E3%83%89%E3%83%BB%E3%82%AF%E3%83%A9%E3%83%AA%E3%83%86%E3%82%A3%E3%80%91%E6%A8%8B%E5%8F%A3%E5%86%86%E9%A6%99,observed,base,wiki_only,shinycolors_enza,c6393253-02d2-44a5-92d0-c359aa5c19cf,c6393253-02d2-44a5-92d0-c359aa5c19cf,2026-10-06T16:29:52+00:00,"[""W02""]","[""series_status"",""collab_work""]"
v1-93a6a8b8d40e754a,1.0,2026-10-08T02:45:18+00:00,【メモラブル・シングス】,idol_6,田中摩美々,S,SSR,unit_2,アンティーカ,2024-10-31,event_reward,[],unknown,,https://wikiwiki.jp/shinycolors/%E3%80%90%E3%83%A1%E3%83%A2%E3%83%A9%E3%83%96%E3%83%AB%E3%83%BB%E3%82%B7%E3%83%B3%E3%82%B0%E3%82%B9%E3%80%91%E7%94%B0%E4%B8%AD%E6%91%A9%E7%BE%8E%E3%80%85,observed,base,wiki_only,shinycolors_enza,c6a46d43-c3f5-4159-96ac-0d59fbb3cf14,c6a46d43-c3f5-4159-96ac-0d59fbb3cf14,2026-10-06T16:29:53+00:00,"[""W03""]","[""series_status"",""collab_work""]"
v1-93a6a8b8d40e754a,1.0,2026-10-08T02:45:18+00:00,【A Kiss to JOL】,idol_b1cc8f6f-feab-4add-b5d9-d8777add7f60,大崎甜花,S,UR,unit_4,アルストロメリア,2025-10-08,permanent_gacha,[],unknown,,https://wikiwiki.jp/shinycolors/%E3%80%90A%20Kiss%20to%20JOL%E3%80%91%E5%A4%A7%E5%B4%8E%E7%94%9C%E8%8A%B1,observed,base,wiki_only,shinycolors_enza,c6b72fb4-b084-45e9-a344-9db5155c2402,c6b72fb4-b084-45e9-a344-9db5155c2402,2026-10-06T16:29:53+00:00,"[""W03""]","[""series_status"",""collab_work""]"
v1-93a6a8b8d40e754a,1.0,2026-10-08T02:45:18+00:00,【つづく、】,idol_3,浅倉透,P,SSR,unit_6,ノクチル,2021-04-20,limited_gacha,[],unknown,,https://wikiwiki.jp/shinycolors/%E3%80%90%E3%81%A4%E3%81%A5%E3%81%8F%E3%80%81%E3%80%91%E6%B5%85%E5%80%89%E9%80%8F,observed,base,wiki_only,shinycolors_enza,c6e22347-5b87-45a7-9b8a-fc8f01c1f3df,c6e22347-5b87-45a7-9b8a-fc8f01c1f3df,2026-10-06T16:29:53+00:00,"[""W02""]","[""series_status"",""collab_work""]"
v1-93a6a8b8d40e754a,1.0,2026-10-08T02:45:18+00:00,【そういう時間、も】,idol_736d3fca-9560-4156-96fc-66cc0159ea42,七草にちか,S,SSR,unit_7,シーズ,2025-09-19,limited_gacha,[],unknown,,https://wikiwiki.jp/shinycolors/%E3%80%90%E3%81%9D%E3%81%86%E3%81%84%E3%81%86%E6%99%82%E9%96%93%E3%80%81%E3%82%82%E3%80%91%E4%B8%83%E8%8D%89%E3%81%AB%E3%81%A1%E3%81%8B,observed,base,wiki_only,shinycolors_enza,c707c611-4b67-4a00-a3a4-230e80c0c13e,c707c611-4b67-4a00-a3a4-230e80c0c13e,2026-10-06T16:29:53+00:00,"[""W03""]","[""series_status"",""collab_work""]"
v1-93a6a8b8d40e754a,1.0,2026-10-08T02:45:18+00:00,【We can go now!】,idol_1,櫻木真乃,S,SSR,unit_1,イルミネーションスターズ,2026-07-26,gacha_bonus,[],unknown,,,not_found,base,wiki_only,shinycolors_enza,c74b5092-87fe-4569-a51e-671f059d683b,c74b5092-87fe-4569-a51e-671f059d683b,2026-10-06T16:29:53+00:00,"[""W03""]","[""series_status"",""collab_work"",""wiki_url""]"
v1-93a6a8b8d40e754a,1.0,2026-10-08T02:45:18+00:00,【ワーキングスナップ～デート】,idol_a2f858c3-da6e-4d6f-b777-5367a2671399,黛冬優子,S,SSR,unit_5,ストレイライト,2024-11-24,limited_gacha,[],unknown,,https://wikiwiki.jp/shinycolors/%E3%80%90%E3%83%AF%E3%83%BC%E3%82%AD%E3%83%B3%E3%82%B0%E3%82%B9%E3%83%8A%E3%83%83%E3%83%97%EF%BD%9E%E3%83%87%E3%83%BC%E3%83%88%E3%80%91%E9%BB%9B%E5%86%AC%E5%84%AA%E5%AD%90,observed,base,wiki_only,shinycolors_enza,c74c87d3-5f2f-4186-928c-e160645f492a,c74c87d3-5f2f-4186-928c-e160645f492a,2026-10-06T16:29:53+00:00,"[""W03""]","[""series_status"",""collab_work""]"
v1-93a6a8b8d40e754a,1.0,2026-10-08T02:45:18+00:00,"【Pupa,2】",idol_d4177c5c-4600-4381-b5da-758f87fc23d7,八宮めぐる,S,SR,unit_1,イルミネーションスターズ,2025-05-11,gacha_bonus,[],unknown,,,not_found,base,wiki_only,shinycolors_enza,c783ff6b-cacf-4091-a272-fea6916d2f06,c783ff6b-cacf-4091-a272-fea6916d2f06,2026-10-06T16:29:53+00:00,"[""W03""]","[""series_status"",""collab_work"",""wiki_url""]"
v1-93a6a8b8d40e754a,1.0,2026-10-08T02:45:18+00:00,【続！（完全）燃焼】,idol_df07e98b-12f2-4984-b8f6-8da0a47c0cc7,小宮果穂,S,SSR,unit_3,放課後クライマックスガールズ,2020-08-31,event_reward,[],unknown,,https://wikiwiki.jp/shinycolors/%E3%80%90%E7%B6%9A%EF%BC%81%EF%BC%88%E5%AE%8C%E5%85%A8%EF%BC%89%E7%87%83%E7%84%BC%E3%80%91%E5%B0%8F%E5%AE%AE%E6%9E%9C%E7%A9%82,observed,base,wiki_only,shinycolors_enza,c7c96cc0-974a-4142-b802-a67a222135a5,c7c96cc0-974a-4142-b802-a67a222135a5,2026-10-06T16:29:53+00:00,"[""W03""]","[""series_status"",""collab_work""]"
v1-93a6a8b8d40e754a,1.0,2026-10-08T02:45:18+00:00,【天・天・白・布】,idol_e579db5c-0930-4984-aa40-ebe5a00e8a4f,幽谷霧子,P,SR,unit_2,アンティーカ,2019-05-20,event_reward,[],unknown,,https://wikiwiki.jp/shinycolors/%E3%80%90%E5%A4%A9%E3%83%BB%E5%A4%A9%E3%83%BB%E7%99%BD%E3%83%BB%E5%B8%83%E3%80%91%E5%B9%BD%E8%B0%B7%E9%9C%A7%E5%AD%90,observed,base,wiki_only,shinycolors_enza,c7d55e4c-88fe-4bd2-9439-c9a3c8d74a50,c7d55e4c-88fe-4bd2-9439-c9a3c8d74a50,2026-10-06T16:29:53+00:00,"[""W02""]","[""series_status"",""collab_work""]"
v1-93a6a8b8d40e754a,1.0,2026-10-08T02:45:18+00:00,【ワン・フォー・オール！】,idol_df07e98b-12f2-4984-b8f6-8da0a47c0cc7,小宮果穂,S,SSR,unit_3,放課後クライマックスガールズ,2024-08-30,limited_gacha,[],unknown,,https://wikiwiki.jp/shinycolors/%E3%80%90%E3%83%AF%E3%83%B3%E3%83%BB%E3%83%95%E3%82%A9%E3%83%BC%E3%83%BB%E3%82%AA%E3%83%BC%E3%83%AB%EF%BC%81%E3%80%91%E5%B0%8F%E5%AE%AE%E6%9E%9C%E7%A9%82,observed,base,wiki_only,shinycolors_enza,c7e05a28-faa1-42e3-a2a4-acdb295a7cef,c7e05a28-faa1-42e3-a2a4-acdb295a7cef,2026-10-06T16:29:53+00:00,"[""W03""]","[""series_status"",""collab_work""]"
v1-93a6a8b8d40e754a,1.0,2026-10-08T02:45:18+00:00,【スタンバイオッケー】,idol_8c18b422-295c-4259-9e14-413685deb7f8,大崎甘奈,P,SSR,unit_4,アルストロメリア,2018-05-21,permanent_gacha,[],unknown,,https://wikiwiki.jp/shinycolors/%E3%80%90%E3%82%B9%E3%82%BF%E3%83%B3%E3%83%90%E3%82%A4%E3%82%AA%E3%83%83%E3%82%B1%E3%83%BC%E3%80%91%E5%A4%A7%E5%B4%8E%E7%94%98%E5%A5%88,observed,base,wiki_only,shinycolors_enza,c803200c-1b00-40ea-99ec-44c8e5a03e95,c803200c-1b00-40ea-99ec-44c8e5a03e95,2026-10-06T16:29:53+00:00,"[""W02""]","[""series_status"",""collab_work""]"
v1-93a6a8b8d40e754a,1.0,2026-10-08T02:45:18+00:00,【とびっきりジンジャー】,idol_813a7356-e821-43e7-b25f-c104ca28870d,西城樹里,P,SSR,unit_3,放課後クライマックスガールズ,2018-12-14,limited_gacha,[],unknown,,https://wikiwiki.jp/shinycolors/%E3%80%90%E3%81%A8%E3%81%B3%E3%81%A3%E3%81%8D%E3%82%8A%E3%82%B8%E3%83%B3%E3%82%B8%E3%83%A3%E3%83%BC%E3%80%91%E8%A5%BF%E5%9F%8E%E6%A8%B9%E9%87%8C,observed,base,wiki_only,shinycolors_enza,c8104f04-e31b-4a21-90ca-ae7b03febcc1,c8104f04-e31b-4a21-90ca-ae7b03febcc1,2026-10-06T16:29:53+00:00,"[""W02""]","[""series_status"",""collab_work""]"
v1-93a6a8b8d40e754a,1.0,2026-10-08T02:45:18+00:00,【COSTUME GALLERY】,idol_813a7356-e821-43e7-b25f-c104ca28870d,西城樹里,S,SR,unit_3,放課後クライマックスガールズ,2025-03-22,gacha_bonus,[],unknown,,,not_found,base,wiki_only,shinycolors_enza,c8116295-ceeb-4c5c-a96a-7961ad599618,c8116295-ceeb-4c5c-a96a-7961ad599618,2026-10-06T16:29:53+00:00,"[""W03""]","[""series_status"",""collab_work"",""wiki_url""]"
v1-93a6a8b8d40e754a,1.0,2026-10-08T02:45:18+00:00,【283プロのヒナ】,idol_e91e6363-2dc9-42c1-bbf1-a759e797c2d1,月岡恋鐘,S,R,unit_2,アンティーカ,2018-04-24,permanent_gacha,[],unknown,,https://wikiwiki.jp/shinycolors/%E3%80%90283%E3%83%97%E3%83%AD%E3%81%AE%E3%83%92%E3%83%8A%E3%80%91%E6%9C%88%E5%B2%A1%E6%81%8B%E9%90%98,observed,base,wiki_only,shinycolors_enza,c8164502-7da6-4e9c-b7ce-04ca7ea1a9a7,c8164502-7da6-4e9c-b7ce-04ca7ea1a9a7,2026-10-06T16:29:54+00:00,"[""W03""]","[""series_status"",""collab_work""]"
v1-93a6a8b8d40e754a,1.0,2026-10-08T02:45:18+00:00,【げっと！！！】,idol_df07e98b-12f2-4984-b8f6-8da0a47c0cc7,小宮果穂,P,SSR,unit_3,放課後クライマックスガールズ,2026-09-16,collection_gacha,"[""twilights""]",known,,https://wikiwiki.jp/shinycolors/%E3%80%90%E3%81%92%E3%81%A3%E3%81%A8%EF%BC%81%EF%BC%81%EF%BC%81%E3%80%91%E5%B0%8F%E5%AE%AE%E6%9E%9C%E7%A9%82,observed,base,wiki_only,shinycolors_enza,c825335c-a8c5-4dc4-97c1-dd3729939313,c825335c-a8c5-4dc4-97c1-dd3729939313,2026-10-06T16:29:52+00:00,"[""W02""]","[""collab_work""]"
v1-93a6a8b8d40e754a,1.0,2026-10-08T02:45:18+00:00,【PURPLE M】,idol_6,田中摩美々,P,SSR,unit_2,アンティーカ,2023-05-17,collection_gacha,"[""mysongs""]",known,,https://wikiwiki.jp/shinycolors/%E3%80%90PURPLE%20M%E3%80%91%E7%94%B0%E4%B8%AD%E6%91%A9%E7%BE%8E%E3%80%85,observed,base,wiki_only,shinycolors_enza,c8d1a07b-8ed4-440c-8794-8a03627ddfc8,c8d1a07b-8ed4-440c-8794-8a03627ddfc8,2026-10-06T16:29:53+00:00,"[""W02""]","[""collab_work""]"
v1-93a6a8b8d40e754a,1.0,2026-10-08T02:45:18+00:00,【metomeスパークル】,idol_7,園田智代子,S,SR,unit_3,放課後クライマックスガールズ,2026-09-07,event_reward,[],unknown,,https://wikiwiki.jp/shinycolors/%E3%80%90metome%E3%82%B9%E3%83%91%E3%83%BC%E3%82%AF%E3%83%AB%E3%80%91%E5%9C%92%E7%94%B0%E6%99%BA%E4%BB%A3%E5%AD%90,observed,base,wiki_only,shinycolors_enza,c8f5499a-e692-4ba0-a871-0b05bde89c95,c8f5499a-e692-4ba0-a871-0b05bde89c95,2026-10-06T16:29:53+00:00,"[""W03""]","[""series_status"",""collab_work""]"
v1-93a6a8b8d40e754a,1.0,2026-10-08T02:45:18+00:00,【FANCY 24g】,idol_6,田中摩美々,P,SR,unit_2,アンティーカ,2020-02-20,collaboration_gacha,[],unknown,,https://wikiwiki.jp/shinycolors/%E3%80%90FANCY%2024g%E3%80%91%E7%94%B0%E4%B8%AD%E6%91%A9%E7%BE%8E%E3%80%85,observed,base,wiki_only,shinycolors_enza,c9075673-87de-40ec-87ef-2d8ce4a7794b,c9075673-87de-40ec-87ef-2d8ce4a7794b,2026-10-06T16:29:53+00:00,"[""W02""]","[""series_status"",""collab_work""]"
v1-93a6a8b8d40e754a,1.0,2026-10-08T02:45:18+00:00,【Candyならいらない】,idol_7,園田智代子,P,SSR,unit_3,放課後クライマックスガールズ,2026-08-07,limited_gacha,[],unknown,,https://wikiwiki.jp/shinycolors/%E3%80%90Candy%E3%81%AA%E3%82%89%E3%81%84%E3%82%89%E3%81%AA%E3%81%84%E3%80%91%E5%9C%92%E7%94%B0%E6%99%BA%E4%BB%A3%E5%AD%90,observed,base,wiki_only,shinycolors_enza,c9250246-1b01-4016-a81d-32b745e498ba,c9250246-1b01-4016-a81d-32b745e498ba,2026-10-06T16:29:52+00:00,"[""W02""]","[""series_status"",""collab_work""]"
v1-93a6a8b8d40e754a,1.0,2026-10-08T02:45:18+00:00,【たすものについて】,idol_3,浅倉透,S,SSR,unit_6,ノクチル,2024-01-30,event_reward,[],unknown,,https://wikiwiki.jp/shinycolors/%E3%80%90%E3%81%9F%E3%81%99%E3%82%82%E3%81%AE%E3%81%AB%E3%81%A4%E3%81%84%E3%81%A6%E3%80%91%E6%B5%85%E5%80%89%E9%80%8F,observed,base,wiki_only,shinycolors_enza,c930e9c7-0349-430c-bf3f-799558935f9c,c930e9c7-0349-430c-bf3f-799558935f9c,2026-10-06T16:29:53+00:00,"[""W03""]","[""series_status"",""collab_work""]"
v1-93a6a8b8d40e754a,1.0,2026-10-08T02:45:18+00:00,【日々、想】,idol_736d3fca-9560-4156-96fc-66cc0159ea42,七草にちか,P,SSR,unit_7,シーズ,2025-01-21,collection_gacha,"[""parallel""]",known,,https://wikiwiki.jp/shinycolors/%E3%80%90%E6%97%A5%E3%80%85%E3%80%81%E6%83%B3%E3%80%91%E4%B8%83%E8%8D%89%E3%81%AB%E3%81%A1%E3%81%8B,observed,base,wiki_only,shinycolors_enza,c93a7c79-f8a9-4d45-acca-e7a78785a382,c93a7c79-f8a9-4d45-acca-e7a78785a382,2026-10-06T16:29:53+00:00,"[""W02""]","[""collab_work""]"
v1-93a6a8b8d40e754a,1.0,2026-10-08T02:45:18+00:00,【花火のヒカリ】,idol_d4177c5c-4600-4381-b5da-758f87fc23d7,八宮めぐる,S,SR,unit_1,イルミネーションスターズ,2024-06-08,gacha_bonus,[],unknown,,https://wikiwiki.jp/shinycolors/%E3%80%90%E8%8A%B1%E7%81%AB%E3%81%AE%E3%83%92%E3%82%AB%E3%83%AA%E3%80%91%E5%85%AB%E5%AE%AE%E3%82%81%E3%81%90%E3%82%8B,observed,base,wiki_only,shinycolors_enza,c942f66e-0177-478d-b62c-f6ce1c421242,c942f66e-0177-478d-b62c-f6ce1c421242,2026-10-06T16:29:54+00:00,"[""W03""]","[""series_status"",""collab_work""]"
v1-93a6a8b8d40e754a,1.0,2026-10-08T02:45:18+00:00,【橙より未来】,idol_e91e6363-2dc9-42c1-bbf1-a759e797c2d1,月岡恋鐘,S,SSR,unit_2,アンティーカ,2024-11-16,gacha_bonus,[],unknown,,https://wikiwiki.jp/shinycolors/%E3%80%90%E6%A9%99%E3%82%88%E3%82%8A%E6%9C%AA%E6%9D%A5%E3%80%91%E6%9C%88%E5%B2%A1%E6%81%8B%E9%90%98,observed,base,wiki_only,shinycolors_enza,c950e5a4-2ad6-4c3d-a2d6-2c28edacbbf5,c950e5a4-2ad6-4c3d-a2d6-2c28edacbbf5,2026-10-06T16:29:53+00:00,"[""W03""]","[""series_status"",""collab_work""]"
v1-93a6a8b8d40e754a,1.0,2026-10-08T02:45:18+00:00,【てへっ♪】,idol_786e9b98-d1e4-4419-a69a-3281d07dd4fb,和泉愛依,P,SR,unit_5,ストレイライト,2019-08-09,event_reward,[],unknown,,https://wikiwiki.jp/shinycolors/%E3%80%90%E3%81%A6%E3%81%B8%E3%81%A3%E2%99%AA%E3%80%91%E5%92%8C%E6%B3%89%E6%84%9B%E4%BE%9D,observed,base,wiki_only,shinycolors_enza,c966e591-dc32-4fd9-876d-e96e9ef89452,c966e591-dc32-4fd9-876d-e96e9ef89452,2026-10-06T16:29:53+00:00,"[""W02""]","[""series_status"",""collab_work""]"
v1-93a6a8b8d40e754a,1.0,2026-10-08T02:45:18+00:00,【冬の日の『贈り物』】,idol_8c18b422-295c-4259-9e14-413685deb7f8,大崎甘奈,S,SR,unit_4,アルストロメリア,2019-11-30,collaboration_gacha,[],unknown,,https://wikiwiki.jp/shinycolors/%E3%80%90%E5%86%AC%E3%81%AE%E6%97%A5%E3%81%AE%E3%80%8E%E8%B4%88%E3%82%8A%E7%89%A9%E3%80%8F%E3%80%91%E5%A4%A7%E5%B4%8E%E7%94%98%E5%A5%88,observed,base,wiki_only,shinycolors_enza,c983f569-705b-4317-8b98-8856925721bf,c983f569-705b-4317-8b98-8856925721bf,2026-10-06T16:29:53+00:00,"[""W03""]","[""series_status"",""collab_work""]"
v1-93a6a8b8d40e754a,1.0,2026-10-08T02:45:18+00:00,【夜よこノ窓は塗らないデ】,idol_736d3fca-9560-4156-96fc-66cc0159ea42,七草にちか,P,SSR,unit_7,シーズ,2022-05-20,permanent_gacha,[],unknown,,https://wikiwiki.jp/shinycolors/%E3%80%90%E5%A4%9C%E3%82%88%E3%81%93%E3%83%8E%E7%AA%93%E3%81%AF%E5%A1%97%E3%82%89%E3%81%AA%E3%81%84%E3%83%87%E3%80%91%E4%B8%83%E8%8D%89%E3%81%AB%E3%81%A1%E3%81%8B,observed,base,wiki_only,shinycolors_enza,c998b3fd-bc21-415d-a41b-f0bfd5cd680f,c998b3fd-bc21-415d-a41b-f0bfd5cd680f,2026-10-06T16:29:53+00:00,"[""W02""]","[""series_status"",""collab_work""]"
v1-93a6a8b8d40e754a,1.0,2026-10-08T02:45:18+00:00,【カラフルメタモルフォーゼ】,idol_81093365-1df1-4e6c-a252-27625c47ab96,三峰結華,P,SR,unit_2,アンティーカ,2018-04-24,permanent_gacha,[],unknown,,https://wikiwiki.jp/shinycolors/%E3%80%90%E3%82%AB%E3%83%A9%E3%83%95%E3%83%AB%E3%83%A1%E3%82%BF%E3%83%A2%E3%83%AB%E3%83%95%E3%82%A9%E3%83%BC%E3%82%BC%E3%80%91%E4%B8%89%E5%B3%B0%E7%B5%90%E8%8F%AF,observed,base,wiki_only,shinycolors_enza,c99a5856-582e-4e44-af1a-fccf37ac96ad,c99a5856-582e-4e44-af1a-fccf37ac96ad,2026-10-06T16:29:53+00:00,"[""W02""]","[""series_status"",""collab_work""]"
v1-93a6a8b8d40e754a,1.0,2026-10-08T02:45:18+00:00,【空×虹】,idol_0e2d3420-7295-4510-929d-01bf8378e12a,風野灯織,S,SR,unit_1,イルミネーションスターズ,2023-12-09,gacha_bonus,[],unknown,,https://wikiwiki.jp/shinycolors/%E3%80%90%E7%A9%BA%C3%97%E8%99%B9%E3%80%91%E9%A2%A8%E9%87%8E%E7%81%AF%E7%B9%94,observed,base,wiki_only,shinycolors_enza,c9b5072c-9ffe-4449-8f41-01687edd5dc0,c9b5072c-9ffe-4449-8f41-01687edd5dc0,2026-10-06T16:29:54+00:00,"[""W03""]","[""series_status"",""collab_work""]"
v1-93a6a8b8d40e754a,1.0,2026-10-08T02:45:18+00:00,【遠き御空】,idol_51651b60-7996-412b-bd16-5c1c3f3faebf,杜野凛世,S,SSR,unit_3,放課後クライマックスガールズ,2026-03-18,collection_gacha,"[""prelude""]",known,,https://wikiwiki.jp/shinycolors/%E3%80%90%E9%81%A0%E3%81%8D%E5%BE%A1%E7%A9%BA%E3%80%91%E6%9D%9C%E9%87%8E%E5%87%9B%E4%B8%96,observed,base,wiki_only,shinycolors_enza,c9b68910-8063-4814-a7ec-8f65aa1d46b5,c9b68910-8063-4814-a7ec-8f65aa1d46b5,2026-10-06T16:29:53+00:00,"[""W03""]","[""collab_work""]"
v1-93a6a8b8d40e754a,1.0,2026-10-08T02:45:18+00:00,【白いツバサ】,idol_e91e6363-2dc9-42c1-bbf1-a759e797c2d1,月岡恋鐘,P,R,unit_2,アンティーカ,2018-04-24,permanent_gacha,[],unknown,,https://wikiwiki.jp/shinycolors/%E3%80%90%E7%99%BD%E3%81%84%E3%83%84%E3%83%90%E3%82%B5%E3%80%91%E6%9C%88%E5%B2%A1%E6%81%8B%E9%90%98,observed,base,wiki_only,shinycolors_enza,c9ed72de-f47f-4847-93d7-02bc9abedd1c,c9ed72de-f47f-4847-93d7-02bc9abedd1c,2026-10-06T16:29:53+00:00,"[""W02""]","[""series_status"",""collab_work""]"
v1-93a6a8b8d40e754a,1.0,2026-10-08T02:45:18+00:00,"【sparkle,,,】",idol_813a7356-e821-43e7-b25f-c104ca28870d,西城樹里,P,SSR,unit_3,放課後クライマックスガールズ,2022-07-31,limited_gacha,[],unknown,,https://wikiwiki.jp/shinycolors/%E3%80%90sparkle%2C%2C%2C%E3%80%91%E8%A5%BF%E5%9F%8E%E6%A8%B9%E9%87%8C,observed,base,wiki_only,shinycolors_enza,c9fb7ede-f43a-403a-9f14-c817afe49c84,c9fb7ede-f43a-403a-9f14-c817afe49c84,2026-10-06T16:29:53+00:00,"[""W02""]","[""series_status"",""collab_work""]"
v1-93a6a8b8d40e754a,1.0,2026-10-08T02:45:18+00:00,【ロー・ポジション】,idol_51651b60-7996-412b-bd16-5c1c3f3faebf,杜野凛世,P,SSR,unit_3,放課後クライマックスガールズ,2021-03-22,permanent_gacha,[],unknown,,https://wikiwiki.jp/shinycolors/%E3%80%90%E3%83%AD%E3%83%BC%E3%83%BB%E3%83%9D%E3%82%B8%E3%82%B7%E3%83%A7%E3%83%B3%E3%80%91%E6%9D%9C%E9%87%8E%E5%87%9B%E4%B8%96,observed,base,wiki_only,shinycolors_enza,ca504246-0e8a-4099-8948-d400dc9f4bb9,ca504246-0e8a-4099-8948-d400dc9f4bb9,2026-10-06T16:29:53+00:00,"[""W02""]","[""series_status"",""collab_work""]"
v1-93a6a8b8d40e754a,1.0,2026-10-08T02:45:18+00:00,【想ひいろは】,idol_51651b60-7996-412b-bd16-5c1c3f3faebf,杜野凛世,P,SR,unit_3,放課後クライマックスガールズ,2018-04-24,permanent_gacha,[],unknown,,https://wikiwiki.jp/shinycolors/%E3%80%90%E6%83%B3%E3%81%B2%E3%81%84%E3%82%8D%E3%81%AF%E3%80%91%E6%9D%9C%E9%87%8E%E5%87%9B%E4%B8%96,observed,base,wiki_only,shinycolors_enza,ca56759e-ee1f-495e-a232-2821da8472b0,ca56759e-ee1f-495e-a232-2821da8472b0,2026-10-06T16:29:53+00:00,"[""W02""]","[""series_status"",""collab_work""]"
v1-93a6a8b8d40e754a,1.0,2026-10-08T02:45:18+00:00,【episode：Cool】,idol_6,田中摩美々,S,SR,unit_2,アンティーカ,2022-03-10,event_reward,[],unknown,,https://wikiwiki.jp/shinycolors/%E3%80%90episode%EF%BC%9ACool%E3%80%91%E7%94%B0%E4%B8%AD%E6%91%A9%E7%BE%8E%E3%80%85,observed,base,wiki_only,shinycolors_enza,ca613e90-0f4e-4899-8556-39f59dfcf6d1,ca613e90-0f4e-4899-8556-39f59dfcf6d1,2026-10-06T16:29:53+00:00,"[""W03""]","[""series_status"",""collab_work""]"
v1-93a6a8b8d40e754a,1.0,2026-10-08T02:45:18+00:00,【'25Pカップランクイン】,idol_3,浅倉透,S,SSR,unit_6,ノクチル,2025-04-15,event_reward,[],unknown,,,not_found,base,wiki_only,shinycolors_enza,ca922db4-d4d4-4507-8959-fb0ed5b220e8,ca922db4-d4d4-4507-8959-fb0ed5b220e8,2026-10-06T16:29:53+00:00,"[""W03""]","[""series_status"",""collab_work"",""wiki_url""]"
v1-93a6a8b8d40e754a,1.0,2026-10-08T02:45:18+00:00,【プレゼント大作戦4】,idol_52544385-3ea1-42e6-bb47-faff2c6f9b4f,桑山千雪,S,SR,unit_4,アルストロメリア,2024-09-20,other_bonus,[],unknown,,https://wikiwiki.jp/shinycolors/%E3%80%90%E3%83%97%E3%83%AC%E3%82%BC%E3%83%B3%E3%83%88%E5%A4%A7%E4%BD%9C%E6%88%A64%E3%80%91%E6%A1%91%E5%B1%B1%E5%8D%83%E9%9B%AA,observed,base,wiki_only,shinycolors_enza,ca98be93-7d0c-4b65-91b4-05bb97e1a290,ca98be93-7d0c-4b65-91b4-05bb97e1a290,2026-10-06T16:33:42+00:00,"[""W03""]","[""series_status"",""collab_work""]"
v1-93a6a8b8d40e754a,1.0,2026-10-08T02:45:18+00:00,【いつか帰りたか場所】,idol_e91e6363-2dc9-42c1-bbf1-a759e797c2d1,月岡恋鐘,P,SSR,unit_2,アンティーカ,2024-09-29,collection_gacha,"[""parallel""]",known,,https://wikiwiki.jp/shinycolors/%E3%80%90%E3%81%84%E3%81%A4%E3%81%8B%E5%B8%B0%E3%82%8A%E3%81%9F%E3%81%8B%E5%A0%B4%E6%89%80%E3%80%91%E6%9C%88%E5%B2%A1%E6%81%8B%E9%90%98,observed,base,wiki_only,shinycolors_enza,cb5c7795-00d6-494f-ac1f-26fee127924f,cb5c7795-00d6-494f-ac1f-26fee127924f,2026-10-06T16:29:53+00:00,"[""W02""]","[""collab_work""]"
v1-93a6a8b8d40e754a,1.0,2026-10-08T02:45:18+00:00,【テープエンドの行き先】,idol_3,浅倉透,P,SSR,unit_6,ノクチル,2025-04-02,collection_gacha,"[""parallel""]",known,,https://wikiwiki.jp/shinycolors/%E3%80%90%E3%83%86%E3%83%BC%E3%83%97%E3%82%A8%E3%83%B3%E3%83%89%E3%81%AE%E8%A1%8C%E3%81%8D%E5%85%88%E3%80%91%E6%B5%85%E5%80%89%E9%80%8F,observed,base,wiki_only,shinycolors_enza,cb5ec287-f8d5-4092-b22d-cac98419f605,cb5ec287-f8d5-4092-b22d-cac98419f605,2026-10-06T16:29:53+00:00,"[""W02""]","[""collab_work""]"
v1-93a6a8b8d40e754a,1.0,2026-10-08T02:45:18+00:00,【湯巡】,idol_2,樋口円香,S,SSR,unit_6,ノクチル,2025-01-09,limited_gacha,"[""vote_selection""]",known,,https://wikiwiki.jp/shinycolors/%E3%80%90%E6%B9%AF%E5%B7%A1%E3%80%91%E6%A8%8B%E5%8F%A3%E5%86%86%E9%A6%99,observed,base,wiki_only,shinycolors_enza,cb82ef64-72af-49f6-a70c-4749bb7a24e5,cb82ef64-72af-49f6-a70c-4749bb7a24e5,2026-10-07T00:59:08+00:00,"[""W03""]","[""collab_work""]"
v1-93a6a8b8d40e754a,1.0,2026-10-08T02:45:18+00:00,【心ノアリカ】,idol_52544385-3ea1-42e6-bb47-faff2c6f9b4f,桑山千雪,S,SSR,unit_4,アルストロメリア,2026-08-11,limited_gacha,[],unknown,,https://wikiwiki.jp/shinycolors/%E3%80%90%E5%BF%83%E3%83%8E%E3%82%A2%E3%83%AA%E3%82%AB%E3%80%91%E6%A1%91%E5%B1%B1%E5%8D%83%E9%9B%AA,observed,base,wiki_only,shinycolors_enza,cb9305c8-83b5-4065-89b6-a8ffd88256c3,cb9305c8-83b5-4065-89b6-a8ffd88256c3,2026-10-06T16:29:53+00:00,"[""W03""]","[""series_status"",""collab_work""]"
v1-93a6a8b8d40e754a,1.0,2026-10-08T02:45:18+00:00,【プレゼン・バトン！】,idol_3c398182-7760-439e-8c77-3c09d173aa4c,芹沢あさひ,S,SSR,unit_5,ストレイライト,2019-12-13,event_reward,[],unknown,,https://wikiwiki.jp/shinycolors/%E3%80%90%E3%83%97%E3%83%AC%E3%82%BC%E3%83%B3%E3%83%BB%E3%83%90%E3%83%88%E3%83%B3%EF%BC%81%E3%80%91%E8%8A%B9%E6%B2%A2%E3%81%82%E3%81%95%E3%81%B2,observed,base,wiki_only,shinycolors_enza,cbc4b177-86ba-4943-a819-31c4e930e4ab,cbc4b177-86ba-4943-a819-31c4e930e4ab,2026-10-06T16:29:53+00:00,"[""W03""]","[""series_status"",""collab_work""]"
v1-93a6a8b8d40e754a,1.0,2026-10-08T02:45:18+00:00,【ある日、森の中】,idol_1,櫻木真乃,S,SSR,unit_1,イルミネーションスターズ,2026-04-29,exchange,[],unknown,,https://wikiwiki.jp/shinycolors/%E3%80%90%E3%81%82%E3%82%8B%E6%97%A5%E3%80%81%E6%A3%AE%E3%81%AE%E4%B8%AD%E3%80%91%E6%AB%BB%E6%9C%A8%E7%9C%9F%E4%B9%83,observed,base,wiki_only,shinycolors_enza,cc453ede-a205-43af-bb2f-439648d94efd,cc453ede-a205-43af-bb2f-439648d94efd,2026-10-06T16:29:53+00:00,"[""W03""]","[""series_status"",""collab_work""]"
v1-93a6a8b8d40e754a,1.0,2026-10-08T02:45:18+00:00,【事務所。静寂。大輪の華】,idol_b1cc8f6f-feab-4add-b5d9-d8777add7f60,大崎甜花,P,SSR,unit_4,アルストロメリア,2018-06-30,permanent_gacha,[],unknown,,https://wikiwiki.jp/shinycolors/%E3%80%90%E4%BA%8B%E5%8B%99%E6%89%80%E3%80%82%E9%9D%99%E5%AF%82%E3%80%82%E5%A4%A7%E8%BC%AA%E3%81%AE%E8%8F%AF%E3%80%91%E5%A4%A7%E5%B4%8E%E7%94%9C%E8%8A%B1,observed,base,wiki_only,shinycolors_enza,cc535719-50e7-4d64-8320-ae62db4998ae,cc535719-50e7-4d64-8320-ae62db4998ae,2026-10-06T16:29:53+00:00,"[""W02""]","[""series_status"",""collab_work""]"
v1-93a6a8b8d40e754a,1.0,2026-10-08T02:45:18+00:00,【ひとひらで紡ぐ世界】,idol_52544385-3ea1-42e6-bb47-faff2c6f9b4f,桑山千雪,P,SSR,unit_4,アルストロメリア,2023-01-01,limited_gacha,[],unknown,,https://wikiwiki.jp/shinycolors/%E3%80%90%E3%81%B2%E3%81%A8%E3%81%B2%E3%82%89%E3%81%A7%E7%B4%A1%E3%81%90%E4%B8%96%E7%95%8C%E3%80%91%E6%A1%91%E5%B1%B1%E5%8D%83%E9%9B%AA,observed,base,wiki_only,shinycolors_enza,cc5fe227-68fa-47aa-bf2d-73c7a7e98382,cc5fe227-68fa-47aa-bf2d-73c7a7e98382,2026-10-06T16:29:53+00:00,"[""W02""]","[""series_status"",""collab_work""]"
v1-93a6a8b8d40e754a,1.0,2026-10-08T02:45:18+00:00,【なつおもひ】,idol_51651b60-7996-412b-bd16-5c1c3f3faebf,杜野凛世,S,SR,unit_3,放課後クライマックスガールズ,2024-07-18,event_reward,[],unknown,,https://wikiwiki.jp/shinycolors/%E3%80%90%E3%81%AA%E3%81%A4%E3%81%8A%E3%82%82%E3%81%B2%E3%80%91%E6%9D%9C%E9%87%8E%E5%87%9B%E4%B8%96,observed,base,wiki_only,shinycolors_enza,cc7bf5d4-14fe-42d2-ad38-fd23ca5c1843,cc7bf5d4-14fe-42d2-ad38-fd23ca5c1843,2026-10-06T16:29:53+00:00,"[""W03""]","[""series_status"",""collab_work""]"
v1-93a6a8b8d40e754a,1.0,2026-10-08T02:45:18+00:00,【空は澄み、今を越えて。】,idol_df07e98b-12f2-4984-b8f6-8da0a47c0cc7,小宮果穂,S,SR,unit_3,放課後クライマックスガールズ,2022-04-23,gacha_bonus,[],unknown,,https://wikiwiki.jp/shinycolors/%E3%80%90%E7%A9%BA%E3%81%AF%E6%BE%84%E3%81%BF%E3%80%81%E4%BB%8A%E3%82%92%E8%B6%8A%E3%81%88%E3%81%A6%E3%80%82%E3%80%91%E5%B0%8F%E5%AE%AE%E6%9E%9C%E7%A9%82,observed,base,wiki_only,shinycolors_enza,cc8eb169-1508-4beb-b279-e7a850b8cff3,cc8eb169-1508-4beb-b279-e7a850b8cff3,2026-10-06T16:29:54+00:00,"[""W03""]","[""series_status"",""collab_work""]"
v1-93a6a8b8d40e754a,1.0,2026-10-08T02:45:18+00:00,【Over the prism】,idol_51651b60-7996-412b-bd16-5c1c3f3faebf,杜野凛世,S,SR,unit_3,放課後クライマックスガールズ,2025-03-01,gacha_bonus,[],unknown,,https://wikiwiki.jp/shinycolors/%E3%80%90Over%20the%20prism%E3%80%91%E6%9D%9C%E9%87%8E%E5%87%9B%E4%B8%96,observed,base,wiki_only,shinycolors_enza,ccd8dc42-2a21-4e69-ae52-c69ea771c689,ccd8dc42-2a21-4e69-ae52-c69ea771c689,2026-10-06T16:29:53+00:00,"[""W03""]","[""series_status"",""collab_work""]"
v1-93a6a8b8d40e754a,1.0,2026-10-08T02:45:18+00:00,【音、雨、パシャ、リ】,idol_1,櫻木真乃,S,SR,unit_1,イルミネーションスターズ,2019-06-10,event_reward,[],unknown,,https://wikiwiki.jp/shinycolors/%E3%80%90%E9%9F%B3%E3%80%81%E9%9B%A8%E3%80%81%E3%83%91%E3%82%B7%E3%83%A3%E3%80%81%E3%83%AA%E3%80%91%E6%AB%BB%E6%9C%A8%E7%9C%9F%E4%B9%83,observed,base,wiki_only,shinycolors_enza,ccf31999-2523-4e74-bcd4-bd7cc1128dea,ccf31999-2523-4e74-bcd4-bd7cc1128dea,2026-10-06T16:29:53+00:00,"[""W03""]","[""series_status"",""collab_work""]"
v1-93a6a8b8d40e754a,1.0,2026-10-08T02:45:18+00:00,【さよならカイト】,idol_3c398182-7760-439e-8c77-3c09d173aa4c,芹沢あさひ,P,SSR,unit_5,ストレイライト,2024-12-19,collection_gacha,"[""parallel""]",known,,https://wikiwiki.jp/shinycolors/%E3%80%90%E3%81%95%E3%82%88%E3%81%AA%E3%82%89%E3%82%AB%E3%82%A4%E3%83%88%E3%80%91%E8%8A%B9%E6%B2%A2%E3%81%82%E3%81%95%E3%81%B2,observed,base,wiki_only,shinycolors_enza,cd191d49-a396-4b8d-864c-37cc36d9c29d,cd191d49-a396-4b8d-864c-37cc36d9c29d,2026-10-06T16:29:53+00:00,"[""W02""]","[""collab_work""]"
v1-93a6a8b8d40e754a,1.0,2026-10-08T02:45:18+00:00,【floooat】,idol_3,浅倉透,S,SSR,unit_6,ノクチル,2023-08-31,limited_gacha,[],unknown,,https://wikiwiki.jp/shinycolors/%E3%80%90floooat%E3%80%91%E6%B5%85%E5%80%89%E9%80%8F,observed,base,wiki_only,shinycolors_enza,cd2ff37c-6091-4965-8a29-dfd6e97266c1,cd2ff37c-6091-4965-8a29-dfd6e97266c1,2026-10-06T16:29:53+00:00,"[""W03""]","[""series_status"",""collab_work""]"
v1-93a6a8b8d40e754a,1.0,2026-10-08T02:45:18+00:00,【潜・潜・夏・娘】,idol_e579db5c-0930-4984-aa40-ebe5a00e8a4f,幽谷霧子,S,SSR,unit_2,アンティーカ,2019-07-31,limited_gacha,[],unknown,,https://wikiwiki.jp/shinycolors/%E3%80%90%E6%BD%9C%E3%83%BB%E6%BD%9C%E3%83%BB%E5%A4%8F%E3%83%BB%E5%A8%98%E3%80%91%E5%B9%BD%E8%B0%B7%E9%9C%A7%E5%AD%90,observed,base,wiki_only,shinycolors_enza,cd39f6cb-f3cb-473d-b405-c705134c20a3,cd39f6cb-f3cb-473d-b405-c705134c20a3,2026-10-06T16:29:53+00:00,"[""W03""]","[""series_status"",""collab_work""]"
v1-93a6a8b8d40e754a,1.0,2026-10-08T02:45:18+00:00,【午・燦・娘・娘】,idol_e579db5c-0930-4984-aa40-ebe5a00e8a4f,幽谷霧子,S,SSR,unit_2,アンティーカ,2022-01-11,limited_gacha,[],unknown,,https://wikiwiki.jp/shinycolors/%E3%80%90%E5%8D%88%E3%83%BB%E7%87%A6%E3%83%BB%E5%A8%98%E3%83%BB%E5%A8%98%E3%80%91%E5%B9%BD%E8%B0%B7%E9%9C%A7%E5%AD%90,observed,base,wiki_only,shinycolors_enza,cd3bfed9-b12e-477e-910f-5d6bdfce0975,cd3bfed9-b12e-477e-910f-5d6bdfce0975,2026-10-06T16:29:53+00:00,"[""W03""]","[""series_status"",""collab_work""]"
v1-93a6a8b8d40e754a,1.0,2026-10-08T02:45:18+00:00,【'25Pカップランクイン】,idol_e5ce74fd-2caf-4c1d-a696-0b1f17f7a53e,福丸小糸,S,SSR,unit_6,ノクチル,2025-04-15,event_reward,[],unknown,,,not_found,base,wiki_only,shinycolors_enza,cd7f1756-0c49-4f50-bfc2-1c4cbd2c18c7,cd7f1756-0c49-4f50-bfc2-1c4cbd2c18c7,2026-10-06T16:29:53+00:00,"[""W03""]","[""series_status"",""collab_work"",""wiki_url""]"
v1-93a6a8b8d40e754a,1.0,2026-10-08T02:45:18+00:00,【Hopeland】,idol_f0b34f52-342b-4fdd-8231-816605449447,郁田はるき,P,SSR,unit_8,コメティック,2023-12-20,permanent_gacha,[],unknown,,https://wikiwiki.jp/shinycolors/%E3%80%90Hopeland%E3%80%91%E9%83%81%E7%94%B0%E3%81%AF%E3%82%8B%E3%81%8D,observed,base,wiki_only,shinycolors_enza,cdb29377-3f7a-4edf-955d-bdde8af9e9a7,cdb29377-3f7a-4edf-955d-bdde8af9e9a7,2026-10-06T16:29:53+00:00,"[""W02""]","[""series_status"",""collab_work""]"
v1-93a6a8b8d40e754a,1.0,2026-10-08T02:45:18+00:00,【プリズムフレア】,idol_1,櫻木真乃,S,SSR,unit_1,イルミネーションスターズ,2024-10-05,campaign,[],unknown,,https://wikiwiki.jp/shinycolors/%E3%80%90%E3%83%97%E3%83%AA%E3%82%BA%E3%83%A0%E3%83%95%E3%83%AC%E3%82%A2%E3%80%91%E6%AB%BB%E6%9C%A8%E7%9C%9F%E4%B9%83,observed,base,wiki_only,shinycolors_enza,cdcace4f-6283-45d4-98cb-939c974be06e,cdcace4f-6283-45d4-98cb-939c974be06e,2026-10-06T16:29:53+00:00,"[""W03""]","[""series_status"",""collab_work""]"
v1-93a6a8b8d40e754a,1.0,2026-10-08T02:45:18+00:00,【伝・伝・心・音】,idol_e579db5c-0930-4984-aa40-ebe5a00e8a4f,幽谷霧子,P,SR,unit_2,アンティーカ,2018-04-30,permanent_gacha,[],unknown,,https://wikiwiki.jp/shinycolors/%E3%80%90%E4%BC%9D%E3%83%BB%E4%BC%9D%E3%83%BB%E5%BF%83%E3%83%BB%E9%9F%B3%E3%80%91%E5%B9%BD%E8%B0%B7%E9%9C%A7%E5%AD%90,observed,base,wiki_only,shinycolors_enza,cdf34d75-453d-414c-b8c5-ae7e63981f30,cdf34d75-453d-414c-b8c5-ae7e63981f30,2026-10-06T16:29:53+00:00,"[""W02""]","[""series_status"",""collab_work""]"
v1-93a6a8b8d40e754a,1.0,2026-10-08T02:45:18+00:00,【「fragrance」】,idol_72d6d5b6-dc2b-4e7c-90be-eb4770ba589b,市川雛菜,S,SR,unit_6,ノクチル,2026-06-09,event_reward,[],unknown,,https://wikiwiki.jp/shinycolors/%E3%80%90%E3%80%8Cfragrance%E3%80%8D%E3%80%91%E5%B8%82%E5%B7%9D%E9%9B%9B%E8%8F%9C,observed,base,wiki_only,shinycolors_enza,cdf7b297-e9a2-486a-846f-f90f8b24e8af,cdf7b297-e9a2-486a-846f-f90f8b24e8af,2026-10-06T16:29:53+00:00,"[""W03""]","[""series_status"",""collab_work""]"
v1-93a6a8b8d40e754a,1.0,2026-10-08T02:45:18+00:00,【浮遊回帰線】,idol_a2f858c3-da6e-4d6f-b777-5367a2671399,黛冬優子,S,SSR,unit_5,ストレイライト,2023-07-31,limited_gacha,[],unknown,,https://wikiwiki.jp/shinycolors/%E3%80%90%E6%B5%AE%E9%81%8A%E5%9B%9E%E5%B8%B0%E7%B7%9A%E3%80%91%E9%BB%9B%E5%86%AC%E5%84%AA%E5%AD%90,observed,base,wiki_only,shinycolors_enza,ce1a2780-b06c-4dbf-ac49-685b26dc62bf,ce1a2780-b06c-4dbf-ac49-685b26dc62bf,2026-10-06T16:29:53+00:00,"[""W03""]","[""series_status"",""collab_work""]"
v1-93a6a8b8d40e754a,1.0,2026-10-08T02:45:18+00:00,【星合アステリズム】,idol_0e2d3420-7295-4510-929d-01bf8378e12a,風野灯織,S,SSR,unit_1,イルミネーションスターズ,2019-06-20,permanent_gacha,[],unknown,,https://wikiwiki.jp/shinycolors/%E3%80%90%E6%98%9F%E5%90%88%E3%82%A2%E3%82%B9%E3%83%86%E3%83%AA%E3%82%BA%E3%83%A0%E3%80%91%E9%A2%A8%E9%87%8E%E7%81%AF%E7%B9%94,observed,base,wiki_only,shinycolors_enza,ce60aff6-b209-4566-a867-68fbf23d6f4f,ce60aff6-b209-4566-a867-68fbf23d6f4f,2026-10-06T16:29:53+00:00,"[""W03""]","[""series_status"",""collab_work""]"
v1-93a6a8b8d40e754a,1.0,2026-10-08T02:45:18+00:00,【ちょー早い！】,idol_786e9b98-d1e4-4419-a69a-3281d07dd4fb,和泉愛依,P,SSR,unit_5,ストレイライト,2021-10-31,limited_gacha,[],unknown,,https://wikiwiki.jp/shinycolors/%E3%80%90%E3%81%A1%E3%82%87%E3%83%BC%E6%97%A9%E3%81%84%EF%BC%81%E3%80%91%E5%92%8C%E6%B3%89%E6%84%9B%E4%BE%9D,observed,base,wiki_only,shinycolors_enza,cebb1878-108a-4d1b-a6f9-be1ebed7f669,cebb1878-108a-4d1b-a6f9-be1ebed7f669,2026-10-06T16:29:53+00:00,"[""W02""]","[""series_status"",""collab_work""]"
v1-93a6a8b8d40e754a,1.0,2026-10-08T02:45:18+00:00,【メイド in】,idol_4,鈴木羽那,S,SSR,unit_8,コメティック,2026-05-10,limited_gacha,[],unknown,,https://wikiwiki.jp/shinycolors/%E3%80%90%E3%83%A1%E3%82%A4%E3%83%89%20in%E3%80%91%E9%88%B4%E6%9C%A8%E7%BE%BD%E9%82%A3,observed,base,wiki_only,shinycolors_enza,cee29220-83f1-439d-b985-8a3378475b58,cee29220-83f1-439d-b985-8a3378475b58,2026-10-06T16:29:53+00:00,"[""W03""]","[""series_status"",""collab_work""]"
v1-93a6a8b8d40e754a,1.0,2026-10-08T02:45:18+00:00,【白いツバサ】,idol_3,浅倉透,P,SR,unit_6,ノクチル,,mission,[],unknown,,https://wikiwiki.jp/shinycolors/%E3%80%90%E7%99%BD%E3%81%84%E3%83%84%E3%83%90%E3%82%B5%E3%80%91%E6%B5%85%E5%80%89%E9%80%8F,observed,idol_road_sr,wiki_only,shinycolors_enza,cf15d187-c7bc-4ce2-9e5d-515b092bb98a,63cbf3e0-d4cb-4772-bdb0-4f0c89e54245,2026-10-06T16:29:54+00:00,"[""W08""]","[""first_implemented_on"",""series_status"",""collab_work""]"
v1-93a6a8b8d40e754a,1.0,2026-10-08T02:45:18+00:00,【ever-】,idol_8c18b422-295c-4259-9e14-413685deb7f8,大崎甘奈,S,SSR,unit_4,アルストロメリア,2021-05-31,event_reward,[],unknown,,https://wikiwiki.jp/shinycolors/%E3%80%90ever-%E3%80%91%E5%A4%A7%E5%B4%8E%E7%94%98%E5%A5%88,observed,base,wiki_only,shinycolors_enza,cf475af9-ad99-4595-a506-737116d8bd37,cf475af9-ad99-4595-a506-737116d8bd37,2026-10-06T16:29:53+00:00,"[""W03""]","[""series_status"",""collab_work""]"
v1-93a6a8b8d40e754a,1.0,2026-10-08T02:45:18+00:00,【ホカンティーカ】,idol_ef328a51-2928-4d2d-a44f-5e3b92d305cf,白瀬咲耶,S,SSR,unit_2,アンティーカ,2025-04-29,limited_gacha,[],unknown,,https://wikiwiki.jp/shinycolors/%E3%80%90%E3%83%9B%E3%82%AB%E3%83%B3%E3%83%86%E3%82%A3%E3%83%BC%E3%82%AB%E3%80%91%E7%99%BD%E7%80%AC%E5%92%B2%E8%80%B6,observed,base,wiki_only,shinycolors_enza,cfabbe53-5f45-459d-aa38-1cc6e57e4d28,cfabbe53-5f45-459d-aa38-1cc6e57e4d28,2026-10-06T16:29:53+00:00,"[""W03""]","[""series_status"",""collab_work""]"
v1-93a6a8b8d40e754a,1.0,2026-10-08T02:45:18+00:00,【みんなと結んだもの】,idol_0e2d3420-7295-4510-929d-01bf8378e12a,風野灯織,S,SSR,unit_1,イルミネーションスターズ,2018-08-31,permanent_gacha,[],unknown,,https://wikiwiki.jp/shinycolors/%E3%80%90%E3%81%BF%E3%82%93%E3%81%AA%E3%81%A8%E7%B5%90%E3%82%93%E3%81%A0%E3%82%82%E3%81%AE%E3%80%91%E9%A2%A8%E9%87%8E%E7%81%AF%E7%B9%94,observed,base,wiki_only,shinycolors_enza,cfafe41d-a997-4025-8ed4-7ad28a5112d1,cfafe41d-a997-4025-8ed4-7ad28a5112d1,2026-10-06T16:29:53+00:00,"[""W03""]","[""series_status"",""collab_work""]"
v1-93a6a8b8d40e754a,1.0,2026-10-08T02:45:18+00:00,【The thing is】,idol_0e2d3420-7295-4510-929d-01bf8378e12a,風野灯織,P,SSR,unit_1,イルミネーションスターズ,2025-01-21,collection_gacha,"[""parallel""]",known,,https://wikiwiki.jp/shinycolors/%E3%80%90The%20thing%20is%E3%80%91%E9%A2%A8%E9%87%8E%E7%81%AF%E7%B9%94,observed,base,wiki_only,shinycolors_enza,cfde3471-e7fc-44dc-97ec-99b97e639d94,cfde3471-e7fc-44dc-97ec-99b97e639d94,2026-10-06T16:29:53+00:00,"[""W02""]","[""collab_work""]"
v1-93a6a8b8d40e754a,1.0,2026-10-08T02:45:18+00:00,【春告窓】,idol_51651b60-7996-412b-bd16-5c1c3f3faebf,杜野凛世,P,SR,unit_3,放課後クライマックスガールズ,2022-03-19,event_reward,[],unknown,,https://wikiwiki.jp/shinycolors/%E3%80%90%E6%98%A5%E5%91%8A%E7%AA%93%E3%80%91%E6%9D%9C%E9%87%8E%E5%87%9B%E4%B8%96,observed,base,wiki_only,shinycolors_enza,cfde9d8d-be44-4e51-9d3d-592944f86b4d,cfde9d8d-be44-4e51-9d3d-592944f86b4d,2026-10-06T16:29:53+00:00,"[""W02""]","[""series_status"",""collab_work""]"
v1-93a6a8b8d40e754a,1.0,2026-10-08T02:45:18+00:00,【ジャンク・ション】,idol_2,樋口円香,P,SSR,unit_6,ノクチル,2024-07-18,collection_gacha,"[""parallel""]",known,,https://wikiwiki.jp/shinycolors/%E3%80%90%E3%82%B8%E3%83%A3%E3%83%B3%E3%82%AF%E3%83%BB%E3%82%B7%E3%83%A7%E3%83%B3%E3%80%91%E6%A8%8B%E5%8F%A3%E5%86%86%E9%A6%99,observed,base,wiki_only,shinycolors_enza,d0d1ff6b-1886-4223-80fb-03cdea73184b,d0d1ff6b-1886-4223-80fb-03cdea73184b,2026-10-06T16:29:53+00:00,"[""W02""]","[""collab_work""]"
v1-93a6a8b8d40e754a,1.0,2026-10-08T02:45:18+00:00,【誘爆ハートビート】,idol_a2f858c3-da6e-4d6f-b777-5367a2671399,黛冬優子,P,UR,unit_5,ストレイライト,2025-04-18,permanent_gacha,[],unknown,,https://wikiwiki.jp/shinycolors/%E3%80%90%E8%AA%98%E7%88%86%E3%83%8F%E3%83%BC%E3%83%88%E3%83%93%E3%83%BC%E3%83%88%E3%80%91%E9%BB%9B%E5%86%AC%E5%84%AA%E5%AD%90,observed,base,wiki_only,shinycolors_enza,d0ea9023-2330-410f-be1d-a2ac7bbf054b,d0ea9023-2330-410f-be1d-a2ac7bbf054b,2026-10-06T16:29:52+00:00,"[""W02""]","[""series_status"",""collab_work""]"
v1-93a6a8b8d40e754a,1.0,2026-10-08T02:45:18+00:00,【CANDY UNIVERSE】,idol_df07e98b-12f2-4984-b8f6-8da0a47c0cc7,小宮果穂,S,SSR,unit_3,放課後クライマックスガールズ,2024-10-26,gacha_bonus,[],unknown,,https://wikiwiki.jp/shinycolors/%E3%80%90CANDY%20UNIVERSE%E3%80%91%E5%B0%8F%E5%AE%AE%E6%9E%9C%E7%A9%82,observed,base,wiki_only,shinycolors_enza,d1b12c0e-c3f0-45d2-96fb-7c1c547765c5,d1b12c0e-c3f0-45d2-96fb-7c1c547765c5,2026-10-06T16:29:53+00:00,"[""W03""]","[""series_status"",""collab_work""]"
v1-93a6a8b8d40e754a,1.0,2026-10-08T02:45:18+00:00,【演・勇・伝・言】,idol_e579db5c-0930-4984-aa40-ebe5a00e8a4f,幽谷霧子,P,SSR,unit_2,アンティーカ,2026-06-29,collection_gacha,"[""casting""]",known,,https://wikiwiki.jp/shinycolors/%E3%80%90%E6%BC%94%E3%83%BB%E5%8B%87%E3%83%BB%E4%BC%9D%E3%83%BB%E8%A8%80%E3%80%91%E5%B9%BD%E8%B0%B7%E9%9C%A7%E5%AD%90,observed,base,wiki_only,shinycolors_enza,d236a20b-3338-4fd9-a740-ffb91c58b1fc,d236a20b-3338-4fd9-a740-ffb91c58b1fc,2026-10-06T16:29:52+00:00,"[""W02""]","[""collab_work""]"
v1-93a6a8b8d40e754a,1.0,2026-10-08T02:45:18+00:00,【微熱風鈴】,idol_51651b60-7996-412b-bd16-5c1c3f3faebf,杜野凛世,P,SR,unit_3,放課後クライマックスガールズ,2018-07-11,permanent_gacha,[],unknown,,https://wikiwiki.jp/shinycolors/%E3%80%90%E5%BE%AE%E7%86%B1%E9%A2%A8%E9%88%B4%E3%80%91%E6%9D%9C%E9%87%8E%E5%87%9B%E4%B8%96,observed,base,wiki_only,shinycolors_enza,d25320b7-e8bd-4f5a-a28a-a5b7efdf2c62,d25320b7-e8bd-4f5a-a28a-a5b7efdf2c62,2026-10-06T16:29:53+00:00,"[""W02""]","[""series_status"",""collab_work""]"
v1-93a6a8b8d40e754a,1.0,2026-10-08T02:45:18+00:00,【伝えテ niiid U】,idol_736d3fca-9560-4156-96fc-66cc0159ea42,七草にちか,P,SSR,unit_7,シーズ,2024-08-07,permanent_gacha,[],unknown,,https://wikiwiki.jp/shinycolors/%E3%80%90%E4%BC%9D%E3%81%88%E3%83%86%20niiid%20U%E3%80%91%E4%B8%83%E8%8D%89%E3%81%AB%E3%81%A1%E3%81%8B,observed,base,wiki_only,shinycolors_enza,d2a16d6c-4182-4b4e-bd2a-c1bdff556392,d2a16d6c-4182-4b4e-bd2a-c1bdff556392,2026-10-06T16:29:53+00:00,"[""W02""]","[""series_status"",""collab_work""]"
v1-93a6a8b8d40e754a,1.0,2026-10-08T02:45:18+00:00,【ちちゃカワ】,idol_7,園田智代子,P,SSR,unit_3,放課後クライマックスガールズ,2026-01-30,collection_gacha,"[""casting""]",known,,https://wikiwiki.jp/shinycolors/%E3%80%90%E3%81%A1%E3%81%A1%E3%82%83%E3%82%AB%E3%83%AF%E3%80%91%E5%9C%92%E7%94%B0%E6%99%BA%E4%BB%A3%E5%AD%90,observed,base,wiki_only,shinycolors_enza,d2c76643-4f38-4841-9850-bc9f95345e60,d2c76643-4f38-4841-9850-bc9f95345e60,2026-10-06T16:29:53+00:00,"[""W02""]","[""collab_work""]"
v1-93a6a8b8d40e754a,1.0,2026-10-08T02:45:18+00:00,【Cool＆Warm】,idol_92b8326c-72f5-4a2e-8581-7110738045f3,有栖川夏葉,S,SSR,unit_3,放課後クライマックスガールズ,2023-01-31,limited_gacha,[],unknown,,https://wikiwiki.jp/shinycolors/%E3%80%90Cool%EF%BC%86Warm%E3%80%91%E6%9C%89%E6%A0%96%E5%B7%9D%E5%A4%8F%E8%91%89,observed,base,wiki_only,shinycolors_enza,d32eb881-c54e-4f23-aecb-73dbf7b0aba6,d32eb881-c54e-4f23-aecb-73dbf7b0aba6,2026-10-06T16:29:53+00:00,"[""W03""]","[""series_status"",""collab_work""]"
v1-93a6a8b8d40e754a,1.0,2026-10-08T02:45:18+00:00,【アイドルのたまご】,idol_ef328a51-2928-4d2d-a44f-5e3b92d305cf,白瀬咲耶,S,N,unit_2,アンティーカ,2018-04-24,initial,[],unknown,,https://wikiwiki.jp/shinycolors/%E3%80%90%E3%82%A2%E3%82%A4%E3%83%89%E3%83%AB%E3%81%AE%E3%81%9F%E3%81%BE%E3%81%94%E3%80%91%E7%99%BD%E7%80%AC%E5%92%B2%E8%80%B6,observed,base,wiki_only,shinycolors_enza,d3c47081-f41e-474a-af98-ee008ee78386,d3c47081-f41e-474a-af98-ee008ee78386,2026-10-06T16:29:54+00:00,"[""W03""]","[""series_status"",""collab_work""]"
v1-93a6a8b8d40e754a,1.0,2026-10-08T02:45:18+00:00,【一人分の空、一枚の羽】,idol_52544385-3ea1-42e6-bb47-faff2c6f9b4f,桑山千雪,S,SSR,unit_4,アルストロメリア,2024-01-05,other_bonus,[],unknown,,https://wikiwiki.jp/shinycolors/%E3%80%90%E4%B8%80%E4%BA%BA%E5%88%86%E3%81%AE%E7%A9%BA%E3%80%81%E4%B8%80%E6%9E%9A%E3%81%AE%E7%BE%BD%E3%80%91%E6%A1%91%E5%B1%B1%E5%8D%83%E9%9B%AA,observed,base,wiki_only,shinycolors_enza,d404f2bc-158b-4b92-a4f1-0ca936756a19,d404f2bc-158b-4b92-a4f1-0ca936756a19,2026-10-06T16:33:42+00:00,"[""W03""]","[""series_status"",""collab_work""]"
v1-93a6a8b8d40e754a,1.0,2026-10-08T02:45:18+00:00,【友情の花吹雪】,idol_d4177c5c-4600-4381-b5da-758f87fc23d7,八宮めぐる,S,SR,unit_1,イルミネーションスターズ,2018-04-24,permanent_gacha,[],unknown,,https://wikiwiki.jp/shinycolors/%E3%80%90%E5%8F%8B%E6%83%85%E3%81%AE%E8%8A%B1%E5%90%B9%E9%9B%AA%E3%80%91%E5%85%AB%E5%AE%AE%E3%82%81%E3%81%90%E3%82%8B,observed,base,wiki_only,shinycolors_enza,d4448c6f-3f58-4692-a04d-fcaa23e8fb49,d4448c6f-3f58-4692-a04d-fcaa23e8fb49,2026-10-06T16:29:54+00:00,"[""W03""]","[""series_status"",""collab_work""]"
v1-93a6a8b8d40e754a,1.0,2026-10-08T02:45:18+00:00,【月の浜辺で待っとって】,idol_e91e6363-2dc9-42c1-bbf1-a759e797c2d1,月岡恋鐘,P,SSR,unit_2,アンティーカ,2019-01-01,limited_gacha,[],unknown,,https://wikiwiki.jp/shinycolors/%E3%80%90%E6%9C%88%E3%81%AE%E6%B5%9C%E8%BE%BA%E3%81%A7%E5%BE%85%E3%81%A3%E3%81%A8%E3%81%A3%E3%81%A6%E3%80%91%E6%9C%88%E5%B2%A1%E6%81%8B%E9%90%98,observed,base,wiki_only,shinycolors_enza,d46893c6-a5e2-49f7-ada9-7c08ec609102,d46893c6-a5e2-49f7-ada9-7c08ec609102,2026-10-06T16:29:53+00:00,"[""W02""]","[""series_status"",""collab_work""]"
v1-93a6a8b8d40e754a,1.0,2026-10-08T02:45:18+00:00,【がんばれ！ ノロマ号】,idol_3,浅倉透,S,SSR,unit_6,ノクチル,2021-01-01,event_reward,[],unknown,,https://wikiwiki.jp/shinycolors/%E3%80%90%E3%81%8C%E3%82%93%E3%81%B0%E3%82%8C%EF%BC%81%20%E3%83%8E%E3%83%AD%E3%83%9E%E5%8F%B7%E3%80%91%E6%B5%85%E5%80%89%E9%80%8F,observed,base,wiki_only,shinycolors_enza,d491a906-64d2-4b8d-9b64-4490ce1261f3,d491a906-64d2-4b8d-9b64-4490ce1261f3,2026-10-06T16:29:53+00:00,"[""W03""]","[""series_status"",""collab_work""]"
v1-93a6a8b8d40e754a,1.0,2026-10-08T02:45:18+00:00,【花染む街で、君と】,idol_813a7356-e821-43e7-b25f-c104ca28870d,西城樹里,P,SSR,unit_3,放課後クライマックスガールズ,2022-04-11,permanent_gacha,[],unknown,,https://wikiwiki.jp/shinycolors/%E3%80%90%E8%8A%B1%E6%9F%93%E3%82%80%E8%A1%97%E3%81%A7%E3%80%81%E5%90%9B%E3%81%A8%E3%80%91%E8%A5%BF%E5%9F%8E%E6%A8%B9%E9%87%8C,observed,base,wiki_only,shinycolors_enza,d491b6ee-f4aa-49ae-ad95-0e8e6c59078a,d491b6ee-f4aa-49ae-ad95-0e8e6c59078a,2026-10-06T16:29:53+00:00,"[""W02""]","[""series_status"",""collab_work""]"
v1-93a6a8b8d40e754a,1.0,2026-10-08T02:45:18+00:00,【ウェディングナイツ】,idol_8c18b422-295c-4259-9e14-413685deb7f8,大崎甘奈,S,SSR,unit_4,アルストロメリア,2025-06-17,limited_gacha,[],unknown,,https://wikiwiki.jp/shinycolors/%E3%80%90%E3%82%A6%E3%82%A7%E3%83%87%E3%82%A3%E3%83%B3%E3%82%B0%E3%83%8A%E3%82%A4%E3%83%84%E3%80%91%E5%A4%A7%E5%B4%8E%E7%94%98%E5%A5%88,observed,base,wiki_only,shinycolors_enza,d4fa294c-a03b-4481-8df4-aba62d0d7a78,d4fa294c-a03b-4481-8df4-aba62d0d7a78,2026-10-06T16:29:53+00:00,"[""W03""]","[""series_status"",""collab_work""]"
v1-93a6a8b8d40e754a,1.0,2026-10-08T02:45:18+00:00,【だいすきだよ】,idol_1,櫻木真乃,S,SSR,unit_1,イルミネーションスターズ,2025-05-30,collection_gacha,"[""twilights""]",known,,https://wikiwiki.jp/shinycolors/%E3%80%90%E3%81%A0%E3%81%84%E3%81%99%E3%81%8D%E3%81%A0%E3%82%88%E3%80%91%E6%AB%BB%E6%9C%A8%E7%9C%9F%E4%B9%83,observed,base,wiki_only,shinycolors_enza,d5085566-586b-426e-8c55-7ef7280a979c,d5085566-586b-426e-8c55-7ef7280a979c,2026-10-06T16:29:53+00:00,"[""W03""]","[""collab_work""]"
v1-93a6a8b8d40e754a,1.0,2026-10-08T02:45:18+00:00,【OT♡NAメイクヘンシン☆】,idol_8c18b422-295c-4259-9e14-413685deb7f8,大崎甘奈,S,SSR,unit_4,アルストロメリア,2024-01-30,limited_gacha,"[""vote_selection""]",known,,https://wikiwiki.jp/shinycolors/%E3%80%90OT%E2%99%A1NA%E3%83%A1%E3%82%A4%E3%82%AF%E3%83%98%E3%83%B3%E3%82%B7%E3%83%B3%E2%98%86%E3%80%91%E5%A4%A7%E5%B4%8E%E7%94%98%E5%A5%88,observed,base,wiki_only,shinycolors_enza,d50eec17-2097-4ba6-b304-f812bc8df56a,d50eec17-2097-4ba6-b304-f812bc8df56a,2026-10-07T00:59:08+00:00,"[""W03""]","[""collab_work""]"
v1-93a6a8b8d40e754a,1.0,2026-10-08T02:45:18+00:00,【これが私の気持ちだから】,idol_92b8326c-72f5-4a2e-8581-7110738045f3,有栖川夏葉,S,SR,unit_3,放課後クライマックスガールズ,2024-12-07,gacha_bonus,[],unknown,,https://wikiwiki.jp/shinycolors/%E3%80%90%E3%81%93%E3%82%8C%E3%81%8C%E7%A7%81%E3%81%AE%E6%B0%97%E6%8C%81%E3%81%A1%E3%81%A0%E3%81%8B%E3%82%89%E3%80%91%E6%9C%89%E6%A0%96%E5%B7%9D%E5%A4%8F%E8%91%89,observed,base,wiki_only,shinycolors_enza,d5910583-6dcc-4fcc-aa09-cb6050de0c46,d5910583-6dcc-4fcc-aa09-cb6050de0c46,2026-10-06T16:29:53+00:00,"[""W03""]","[""series_status"",""collab_work""]"
v1-93a6a8b8d40e754a,1.0,2026-10-08T02:45:18+00:00,【Shower of light】,idol_0e2d3420-7295-4510-929d-01bf8378e12a,風野灯織,S,SSR,unit_1,イルミネーションスターズ,2025-12-14,gacha_bonus,[],unknown,,https://wikiwiki.jp/shinycolors/%E3%80%90Shower%20of%20light%E3%80%91%E9%A2%A8%E9%87%8E%E7%81%AF%E7%B9%94,observed,base,wiki_only,shinycolors_enza,d5e22e81-794b-4cd1-a2de-bdfa99f4b3fb,d5e22e81-794b-4cd1-a2de-bdfa99f4b3fb,2026-10-06T16:29:53+00:00,"[""W03""]","[""series_status"",""collab_work""]"
v1-93a6a8b8d40e754a,1.0,2026-10-08T02:45:18+00:00,【アイドルロード】,idol_8c18b422-295c-4259-9e14-413685deb7f8,大崎甘奈,P,SSR,unit_4,アルストロメリア,,mission,[],unknown,,https://wikiwiki.jp/shinycolors/%E3%80%90%E7%99%BD%E3%81%84%E3%83%84%E3%83%90%E3%82%B5%E3%80%91%E5%A4%A7%E5%B4%8E%E7%94%98%E5%A5%88,observed,idol_road_ssr,wiki_only,shinycolors_enza,d60506a0-ab3f-4176-850f-e06b27de52fc,b57b109e-9ec5-4e5a-bfa1-838aab879ef0,2026-10-06T16:29:54+00:00,"[""W08""]","[""first_implemented_on"",""series_status"",""collab_work""]"
v1-93a6a8b8d40e754a,1.0,2026-10-08T02:45:18+00:00,【first quadrant】,idol_e91e6363-2dc9-42c1-bbf1-a759e797c2d1,月岡恋鐘,S,SR,unit_2,アンティーカ,2025-06-21,campaign,[],unknown,,https://wikiwiki.jp/shinycolors/%E3%80%90first%20quadrant%E3%80%91%E6%9C%88%E5%B2%A1%E6%81%8B%E9%90%98,observed,base,wiki_only,shinycolors_enza,d6723c7f-9f56-4731-91cd-d82776920ab8,d6723c7f-9f56-4731-91cd-d82776920ab8,2026-10-06T16:29:53+00:00,"[""W03""]","[""series_status"",""collab_work""]"
v1-93a6a8b8d40e754a,1.0,2026-10-08T02:45:18+00:00,【還るまで】,idol_81093365-1df1-4e6c-a252-27625c47ab96,三峰結華,S,SSR,unit_2,アンティーカ,2026-09-29,exchange,[],unknown,,https://wikiwiki.jp/shinycolors/%E3%80%90%E9%82%84%E3%82%8B%E3%81%BE%E3%81%A7%E3%80%91%E4%B8%89%E5%B3%B0%E7%B5%90%E8%8F%AF,observed,base,wiki_only,shinycolors_enza,d6d25c43-fb01-429e-bb9b-00098fbdf414,d6d25c43-fb01-429e-bb9b-00098fbdf414,2026-10-06T16:29:53+00:00,"[""W03""]","[""series_status"",""collab_work""]"
v1-93a6a8b8d40e754a,1.0,2026-10-08T02:45:18+00:00,【ネームレス・ヘヴンに憧れて】,idol_52544385-3ea1-42e6-bb47-faff2c6f9b4f,桑山千雪,P,SSR,unit_4,アルストロメリア,2023-08-21,collection_gacha,"[""twilights""]",known,,https://wikiwiki.jp/shinycolors/%E3%80%90%E3%83%8D%E3%83%BC%E3%83%A0%E3%83%AC%E3%82%B9%E3%83%BB%E3%83%98%E3%83%B4%E3%83%B3%E3%81%AB%E6%86%A7%E3%82%8C%E3%81%A6%E3%80%91%E6%A1%91%E5%B1%B1%E5%8D%83%E9%9B%AA,observed,base,wiki_only,shinycolors_enza,d6d5c019-ffed-489b-b5f0-45138dc37649,d6d5c019-ffed-489b-b5f0-45138dc37649,2026-10-06T16:29:53+00:00,"[""W02""]","[""collab_work""]"
v1-93a6a8b8d40e754a,1.0,2026-10-08T02:45:18+00:00,【きせつはアイスクリン】,idol_e5ce74fd-2caf-4c1d-a696-0b1f17f7a53e,福丸小糸,S,SR,unit_6,ノクチル,2020-07-21,event_reward,[],unknown,,https://wikiwiki.jp/shinycolors/%E3%80%90%E3%81%8D%E3%81%9B%E3%81%A4%E3%81%AF%E3%82%A2%E3%82%A4%E3%82%B9%E3%82%AF%E3%83%AA%E3%83%B3%E3%80%91%E7%A6%8F%E4%B8%B8%E5%B0%8F%E7%B3%B8,observed,base,wiki_only,shinycolors_enza,d6f34065-1b67-454d-a62d-9bf8cdf64af0,d6f34065-1b67-454d-a62d-9bf8cdf64af0,2026-10-06T16:29:53+00:00,"[""W03""]","[""series_status"",""collab_work""]"
v1-93a6a8b8d40e754a,1.0,2026-10-08T02:45:18+00:00,【花風Smiley】,idol_1,櫻木真乃,P,SSR,unit_1,イルミネーションスターズ,2021-04-01,limited_gacha,[],unknown,,https://wikiwiki.jp/shinycolors/%E3%80%90%E8%8A%B1%E9%A2%A8Smiley%E3%80%91%E6%AB%BB%E6%9C%A8%E7%9C%9F%E4%B9%83,observed,base,wiki_only,shinycolors_enza,d7087830-5633-40f4-ac2c-c9a2f6ccd421,d7087830-5633-40f4-ac2c-c9a2f6ccd421,2026-10-06T16:29:53+00:00,"[""W02""]","[""series_status"",""collab_work""]"
v1-93a6a8b8d40e754a,1.0,2026-10-08T02:45:18+00:00,【ベリー・ストロベリー】,idol_92b8326c-72f5-4a2e-8581-7110738045f3,有栖川夏葉,S,SSR,unit_3,放課後クライマックスガールズ,2022-05-10,permanent_gacha,[],unknown,,https://wikiwiki.jp/shinycolors/%E3%80%90%E3%83%99%E3%83%AA%E3%83%BC%E3%83%BB%E3%82%B9%E3%83%88%E3%83%AD%E3%83%99%E3%83%AA%E3%83%BC%E3%80%91%E6%9C%89%E6%A0%96%E5%B7%9D%E5%A4%8F%E8%91%89,observed,base,wiki_only,shinycolors_enza,d7091aa2-df47-40e0-862b-8d575e8f8cc7,d7091aa2-df47-40e0-862b-8d575e8f8cc7,2026-10-06T16:29:53+00:00,"[""W03""]","[""series_status"",""collab_work""]"
v1-93a6a8b8d40e754a,1.0,2026-10-08T02:45:18+00:00,【283プロのヒナ】,idol_e5ce74fd-2caf-4c1d-a696-0b1f17f7a53e,福丸小糸,S,R,unit_6,ノクチル,2020-04-13,permanent_gacha,[],unknown,,https://wikiwiki.jp/shinycolors/%E3%80%90283%E3%83%97%E3%83%AD%E3%81%AE%E3%83%92%E3%83%8A%E3%80%91%E7%A6%8F%E4%B8%B8%E5%B0%8F%E7%B3%B8,observed,base,wiki_only,shinycolors_enza,d712358c-63db-428a-a330-7da3db1c439a,d712358c-63db-428a-a330-7da3db1c439a,2026-10-06T16:29:54+00:00,"[""W03""]","[""series_status"",""collab_work""]"
v1-93a6a8b8d40e754a,1.0,2026-10-08T02:45:18+00:00,【ワーキングスナップ～デート】,idol_2,樋口円香,S,SSR,unit_6,ノクチル,2024-10-25,limited_gacha,[],unknown,,https://wikiwiki.jp/shinycolors/%E3%80%90%E3%83%AF%E3%83%BC%E3%82%AD%E3%83%B3%E3%82%B0%E3%82%B9%E3%83%8A%E3%83%83%E3%83%97%EF%BD%9E%E3%83%87%E3%83%BC%E3%83%88%E3%80%91%E6%A8%8B%E5%8F%A3%E5%86%86%E9%A6%99,observed,base,wiki_only,shinycolors_enza,d72befbc-f6b0-443d-800e-2c7a4a05714d,d72befbc-f6b0-443d-800e-2c7a4a05714d,2026-10-06T16:29:53+00:00,"[""W03""]","[""series_status"",""collab_work""]"
v1-93a6a8b8d40e754a,1.0,2026-10-08T02:45:18+00:00,【サマーキャンペーン2024】,idol_e579db5c-0930-4984-aa40-ebe5a00e8a4f,幽谷霧子,S,SSR,unit_2,アンティーカ,2024-08-30,limited_gacha,[],unknown,,https://wikiwiki.jp/shinycolors/%E3%80%90%E3%82%B5%E3%83%9E%E3%83%BC%E3%82%AD%E3%83%A3%E3%83%B3%E3%83%9A%E3%83%BC%E3%83%B32024%E3%80%91%E5%B9%BD%E8%B0%B7%E9%9C%A7%E5%AD%90,observed,base,wiki_only,shinycolors_enza,d7a34801-e095-4598-9c35-d54f404d3013,d7a34801-e095-4598-9c35-d54f404d3013,2026-10-06T16:29:53+00:00,"[""W03""]","[""series_status"",""collab_work""]"
v1-93a6a8b8d40e754a,1.0,2026-10-08T02:45:18+00:00,【ちいさな巣立ち】,idol_e5ce74fd-2caf-4c1d-a696-0b1f17f7a53e,福丸小糸,P,SSR,unit_6,ノクチル,2025-09-29,collection_gacha,"[""parallel""]",known,,https://wikiwiki.jp/shinycolors/%E3%80%90%E3%81%A1%E3%81%84%E3%81%95%E3%81%AA%E5%B7%A3%E7%AB%8B%E3%81%A1%E3%80%91%E7%A6%8F%E4%B8%B8%E5%B0%8F%E7%B3%B8,observed,base,wiki_only,shinycolors_enza,d7b0744c-6a33-4a65-b67a-4635a2a2e1ba,d7b0744c-6a33-4a65-b67a-4635a2a2e1ba,2026-10-06T16:29:53+00:00,"[""W02""]","[""collab_work""]"
v1-93a6a8b8d40e754a,1.0,2026-10-08T02:45:18+00:00,【猫と犬みたいな雨】,idol_f0b34f52-342b-4fdd-8231-816605449447,郁田はるき,S,SR,unit_8,コメティック,2024-06-07,event_reward,[],unknown,,https://wikiwiki.jp/shinycolors/%E3%80%90%E7%8C%AB%E3%81%A8%E7%8A%AC%E3%81%BF%E3%81%9F%E3%81%84%E3%81%AA%E9%9B%A8%E3%80%91%E9%83%81%E7%94%B0%E3%81%AF%E3%82%8B%E3%81%8D,observed,base,wiki_only,shinycolors_enza,d7b26a05-63b8-481e-b234-87bb29f4cedc,d7b26a05-63b8-481e-b234-87bb29f4cedc,2026-10-06T16:29:53+00:00,"[""W03""]","[""series_status"",""collab_work""]"
v1-93a6a8b8d40e754a,1.0,2026-10-08T02:45:18+00:00,【あなたに贈りたい】,idol_813a7356-e821-43e7-b25f-c104ca28870d,西城樹里,S,SSR,unit_3,放課後クライマックスガールズ,2025-11-26,limited_gacha,"[""birthday""]",known,,https://wikiwiki.jp/shinycolors/%E3%80%90%E3%81%82%E3%81%AA%E3%81%9F%E3%81%AB%E8%B4%88%E3%82%8A%E3%81%9F%E3%81%84%E3%80%91%E8%A5%BF%E5%9F%8E%E6%A8%B9%E9%87%8C,observed,base,wiki_only,shinycolors_enza,d7cf5f34-c4e9-43b0-acf3-bf2bb6db151e,d7cf5f34-c4e9-43b0-acf3-bf2bb6db151e,2026-10-06T16:29:53+00:00,"[""W03""]","[""collab_work""]"
v1-93a6a8b8d40e754a,1.0,2026-10-08T02:45:18+00:00,【フリークス・アリー】,idol_2,樋口円香,P,SSR,unit_6,ノクチル,2024-02-19,permanent_gacha,[],unknown,,https://wikiwiki.jp/shinycolors/%E3%80%90%E3%83%95%E3%83%AA%E3%83%BC%E3%82%AF%E3%82%B9%E3%83%BB%E3%82%A2%E3%83%AA%E3%83%BC%E3%80%91%E6%A8%8B%E5%8F%A3%E5%86%86%E9%A6%99,observed,base,wiki_only,shinycolors_enza,d7eff071-f50f-4028-ac65-2d8472920603,d7eff071-f50f-4028-ac65-2d8472920603,2026-10-06T16:29:53+00:00,"[""W02""]","[""series_status"",""collab_work""]"
v1-93a6a8b8d40e754a,1.0,2026-10-08T02:45:18+00:00,【絵空靴】,idol_51651b60-7996-412b-bd16-5c1c3f3faebf,杜野凛世,P,UR,unit_3,放課後クライマックスガールズ,2025-10-08,permanent_gacha,[],unknown,,https://wikiwiki.jp/shinycolors/%E3%80%90%E7%B5%B5%E7%A9%BA%E9%9D%B4%E3%80%91%E6%9D%9C%E9%87%8E%E5%87%9B%E4%B8%96,observed,base,wiki_only,shinycolors_enza,d8463d80-99e0-46b1-afa2-b698507e1266,d8463d80-99e0-46b1-afa2-b698507e1266,2026-10-06T16:29:52+00:00,"[""W02""]","[""series_status"",""collab_work""]"
v1-93a6a8b8d40e754a,1.0,2026-10-08T02:45:18+00:00,【ストライク狙って】,idol_b1cc8f6f-feab-4add-b5d9-d8777add7f60,大崎甜花,P,SR,unit_4,アルストロメリア,2019-12-26,event_reward,[],unknown,,https://wikiwiki.jp/shinycolors/%E3%80%90%E3%82%B9%E3%83%88%E3%83%A9%E3%82%A4%E3%82%AF%E7%8B%99%E3%81%A3%E3%81%A6%E3%80%91%E5%A4%A7%E5%B4%8E%E7%94%9C%E8%8A%B1,observed,base,wiki_only,shinycolors_enza,d87f7993-2401-46f1-a203-74c69bc44694,d87f7993-2401-46f1-a203-74c69bc44694,2026-10-06T16:29:53+00:00,"[""W02""]","[""series_status"",""collab_work""]"
v1-93a6a8b8d40e754a,1.0,2026-10-08T02:45:18+00:00,【レイニーじゃんじゃん】,idol_6,田中摩美々,S,SR,unit_2,アンティーカ,2024-06-19,event_reward,[],unknown,,https://wikiwiki.jp/shinycolors/%E3%80%90%E3%83%AC%E3%82%A4%E3%83%8B%E3%83%BC%E3%81%98%E3%82%83%E3%82%93%E3%81%98%E3%82%83%E3%82%93%E3%80%91%E7%94%B0%E4%B8%AD%E6%91%A9%E7%BE%8E%E3%80%85,observed,base,wiki_only,shinycolors_enza,d90eae14-376a-44ed-af48-044b8b95eeb1,d90eae14-376a-44ed-af48-044b8b95eeb1,2026-10-06T16:29:53+00:00,"[""W03""]","[""series_status"",""collab_work""]"
v1-93a6a8b8d40e754a,1.0,2026-10-08T02:45:18+00:00,【ピックアップ・スプリング】,idol_1,櫻木真乃,P,SR,unit_1,イルミネーションスターズ,2022-04-11,event_reward,[],unknown,,https://wikiwiki.jp/shinycolors/%E3%80%90%E3%83%94%E3%83%83%E3%82%AF%E3%82%A2%E3%83%83%E3%83%97%E3%83%BB%E3%82%B9%E3%83%97%E3%83%AA%E3%83%B3%E3%82%B0%E3%80%91%E6%AB%BB%E6%9C%A8%E7%9C%9F%E4%B9%83,observed,base,wiki_only,shinycolors_enza,d9192639-a479-4b18-813c-1c694fc67d41,d9192639-a479-4b18-813c-1c694fc67d41,2026-10-06T16:29:53+00:00,"[""W02""]","[""series_status"",""collab_work""]"
v1-93a6a8b8d40e754a,1.0,2026-10-08T02:45:18+00:00,【283プロの集大成】,idol_d4177c5c-4600-4381-b5da-758f87fc23d7,八宮めぐる,S,SR,unit_1,イルミネーションスターズ,2024-06-22,gacha_bonus,[],unknown,,https://wikiwiki.jp/shinycolors/%E3%80%90283%E3%83%97%E3%83%AD%E3%81%AE%E9%9B%86%E5%A4%A7%E6%88%90%E3%80%91%E5%85%AB%E5%AE%AE%E3%82%81%E3%81%90%E3%82%8B,observed,base,wiki_only,shinycolors_enza,d986a4fc-bc48-45e0-af6d-b895c02bfbac,d986a4fc-bc48-45e0-af6d-b895c02bfbac,2026-10-06T16:29:54+00:00,"[""W03""]","[""series_status"",""collab_work""]"
v1-93a6a8b8d40e754a,1.0,2026-10-08T02:45:18+00:00,【GLIMMER】,idol_6874153a-a7f6-426a-98f0-815f121eeca4,緋田美琴,P,SSR,unit_7,シーズ,2025-08-08,limited_gacha,[],unknown,,https://wikiwiki.jp/shinycolors/%E3%80%90GLIMMER%E3%80%91%E7%B7%8B%E7%94%B0%E7%BE%8E%E7%90%B4,observed,base,wiki_only,shinycolors_enza,d9b52f7a-c940-4586-83c6-77524cd60a05,d9b52f7a-c940-4586-83c6-77524cd60a05,2026-10-06T16:29:53+00:00,"[""W02""]","[""series_status"",""collab_work""]"
v1-93a6a8b8d40e754a,1.0,2026-10-08T02:45:18+00:00,【そらカラフル、幾千の】,idol_52544385-3ea1-42e6-bb47-faff2c6f9b4f,桑山千雪,S,SSR,unit_4,アルストロメリア,2022-06-20,limited_gacha,[],unknown,,https://wikiwiki.jp/shinycolors/%E3%80%90%E3%81%9D%E3%82%89%E3%82%AB%E3%83%A9%E3%83%95%E3%83%AB%E3%80%81%E5%B9%BE%E5%8D%83%E3%81%AE%E3%80%91%E6%A1%91%E5%B1%B1%E5%8D%83%E9%9B%AA,observed,base,wiki_only,shinycolors_enza,d9eebf31-8334-418a-a28e-a380e9886ba3,d9eebf31-8334-418a-a28e-a380e9886ba3,2026-10-06T16:29:53+00:00,"[""W03""]","[""series_status"",""collab_work""]"
v1-93a6a8b8d40e754a,1.0,2026-10-08T02:45:18+00:00,【Best☆Great☆サマー！】,idol_7,園田智代子,S,SR,unit_3,放課後クライマックスガールズ,2019-08-21,event_reward,[],unknown,,https://wikiwiki.jp/shinycolors/%E3%80%90Best%E2%98%86Great%E2%98%86%E3%82%B5%E3%83%9E%E3%83%BC%EF%BC%81%E3%80%91%E5%9C%92%E7%94%B0%E6%99%BA%E4%BB%A3%E5%AD%90,observed,base,wiki_only,shinycolors_enza,da201fec-d6af-4c4b-9f9e-cb99e07124b4,da201fec-d6af-4c4b-9f9e-cb99e07124b4,2026-10-06T16:29:53+00:00,"[""W03""]","[""series_status"",""collab_work""]"
v1-93a6a8b8d40e754a,1.0,2026-10-08T02:45:18+00:00,【黄葉の冠】,idol_3c398182-7760-439e-8c77-3c09d173aa4c,芹沢あさひ,P,SR,unit_5,ストレイライト,2021-10-21,event_reward,[],unknown,,https://wikiwiki.jp/shinycolors/%E3%80%90%E9%BB%84%E8%91%89%E3%81%AE%E5%86%A0%E3%80%91%E8%8A%B9%E6%B2%A2%E3%81%82%E3%81%95%E3%81%B2,observed,base,wiki_only,shinycolors_enza,da984268-26d7-4779-831c-b03f22487375,da984268-26d7-4779-831c-b03f22487375,2026-10-06T16:29:53+00:00,"[""W02""]","[""series_status"",""collab_work""]"
v1-93a6a8b8d40e754a,1.0,2026-10-08T02:45:18+00:00,【知・知・識・識】,idol_e579db5c-0930-4984-aa40-ebe5a00e8a4f,幽谷霧子,P,UR,unit_2,アンティーカ,2026-04-17,permanent_gacha,[],unknown,,https://wikiwiki.jp/shinycolors/%E3%80%90%E7%9F%A5%E3%83%BB%E7%9F%A5%E3%83%BB%E8%AD%98%E3%83%BB%E8%AD%98%E3%80%91%E5%B9%BD%E8%B0%B7%E9%9C%A7%E5%AD%90,observed,base,wiki_only,shinycolors_enza,db5c2c1f-0302-4e81-b075-639b75d03386,db5c2c1f-0302-4e81-b075-639b75d03386,2026-10-06T16:29:52+00:00,"[""W02""]","[""series_status"",""collab_work""]"
v1-93a6a8b8d40e754a,1.0,2026-10-08T02:45:18+00:00,【283プロのヒナ】,idol_b1cc8f6f-feab-4add-b5d9-d8777add7f60,大崎甜花,S,R,unit_4,アルストロメリア,2018-04-24,permanent_gacha,[],unknown,,https://wikiwiki.jp/shinycolors/%E3%80%90283%E3%83%97%E3%83%AD%E3%81%AE%E3%83%92%E3%83%8A%E3%80%91%E5%A4%A7%E5%B4%8E%E7%94%9C%E8%8A%B1,observed,base,wiki_only,shinycolors_enza,db93ea78-b507-4cb3-ab85-f5a2c126968f,db93ea78-b507-4cb3-ab85-f5a2c126968f,2026-10-06T16:29:54+00:00,"[""W03""]","[""series_status"",""collab_work""]"
v1-93a6a8b8d40e754a,1.0,2026-10-08T02:45:18+00:00,【ダウト】,idol_2,樋口円香,P,SR,unit_6,ノクチル,2021-07-20,event_reward,[],unknown,,https://wikiwiki.jp/shinycolors/%E3%80%90%E3%83%80%E3%82%A6%E3%83%88%E3%80%91%E6%A8%8B%E5%8F%A3%E5%86%86%E9%A6%99,observed,base,wiki_only,shinycolors_enza,dc07daf0-8b31-46a9-9a27-152596eef846,dc07daf0-8b31-46a9-9a27-152596eef846,2026-10-06T16:29:53+00:00,"[""W02""]","[""series_status"",""collab_work""]"
v1-93a6a8b8d40e754a,1.0,2026-10-08T02:45:18+00:00,【W.I.N.G.への軌跡】,idol_52544385-3ea1-42e6-bb47-faff2c6f9b4f,桑山千雪,S,SR,unit_4,アルストロメリア,2024-05-18,campaign,[],unknown,,https://wikiwiki.jp/shinycolors/%E3%80%90W.I.N.G.%E3%81%B8%E3%81%AE%E8%BB%8C%E8%B7%A1%E3%80%91%E6%A1%91%E5%B1%B1%E5%8D%83%E9%9B%AA,observed,base,wiki_only,shinycolors_enza,dc603ef2-686b-4497-b72c-ee92bcd42887,dc603ef2-686b-4497-b72c-ee92bcd42887,2026-10-06T16:29:54+00:00,"[""W03""]","[""series_status"",""collab_work""]"
v1-93a6a8b8d40e754a,1.0,2026-10-08T02:45:18+00:00,【夢追いランナバウト】,idol_92b8326c-72f5-4a2e-8581-7110738045f3,有栖川夏葉,S,SR,unit_3,放課後クライマックスガールズ,2019-11-20,event_reward,[],unknown,,https://wikiwiki.jp/shinycolors/%E3%80%90%E5%A4%A2%E8%BF%BD%E3%81%84%E3%83%A9%E3%83%B3%E3%83%8A%E3%83%90%E3%82%A6%E3%83%88%E3%80%91%E6%9C%89%E6%A0%96%E5%B7%9D%E5%A4%8F%E8%91%89,observed,base,wiki_only,shinycolors_enza,dc88c236-cb90-4b12-a298-9756c0b0d1bb,dc88c236-cb90-4b12-a298-9756c0b0d1bb,2026-10-06T16:29:53+00:00,"[""W03""]","[""series_status"",""collab_work""]"
v1-93a6a8b8d40e754a,1.0,2026-10-08T02:45:18+00:00,【サマーアイドル2026】,idol_52544385-3ea1-42e6-bb47-faff2c6f9b4f,桑山千雪,S,SSR,unit_4,アルストロメリア,2026-09-16,limited_gacha,[],unknown,,https://wikiwiki.jp/shinycolors/%E3%80%90%E3%82%B5%E3%83%9E%E3%83%BC%E3%82%A2%E3%82%A4%E3%83%89%E3%83%AB2026%E3%80%91%E6%A1%91%E5%B1%B1%E5%8D%83%E9%9B%AA,observed,base,wiki_only,shinycolors_enza,dc987c41-3a3d-4fc7-9bf8-579a39d4c937,dc987c41-3a3d-4fc7-9bf8-579a39d4c937,2026-10-06T16:29:53+00:00,"[""W03""]","[""series_status"",""collab_work""]"
v1-93a6a8b8d40e754a,1.0,2026-10-08T02:45:18+00:00,【DIVA】,idol_6874153a-a7f6-426a-98f0-815f121eeca4,緋田美琴,P,SSR,unit_7,シーズ,2023-06-30,limited_gacha,[],unknown,,https://wikiwiki.jp/shinycolors/%E3%80%90DIVA%E3%80%91%E7%B7%8B%E7%94%B0%E7%BE%8E%E7%90%B4,observed,base,wiki_only,shinycolors_enza,dcb179df-b04e-4ad9-98ef-43dc48d2c9d9,dcb179df-b04e-4ad9-98ef-43dc48d2c9d9,2026-10-06T16:29:53+00:00,"[""W02""]","[""series_status"",""collab_work""]"
v1-93a6a8b8d40e754a,1.0,2026-10-08T02:45:18+00:00,【櫻風宮 灯め乃】,idol_0e2d3420-7295-4510-929d-01bf8378e12a,風野灯織,S,SR,unit_1,イルミネーションスターズ,2026-04-01,gacha_bonus,[],unknown,,,not_found,base,wiki_only,shinycolors_enza,dd326c6d-0dc4-4efa-a7e1-55df9826a7b3,dd326c6d-0dc4-4efa-a7e1-55df9826a7b3,2026-10-06T16:29:53+00:00,"[""W03""]","[""series_status"",""collab_work"",""wiki_url""]"
v1-93a6a8b8d40e754a,1.0,2026-10-08T02:45:18+00:00,【Brilliant Blooms】,idol_3c398182-7760-439e-8c77-3c09d173aa4c,芹沢あさひ,S,SR,unit_5,ストレイライト,2024-03-03,gacha_bonus,[],unknown,,https://wikiwiki.jp/shinycolors/%E3%80%90Brilliant%20Blooms%E3%80%91%E8%8A%B9%E6%B2%A2%E3%81%82%E3%81%95%E3%81%B2,observed,base,wiki_only,shinycolors_enza,dd4f5642-16b5-4435-867c-228fc2b4e82d,dd4f5642-16b5-4435-867c-228fc2b4e82d,2026-10-06T16:29:54+00:00,"[""W03""]","[""series_status"",""collab_work""]"
v1-93a6a8b8d40e754a,1.0,2026-10-08T02:45:18+00:00,【ばら色ハーモニー】,idol_e91e6363-2dc9-42c1-bbf1-a759e797c2d1,月岡恋鐘,S,SR,unit_2,アンティーカ,2022-05-10,collaboration_gacha,[],unknown,,https://wikiwiki.jp/shinycolors/%E3%80%90%E3%81%B0%E3%82%89%E8%89%B2%E3%83%8F%E3%83%BC%E3%83%A2%E3%83%8B%E3%83%BC%E3%80%91%E6%9C%88%E5%B2%A1%E6%81%8B%E9%90%98,observed,base,wiki_only,shinycolors_enza,dd61d4dc-9382-4ef8-b010-b228b07b8653,dd61d4dc-9382-4ef8-b010-b228b07b8653,2026-10-06T16:29:53+00:00,"[""W03""]","[""series_status"",""collab_work""]"
v1-93a6a8b8d40e754a,1.0,2026-10-08T02:45:18+00:00,【flieeeers】,idol_3,浅倉透,S,UR,unit_6,ノクチル,2026-07-17,permanent_gacha,[],unknown,,https://wikiwiki.jp/shinycolors/%E3%80%90flieeeers%E3%80%91%E6%B5%85%E5%80%89%E9%80%8F,observed,base,wiki_only,shinycolors_enza,dd62ea5d-e0c5-4f60-bdd1-ab1a75018117,dd62ea5d-e0c5-4f60-bdd1-ab1a75018117,2026-10-06T16:29:53+00:00,"[""W03""]","[""series_status"",""collab_work""]"
v1-93a6a8b8d40e754a,1.0,2026-10-08T02:45:18+00:00,【落下予測地点】,idol_0e2d3420-7295-4510-929d-01bf8378e12a,風野灯織,P,SR,unit_1,イルミネーションスターズ,2019-08-09,permanent_gacha,[],unknown,,https://wikiwiki.jp/shinycolors/%E3%80%90%E8%90%BD%E4%B8%8B%E4%BA%88%E6%B8%AC%E5%9C%B0%E7%82%B9%E3%80%91%E9%A2%A8%E9%87%8E%E7%81%AF%E7%B9%94,observed,base,wiki_only,shinycolors_enza,dd8404f7-4616-49bf-a981-782b8d431570,dd8404f7-4616-49bf-a981-782b8d431570,2026-10-06T16:29:53+00:00,"[""W02""]","[""series_status"",""collab_work""]"
v1-93a6a8b8d40e754a,1.0,2026-10-08T02:45:18+00:00,【秋陽のスケッチ】,idol_813a7356-e821-43e7-b25f-c104ca28870d,西城樹里,P,SSR,unit_3,放課後クライマックスガールズ,2020-09-23,permanent_gacha,[],unknown,,https://wikiwiki.jp/shinycolors/%E3%80%90%E7%A7%8B%E9%99%BD%E3%81%AE%E3%82%B9%E3%82%B1%E3%83%83%E3%83%81%E3%80%91%E8%A5%BF%E5%9F%8E%E6%A8%B9%E9%87%8C,observed,base,wiki_only,shinycolors_enza,ddd9c61c-0227-481d-89a6-a677ee9a4296,ddd9c61c-0227-481d-89a6-a677ee9a4296,2026-10-06T16:29:53+00:00,"[""W02""]","[""series_status"",""collab_work""]"
v1-93a6a8b8d40e754a,1.0,2026-10-08T02:45:18+00:00,【GAP】,idol_6874153a-a7f6-426a-98f0-815f121eeca4,緋田美琴,S,SSR,unit_7,シーズ,2022-11-30,limited_gacha,[],unknown,,https://wikiwiki.jp/shinycolors/%E3%80%90GAP%E3%80%91%E7%B7%8B%E7%94%B0%E7%BE%8E%E7%90%B4,observed,base,wiki_only,shinycolors_enza,dde1723a-9db7-45c2-822e-d30cbb41dcff,dde1723a-9db7-45c2-822e-d30cbb41dcff,2026-10-06T16:29:53+00:00,"[""W03""]","[""series_status"",""collab_work""]"
v1-93a6a8b8d40e754a,1.0,2026-10-08T02:45:18+00:00,【一人分の空、一枚の羽】,idol_b1cc8f6f-feab-4add-b5d9-d8777add7f60,大崎甜花,S,SSR,unit_4,アルストロメリア,2023-11-24,other_bonus,[],unknown,,https://wikiwiki.jp/shinycolors/%E3%80%90%E4%B8%80%E4%BA%BA%E5%88%86%E3%81%AE%E7%A9%BA%E3%80%81%E4%B8%80%E6%9E%9A%E3%81%AE%E7%BE%BD%E3%80%91%E5%A4%A7%E5%B4%8E%E7%94%9C%E8%8A%B1,observed,base,wiki_only,shinycolors_enza,de0cd70e-21ee-4287-bd0c-76ffd4170f5d,de0cd70e-21ee-4287-bd0c-76ffd4170f5d,2026-10-06T16:33:42+00:00,"[""W03""]","[""series_status"",""collab_work""]"
v1-93a6a8b8d40e754a,1.0,2026-10-08T02:45:18+00:00,【うさぎたちのおもてなし】,idol_e91e6363-2dc9-42c1-bbf1-a759e797c2d1,月岡恋鐘,S,SSR,unit_2,アンティーカ,2025-08-21,limited_gacha,"[""vote_selection""]",known,,https://wikiwiki.jp/shinycolors/%E3%80%90%E3%81%86%E3%81%95%E3%81%8E%E3%81%9F%E3%81%A1%E3%81%AE%E3%81%8A%E3%82%82%E3%81%A6%E3%81%AA%E3%81%97%E3%80%91%E6%9C%88%E5%B2%A1%E6%81%8B%E9%90%98,observed,base,wiki_only,shinycolors_enza,de0ec066-8067-41fa-bd76-bb3a18dbb9b7,de0ec066-8067-41fa-bd76-bb3a18dbb9b7,2026-10-07T00:59:08+00:00,"[""W03""]","[""collab_work""]"
v1-93a6a8b8d40e754a,1.0,2026-10-08T02:45:18+00:00,【ロング・ショート・タイム！】,idol_df07e98b-12f2-4984-b8f6-8da0a47c0cc7,小宮果穂,S,SSR,unit_3,放課後クライマックスガールズ,2022-07-31,event_reward,[],unknown,,https://wikiwiki.jp/shinycolors/%E3%80%90%E3%83%AD%E3%83%B3%E3%82%B0%E3%83%BB%E3%82%B7%E3%83%A7%E3%83%BC%E3%83%88%E3%83%BB%E3%82%BF%E3%82%A4%E3%83%A0%EF%BC%81%E3%80%91%E5%B0%8F%E5%AE%AE%E6%9E%9C%E7%A9%82,observed,base,wiki_only,shinycolors_enza,de1312f2-b8f9-4f85-a804-514bf7b0c22a,de1312f2-b8f9-4f85-a804-514bf7b0c22a,2026-10-06T16:29:53+00:00,"[""W03""]","[""series_status"",""collab_work""]"
v1-93a6a8b8d40e754a,1.0,2026-10-08T02:45:18+00:00,【liminal;marginal;eternal】,idol_0c19be81-d3e3-4383-b5d4-0a94b290dba9,斑鳩ルカ,S,SR,unit_8,コメティック,2025-01-12,gacha_bonus,[],unknown,,https://wikiwiki.jp/shinycolors/%E3%80%90liminal%3Bmarginal%3Beternal%E3%80%91%E6%96%91%E9%B3%A9%E3%83%AB%E3%82%AB,observed,base,wiki_only,shinycolors_enza,de4d641a-9186-4639-86c6-414805f277f7,de4d641a-9186-4639-86c6-414805f277f7,2026-10-06T16:29:53+00:00,"[""W03""]","[""series_status"",""collab_work""]"
v1-93a6a8b8d40e754a,1.0,2026-10-08T02:45:18+00:00,【今のうちは走らない】,idol_786e9b98-d1e4-4419-a69a-3281d07dd4fb,和泉愛依,P,SSR,unit_5,ストレイライト,2021-06-11,permanent_gacha,[],unknown,,https://wikiwiki.jp/shinycolors/%E3%80%90%E4%BB%8A%E3%81%AE%E3%81%86%E3%81%A1%E3%81%AF%E8%B5%B0%E3%82%89%E3%81%AA%E3%81%84%E3%80%91%E5%92%8C%E6%B3%89%E6%84%9B%E4%BE%9D,observed,base,wiki_only,shinycolors_enza,de61a3b1-29aa-460b-89f8-f0bcb66bff70,de61a3b1-29aa-460b-89f8-f0bcb66bff70,2026-10-06T16:29:53+00:00,"[""W02""]","[""series_status"",""collab_work""]"
v1-93a6a8b8d40e754a,1.0,2026-10-08T02:45:18+00:00,【いまだけ先輩】,idol_e5ce74fd-2caf-4c1d-a696-0b1f17f7a53e,福丸小糸,P,SSR,unit_6,ノクチル,2026-01-30,collection_gacha,"[""casting""]",known,,https://wikiwiki.jp/shinycolors/%E3%80%90%E3%81%84%E3%81%BE%E3%81%A0%E3%81%91%E5%85%88%E8%BC%A9%E3%80%91%E7%A6%8F%E4%B8%B8%E5%B0%8F%E7%B3%B8,observed,base,wiki_only,shinycolors_enza,de7fca6a-f88c-460e-b360-a64929eca553,de7fca6a-f88c-460e-b360-a64929eca553,2026-10-06T16:29:53+00:00,"[""W02""]","[""collab_work""]"
v1-93a6a8b8d40e754a,1.0,2026-10-08T02:45:18+00:00,【デビルたちの夜会☆】,idol_8c18b422-295c-4259-9e14-413685deb7f8,大崎甘奈,S,SSR,unit_4,アルストロメリア,2022-04-30,limited_gacha,[],unknown,,https://wikiwiki.jp/shinycolors/%E3%80%90%E3%83%87%E3%83%93%E3%83%AB%E3%81%9F%E3%81%A1%E3%81%AE%E5%A4%9C%E4%BC%9A%E2%98%86%E3%80%91%E5%A4%A7%E5%B4%8E%E7%94%98%E5%A5%88,observed,base,wiki_only,shinycolors_enza,dec09d25-197f-45ac-bf2c-0d44ebbb3668,dec09d25-197f-45ac-bf2c-0d44ebbb3668,2026-10-06T16:29:53+00:00,"[""W03""]","[""series_status"",""collab_work""]"
v1-93a6a8b8d40e754a,1.0,2026-10-08T02:45:18+00:00,【永遠のCarol】,idol_52544385-3ea1-42e6-bb47-faff2c6f9b4f,桑山千雪,S,SSR,unit_4,アルストロメリア,2018-12-14,limited_gacha,[],unknown,,https://wikiwiki.jp/shinycolors/%E3%80%90%E6%B0%B8%E9%81%A0%E3%81%AECarol%E3%80%91%E6%A1%91%E5%B1%B1%E5%8D%83%E9%9B%AA,observed,base,wiki_only,shinycolors_enza,dec933ec-e514-4954-a1f2-0421e92773d2,dec933ec-e514-4954-a1f2-0421e92773d2,2026-10-06T16:29:53+00:00,"[""W03""]","[""series_status"",""collab_work""]"
v1-93a6a8b8d40e754a,1.0,2026-10-08T02:45:18+00:00,【寄り道ブラウジング】,idol_d4177c5c-4600-4381-b5da-758f87fc23d7,八宮めぐる,P,SSR,unit_1,イルミネーションスターズ,2026-06-29,collection_gacha,"[""casting""]",known,,https://wikiwiki.jp/shinycolors/%E3%80%90%E5%AF%84%E3%82%8A%E9%81%93%E3%83%96%E3%83%A9%E3%82%A6%E3%82%B8%E3%83%B3%E3%82%B0%E3%80%91%E5%85%AB%E5%AE%AE%E3%82%81%E3%81%90%E3%82%8B,observed,base,wiki_only,shinycolors_enza,df072446-9d5a-45f8-84f1-afe2295ee882,df072446-9d5a-45f8-84f1-afe2295ee882,2026-10-06T16:29:52+00:00,"[""W02""]","[""collab_work""]"
v1-93a6a8b8d40e754a,1.0,2026-10-08T02:45:18+00:00,【'25Pカップ】,idol_6874153a-a7f6-426a-98f0-815f121eeca4,緋田美琴,S,SR,unit_7,シーズ,2025-04-15,event_reward,[],unknown,,https://wikiwiki.jp/shinycolors/%E3%80%90%2725P%E3%82%AB%E3%83%83%E3%83%97%E3%80%91%E7%B7%8B%E7%94%B0%E7%BE%8E%E7%90%B4,observed,base,wiki_only,shinycolors_enza,df0b96bd-2530-451b-a06f-c173b57f1278,df0b96bd-2530-451b-a06f-c173b57f1278,2026-10-06T16:29:53+00:00,"[""W03""]","[""series_status"",""collab_work""]"
v1-93a6a8b8d40e754a,1.0,2026-10-08T02:45:18+00:00,【トリッキーナイト】,idol_6,田中摩美々,P,SSR,unit_2,アンティーカ,2018-08-31,permanent_gacha,[],unknown,,https://wikiwiki.jp/shinycolors/%E3%80%90%E3%83%88%E3%83%AA%E3%83%83%E3%82%AD%E3%83%BC%E3%83%8A%E3%82%A4%E3%83%88%E3%80%91%E7%94%B0%E4%B8%AD%E6%91%A9%E7%BE%8E%E3%80%85,observed,base,wiki_only,shinycolors_enza,df315856-8e55-4309-8139-402d95eefc72,df315856-8e55-4309-8139-402d95eefc72,2026-10-06T16:29:53+00:00,"[""W02""]","[""series_status"",""collab_work""]"
v1-93a6a8b8d40e754a,1.0,2026-10-08T02:45:18+00:00,【一人分の空、一枚の羽】,idol_ef328a51-2928-4d2d-a44f-5e3b92d305cf,白瀬咲耶,S,SSR,unit_2,アンティーカ,2023-11-24,other_bonus,[],unknown,,https://wikiwiki.jp/shinycolors/%E3%80%90%E4%B8%80%E4%BA%BA%E5%88%86%E3%81%AE%E7%A9%BA%E3%80%81%E4%B8%80%E6%9E%9A%E3%81%AE%E7%BE%BD%E3%80%91%E7%99%BD%E7%80%AC%E5%92%B2%E8%80%B6,observed,base,wiki_only,shinycolors_enza,df41f740-ba1d-47b6-bab4-0b7376aec5b7,df41f740-ba1d-47b6-bab4-0b7376aec5b7,2026-10-06T16:33:42+00:00,"[""W03""]","[""series_status"",""collab_work""]"
v1-93a6a8b8d40e754a,1.0,2026-10-08T02:45:18+00:00,【夜になって】,idol_0c19be81-d3e3-4383-b5d4-0a94b290dba9,斑鳩ルカ,S,SSR,unit_8,コメティック,2024-05-30,event_reward,[],unknown,,https://wikiwiki.jp/shinycolors/%E3%80%90%E5%A4%9C%E3%81%AB%E3%81%AA%E3%81%A3%E3%81%A6%E3%80%91%E6%96%91%E9%B3%A9%E3%83%AB%E3%82%AB,observed,base,wiki_only,shinycolors_enza,df60dd61-cf64-4e77-bf3a-616d0c3cfd91,df60dd61-cf64-4e77-bf3a-616d0c3cfd91,2026-10-06T16:29:53+00:00,"[""W03""]","[""series_status"",""collab_work""]"
v1-93a6a8b8d40e754a,1.0,2026-10-08T02:45:18+00:00,【INSOMNIAC】,idol_6874153a-a7f6-426a-98f0-815f121eeca4,緋田美琴,S,SSR,unit_7,シーズ,2025-04-29,exchange,[],unknown,,https://wikiwiki.jp/shinycolors/%E3%80%90INSOMNIAC%E3%80%91%E7%B7%8B%E7%94%B0%E7%BE%8E%E7%90%B4,observed,base,wiki_only,shinycolors_enza,df96e812-71b8-4a35-994d-78944d671ad9,df96e812-71b8-4a35-994d-78944d671ad9,2026-10-06T16:29:53+00:00,"[""W03""]","[""series_status"",""collab_work""]"
v1-93a6a8b8d40e754a,1.0,2026-10-08T02:45:18+00:00,【天に寂寥】,idol_0e2d3420-7295-4510-929d-01bf8378e12a,風野灯織,S,SSR,unit_1,イルミネーションスターズ,2025-10-30,event_reward,[],unknown,,https://wikiwiki.jp/shinycolors/%E3%80%90%E5%A4%A9%E3%81%AB%E5%AF%82%E5%AF%A5%E3%80%91%E9%A2%A8%E9%87%8E%E7%81%AF%E7%B9%94,observed,base,wiki_only,shinycolors_enza,dfcfc577-adb2-4569-bb69-22645fe1ffcf,dfcfc577-adb2-4569-bb69-22645fe1ffcf,2026-10-06T16:29:53+00:00,"[""W03""]","[""series_status"",""collab_work""]"
v1-93a6a8b8d40e754a,1.0,2026-10-08T02:45:18+00:00,"【Heavy,Heavy Rain】",idol_df07e98b-12f2-4984-b8f6-8da0a47c0cc7,小宮果穂,S,SSR,unit_3,放課後クライマックスガールズ,2026-09-29,limited_gacha,"[""axe8""]",known,,https://wikiwiki.jp/shinycolors/%E3%80%90Heavy%2CHeavy%20Rain%E3%80%91%E5%B0%8F%E5%AE%AE%E6%9E%9C%E7%A9%82,observed,base,wiki_only,shinycolors_enza,dff1b526-b627-4ad5-8e7f-877afb557641,dff1b526-b627-4ad5-8e7f-877afb557641,2026-10-07T00:59:08+00:00,"[""W03"",""W09""]","[""collab_work""]"
v1-93a6a8b8d40e754a,1.0,2026-10-08T02:45:18+00:00,【珈琲の牛乳いれたん】,idol_51651b60-7996-412b-bd16-5c1c3f3faebf,杜野凛世,S,SSR,unit_3,放課後クライマックスガールズ,2022-08-31,limited_gacha,[],unknown,,https://wikiwiki.jp/shinycolors/%E3%80%90%E7%8F%88%E7%90%B2%E3%81%AE%E7%89%9B%E4%B9%B3%E3%81%84%E3%82%8C%E3%81%9F%E3%82%93%E3%80%91%E6%9D%9C%E9%87%8E%E5%87%9B%E4%B8%96,observed,base,wiki_only,shinycolors_enza,dff58edb-ffa6-4ceb-841a-163e75128446,dff58edb-ffa6-4ceb-841a-163e75128446,2026-10-06T16:29:53+00:00,"[""W03""]","[""series_status"",""collab_work""]"
v1-93a6a8b8d40e754a,1.0,2026-10-08T02:45:18+00:00,【歪-twst-罅割-brk】,idol_7,園田智代子,S,SSR,unit_3,放課後クライマックスガールズ,2023-09-30,limited_gacha,[],unknown,,https://wikiwiki.jp/shinycolors/%E3%80%90%E6%AD%AA-twst-%E7%BD%85%E5%89%B2-brk%E3%80%91%E5%9C%92%E7%94%B0%E6%99%BA%E4%BB%A3%E5%AD%90,observed,base,wiki_only,shinycolors_enza,e06d06db-7e4d-471d-9444-10f020e02256,e06d06db-7e4d-471d-9444-10f020e02256,2026-10-06T16:29:53+00:00,"[""W03""]","[""series_status"",""collab_work""]"
v1-93a6a8b8d40e754a,1.0,2026-10-08T02:45:18+00:00,【百色ふぉとぐらふ】,idol_51651b60-7996-412b-bd16-5c1c3f3faebf,杜野凛世,S,SR,unit_3,放課後クライマックスガールズ,2018-05-31,event_reward,[],unknown,,https://wikiwiki.jp/shinycolors/%E3%80%90%E7%99%BE%E8%89%B2%E3%81%B5%E3%81%89%E3%81%A8%E3%81%90%E3%82%89%E3%81%B5%E3%80%91%E6%9D%9C%E9%87%8E%E5%87%9B%E4%B8%96,observed,base,wiki_only,shinycolors_enza,e07baf21-517d-4c43-93cb-5d304f687665,e07baf21-517d-4c43-93cb-5d304f687665,2026-10-06T16:29:53+00:00,"[""W03""]","[""series_status"",""collab_work""]"
v1-93a6a8b8d40e754a,1.0,2026-10-08T02:45:18+00:00,【アイマスEXPO】,idol_b1cc8f6f-feab-4add-b5d9-d8777add7f60,大崎甜花,S,SR,unit_4,アルストロメリア,2024-12-15,gacha_bonus,[],unknown,,https://wikiwiki.jp/shinycolors/%E3%80%90%E3%82%A2%E3%82%A4%E3%83%9E%E3%82%B9EXPO%E3%80%91%E5%A4%A7%E5%B4%8E%E7%94%9C%E8%8A%B1,observed,base,wiki_only,shinycolors_enza,e151d399-397e-4b76-b54c-9d11065ee39e,e151d399-397e-4b76-b54c-9d11065ee39e,2026-10-06T16:29:53+00:00,"[""W03""]","[""series_status"",""collab_work""]"
v1-93a6a8b8d40e754a,1.0,2026-10-08T02:45:18+00:00,【♡LOG】,idol_72d6d5b6-dc2b-4e7c-90be-eb4770ba589b,市川雛菜,P,SSR,unit_6,ノクチル,2021-02-19,permanent_gacha,[],unknown,,https://wikiwiki.jp/shinycolors/%E3%80%90LOG%E3%80%91%E5%B8%82%E5%B7%9D%E9%9B%9B%E8%8F%9C,observed,base,wiki_only,shinycolors_enza,e16fc5a9-7138-4575-a53d-a4d2297e4edf,e16fc5a9-7138-4575-a53d-a4d2297e4edf,2026-10-06T16:29:53+00:00,"[""W02""]","[""series_status"",""collab_work""]"
v1-93a6a8b8d40e754a,1.0,2026-10-08T02:45:18+00:00,【すべてはまるく】,idol_a2f858c3-da6e-4d6f-b777-5367a2671399,黛冬優子,S,SSR,unit_5,ストレイライト,2026-02-27,event_reward,[],unknown,,https://wikiwiki.jp/shinycolors/%E3%80%90%E3%81%99%E3%81%B9%E3%81%A6%E3%81%AF%E3%81%BE%E3%82%8B%E3%81%8F%E3%80%91%E9%BB%9B%E5%86%AC%E5%84%AA%E5%AD%90,observed,base,wiki_only,shinycolors_enza,e180632b-7dfb-42ed-a6db-e95f7b91273d,e180632b-7dfb-42ed-a6db-e95f7b91273d,2026-10-06T16:29:53+00:00,"[""W03""]","[""series_status"",""collab_work""]"
v1-93a6a8b8d40e754a,1.0,2026-10-08T02:45:18+00:00,【おっきくならなくちゃ】,idol_a2f858c3-da6e-4d6f-b777-5367a2671399,黛冬優子,S,SSR,unit_5,ストレイライト,2026-04-11,collection_gacha,"[""prelude""]",known,,https://wikiwiki.jp/shinycolors/%E3%80%90%E3%81%8A%E3%81%A3%E3%81%8D%E3%81%8F%E3%81%AA%E3%82%89%E3%81%AA%E3%81%8F%E3%81%A1%E3%82%83%E3%80%91%E9%BB%9B%E5%86%AC%E5%84%AA%E5%AD%90,observed,base,wiki_only,shinycolors_enza,e18b3a2b-0c7b-48e9-8fe1-2540f68377bc,e18b3a2b-0c7b-48e9-8fe1-2540f68377bc,2026-10-06T16:29:53+00:00,"[""W03""]","[""collab_work""]"
v1-93a6a8b8d40e754a,1.0,2026-10-08T02:45:18+00:00,【チョコ for Y♡U】,idol_7,園田智代子,P,SSR,unit_3,放課後クライマックスガールズ,2023-05-17,collection_gacha,"[""mysongs""]",known,,https://wikiwiki.jp/shinycolors/%E3%80%90%E3%83%81%E3%83%A7%E3%82%B3%20for%20Y%E2%99%A1U%E3%80%91%E5%9C%92%E7%94%B0%E6%99%BA%E4%BB%A3%E5%AD%90,observed,base,wiki_only,shinycolors_enza,e1a72f76-28f8-4149-a8dd-b32c33704418,e1a72f76-28f8-4149-a8dd-b32c33704418,2026-10-06T16:29:53+00:00,"[""W02""]","[""collab_work""]"
v1-93a6a8b8d40e754a,1.0,2026-10-08T02:45:18+00:00,【POLARIS】,idol_6874153a-a7f6-426a-98f0-815f121eeca4,緋田美琴,P,SSR,unit_7,シーズ,2025-03-11,collection_gacha,"[""parallel""]",known,,https://wikiwiki.jp/shinycolors/%E3%80%90POLARIS%E3%80%91%E7%B7%8B%E7%94%B0%E7%BE%8E%E7%90%B4,observed,base,wiki_only,shinycolors_enza,e1d0cf69-98ba-4126-929c-c85869f58c3f,e1d0cf69-98ba-4126-929c-c85869f58c3f,2026-10-06T16:29:53+00:00,"[""W02""]","[""collab_work""]"
v1-93a6a8b8d40e754a,1.0,2026-10-08T02:45:18+00:00,【おめでとう、が咲く】,idol_1,櫻木真乃,S,SSR,unit_1,イルミネーションスターズ,2025-04-25,limited_gacha,"[""birthday""]",known,,https://wikiwiki.jp/shinycolors/%E3%80%90%E3%81%8A%E3%82%81%E3%81%A7%E3%81%A8%E3%81%86%E3%80%81%E3%81%8C%E5%92%B2%E3%81%8F%E3%80%91%E6%AB%BB%E6%9C%A8%E7%9C%9F%E4%B9%83,observed,base,wiki_only,shinycolors_enza,e20f280e-eaca-4504-94cd-0419a2a714d2,e20f280e-eaca-4504-94cd-0419a2a714d2,2026-10-06T16:29:53+00:00,"[""W03""]","[""collab_work""]"
v1-93a6a8b8d40e754a,1.0,2026-10-08T02:45:18+00:00,【騎士団のヴェール】,idol_ef328a51-2928-4d2d-a44f-5e3b92d305cf,白瀬咲耶,S,SSR,unit_2,アンティーカ,2025-12-28,gacha_bonus,[],unknown,,https://wikiwiki.jp/shinycolors/%E3%80%90%E9%A8%8E%E5%A3%AB%E5%9B%A3%E3%81%AE%E3%83%B4%E3%82%A7%E3%83%BC%E3%83%AB%E3%80%91%E7%99%BD%E7%80%AC%E5%92%B2%E8%80%B6,observed,base,wiki_only,shinycolors_enza,e2490703-38c3-4717-bf93-f64b98ad2840,e2490703-38c3-4717-bf93-f64b98ad2840,2026-10-06T16:29:53+00:00,"[""W03""]","[""series_status"",""collab_work""]"
v1-93a6a8b8d40e754a,1.0,2026-10-08T02:45:18+00:00,【キャッチ・ザ・フォール！】,idol_df07e98b-12f2-4984-b8f6-8da0a47c0cc7,小宮果穂,P,SR,unit_3,放課後クライマックスガールズ,2019-10-11,permanent_gacha,[],unknown,,https://wikiwiki.jp/shinycolors/%E3%80%90%E3%82%AD%E3%83%A3%E3%83%83%E3%83%81%E3%83%BB%E3%82%B6%E3%83%BB%E3%83%95%E3%82%A9%E3%83%BC%E3%83%AB%EF%BC%81%E3%80%91%E5%B0%8F%E5%AE%AE%E6%9E%9C%E7%A9%82,observed,base,wiki_only,shinycolors_enza,e2cb06c8-cb04-4ab9-bf59-81b34808da12,e2cb06c8-cb04-4ab9-bf59-81b34808da12,2026-10-06T16:29:53+00:00,"[""W02""]","[""series_status"",""collab_work""]"
v1-93a6a8b8d40e754a,1.0,2026-10-08T02:45:18+00:00,【ふわり気持ち、秋かおり】,idol_1,櫻木真乃,S,SR,unit_1,イルミネーションスターズ,2022-11-18,collaboration_gacha,[],unknown,,https://wikiwiki.jp/shinycolors/%E3%80%90%E3%81%B5%E3%82%8F%E3%82%8A%E6%B0%97%E6%8C%81%E3%81%A1%E3%80%81%E7%A7%8B%E3%81%8B%E3%81%8A%E3%82%8A%E3%80%91%E6%AB%BB%E6%9C%A8%E7%9C%9F%E4%B9%83,observed,base,wiki_only,shinycolors_enza,e2cf0c29-3d31-4f33-a00a-507f8c40d50c,e2cf0c29-3d31-4f33-a00a-507f8c40d50c,2026-10-06T16:29:53+00:00,"[""W03""]","[""series_status"",""collab_work""]"
v1-93a6a8b8d40e754a,1.0,2026-10-08T02:45:18+00:00,【海と太陽のプロメッサ】,idol_ef328a51-2928-4d2d-a44f-5e3b92d305cf,白瀬咲耶,P,SSR,unit_2,アンティーカ,2020-04-30,limited_gacha,[],unknown,,https://wikiwiki.jp/shinycolors/%E3%80%90%E6%B5%B7%E3%81%A8%E5%A4%AA%E9%99%BD%E3%81%AE%E3%83%97%E3%83%AD%E3%83%A1%E3%83%83%E3%82%B5%E3%80%91%E7%99%BD%E7%80%AC%E5%92%B2%E8%80%B6,observed,base,wiki_only,shinycolors_enza,e2decd72-509e-4cc4-a00f-e7749affd9ed,e2decd72-509e-4cc4-a00f-e7749affd9ed,2026-10-06T16:29:53+00:00,"[""W02""]","[""series_status"",""collab_work""]"
v1-93a6a8b8d40e754a,1.0,2026-10-08T02:45:18+00:00,【旅・風・段・々】,idol_e579db5c-0930-4984-aa40-ebe5a00e8a4f,幽谷霧子,S,SR,unit_2,アンティーカ,2025-04-18,event_reward,[],unknown,,https://wikiwiki.jp/shinycolors/%E3%80%90%E6%97%85%E3%83%BB%E9%A2%A8%E3%83%BB%E6%AE%B5%E3%83%BB%E3%80%85%E3%80%91%E5%B9%BD%E8%B0%B7%E9%9C%A7%E5%AD%90,observed,base,wiki_only,shinycolors_enza,e2ff0c62-d44f-457b-afc0-75a54daf6cad,e2ff0c62-d44f-457b-afc0-75a54daf6cad,2026-10-06T16:29:53+00:00,"[""W03""]","[""series_status"",""collab_work""]"
v1-93a6a8b8d40e754a,1.0,2026-10-08T02:45:18+00:00,【見つかっちゃった♪】,idol_786e9b98-d1e4-4419-a69a-3281d07dd4fb,和泉愛依,P,SR,unit_5,ストレイライト,2022-08-19,event_reward,[],unknown,,https://wikiwiki.jp/shinycolors/%E3%80%90%E8%A6%8B%E3%81%A4%E3%81%8B%E3%81%A3%E3%81%A1%E3%82%83%E3%81%A3%E3%81%9F%E2%99%AA%E3%80%91%E5%92%8C%E6%B3%89%E6%84%9B%E4%BE%9D,observed,base,wiki_only,shinycolors_enza,e310e4c2-f282-4726-bc47-12172862db25,e310e4c2-f282-4726-bc47-12172862db25,2026-10-06T16:29:53+00:00,"[""W02""]","[""series_status"",""collab_work""]"
v1-93a6a8b8d40e754a,1.0,2026-10-08T02:45:18+00:00,【chocolate next door】,idol_7,園田智代子,S,SSR,unit_3,放課後クライマックスガールズ,2023-06-30,event_reward,[],unknown,,https://wikiwiki.jp/shinycolors/%E3%80%90chocolate%20next%20door%E3%80%91%E5%9C%92%E7%94%B0%E6%99%BA%E4%BB%A3%E5%AD%90,observed,base,wiki_only,shinycolors_enza,e3231025-6007-4d6d-bf7d-7fd24e4dc922,e3231025-6007-4d6d-bf7d-7fd24e4dc922,2026-10-06T16:29:53+00:00,"[""W03""]","[""series_status"",""collab_work""]"
v1-93a6a8b8d40e754a,1.0,2026-10-08T02:45:18+00:00,【pooool】,idol_3,浅倉透,S,SSR,unit_6,ノクチル,2020-12-11,limited_gacha,[],unknown,,https://wikiwiki.jp/shinycolors/%E3%80%90pooool%E3%80%91%E6%B5%85%E5%80%89%E9%80%8F,observed,base,wiki_only,shinycolors_enza,e32bb6a7-584f-4f94-aceb-950a79f4ff3d,e32bb6a7-584f-4f94-aceb-950a79f4ff3d,2026-10-06T16:29:53+00:00,"[""W03""]","[""series_status"",""collab_work""]"
v1-93a6a8b8d40e754a,1.0,2026-10-08T02:45:18+00:00,【レッツ☆忍び足！】,idol_8c18b422-295c-4259-9e14-413685deb7f8,大崎甘奈,S,SSR,unit_4,アルストロメリア,2021-07-20,limited_gacha,[],unknown,,https://wikiwiki.jp/shinycolors/%E3%80%90%E3%83%AC%E3%83%83%E3%83%84%E2%98%86%E5%BF%8D%E3%81%B3%E8%B6%B3%EF%BC%81%E3%80%91%E5%A4%A7%E5%B4%8E%E7%94%98%E5%A5%88,observed,base,wiki_only,shinycolors_enza,e3629b11-2865-4f3d-9ece-d0accd617ab8,e3629b11-2865-4f3d-9ece-d0accd617ab8,2026-10-06T16:29:53+00:00,"[""W03""]","[""series_status"",""collab_work""]"
v1-93a6a8b8d40e754a,1.0,2026-10-08T02:45:18+00:00,【克服の特訓】,idol_0e2d3420-7295-4510-929d-01bf8378e12a,風野灯織,S,SR,unit_1,イルミネーションスターズ,2018-04-24,permanent_gacha,[],unknown,,https://wikiwiki.jp/shinycolors/%E3%80%90%E5%85%8B%E6%9C%8D%E3%81%AE%E7%89%B9%E8%A8%93%E3%80%91%E9%A2%A8%E9%87%8E%E7%81%AF%E7%B9%94,observed,base,wiki_only,shinycolors_enza,e362e60d-8af9-487f-9caf-1e62f14753c6,e362e60d-8af9-487f-9caf-1e62f14753c6,2026-10-06T16:29:54+00:00,"[""W03""]","[""series_status"",""collab_work""]"
v1-93a6a8b8d40e754a,1.0,2026-10-08T02:45:18+00:00,【未知なるFROZEN】,idol_813a7356-e821-43e7-b25f-c104ca28870d,西城樹里,S,SSR,unit_3,放課後クライマックスガールズ,2018-07-31,permanent_gacha,[],unknown,,https://wikiwiki.jp/shinycolors/%E3%80%90%E6%9C%AA%E7%9F%A5%E3%81%AA%E3%82%8BFROZEN%E3%80%91%E8%A5%BF%E5%9F%8E%E6%A8%B9%E9%87%8C,observed,base,wiki_only,shinycolors_enza,e3b5c4e6-367a-4304-953d-7e8be1673fc8,e3b5c4e6-367a-4304-953d-7e8be1673fc8,2026-10-06T16:29:53+00:00,"[""W03""]","[""series_status"",""collab_work""]"
v1-93a6a8b8d40e754a,1.0,2026-10-08T02:45:18+00:00,【COOL JOKERS】,idol_6,田中摩美々,S,SSR,unit_2,アンティーカ,2023-04-21,collection_gacha,"[""twilights""]",known,,https://wikiwiki.jp/shinycolors/%E3%80%90COOL%20JOKERS%E3%80%91%E7%94%B0%E4%B8%AD%E6%91%A9%E7%BE%8E%E3%80%85,observed,base,wiki_only,shinycolors_enza,e4ac4bdd-6ea6-47df-b6ee-154fbb4bc571,e4ac4bdd-6ea6-47df-b6ee-154fbb4bc571,2026-10-06T16:29:53+00:00,"[""W03""]","[""collab_work""]"
v1-93a6a8b8d40e754a,1.0,2026-10-08T02:45:18+00:00,【われにかへれ】,idol_51651b60-7996-412b-bd16-5c1c3f3faebf,杜野凛世,P,SSR,unit_3,放課後クライマックスガールズ,2020-08-11,limited_gacha,[],unknown,,https://wikiwiki.jp/shinycolors/%E3%80%90%E3%82%8F%E3%82%8C%E3%81%AB%E3%81%8B%E3%81%B8%E3%82%8C%E3%80%91%E6%9D%9C%E9%87%8E%E5%87%9B%E4%B8%96,observed,base,wiki_only,shinycolors_enza,e5063683-fdac-4c5c-9d37-4b4448cf2aa8,e5063683-fdac-4c5c-9d37-4b4448cf2aa8,2026-10-06T16:29:53+00:00,"[""W02""]","[""series_status"",""collab_work""]"
v1-93a6a8b8d40e754a,1.0,2026-10-08T02:45:18+00:00,【真空の庭】,idol_3c398182-7760-439e-8c77-3c09d173aa4c,芹沢あさひ,S,SSR,unit_5,ストレイライト,2023-10-30,event_reward,[],unknown,,https://wikiwiki.jp/shinycolors/%E3%80%90%E7%9C%9F%E7%A9%BA%E3%81%AE%E5%BA%AD%E3%80%91%E8%8A%B9%E6%B2%A2%E3%81%82%E3%81%95%E3%81%B2,observed,base,wiki_only,shinycolors_enza,e5197e02-1824-4b3f-854c-4a42eb15f26d,e5197e02-1824-4b3f-854c-4a42eb15f26d,2026-10-06T16:29:53+00:00,"[""W03""]","[""series_status"",""collab_work""]"
v1-93a6a8b8d40e754a,1.0,2026-10-08T02:45:18+00:00,【10個、光】,idol_3,浅倉透,P,SSR,unit_6,ノクチル,2020-05-13,permanent_gacha,[],unknown,,https://wikiwiki.jp/shinycolors/%E3%80%9010%E5%80%8B%E3%80%81%E5%85%89%E3%80%91%E6%B5%85%E5%80%89%E9%80%8F,observed,base,wiki_only,shinycolors_enza,e5c1d574-8e0a-49bf-af09-0e37fa00f7c6,e5c1d574-8e0a-49bf-af09-0e37fa00f7c6,2026-10-06T16:29:53+00:00,"[""W02""]","[""series_status"",""collab_work""]"
v1-93a6a8b8d40e754a,1.0,2026-10-08T02:45:18+00:00,【'25Pカップ】,idol_736d3fca-9560-4156-96fc-66cc0159ea42,七草にちか,S,SR,unit_7,シーズ,2025-04-15,event_reward,[],unknown,,https://wikiwiki.jp/shinycolors/%E3%80%90%2725P%E3%82%AB%E3%83%83%E3%83%97%E3%80%91%E4%B8%83%E8%8D%89%E3%81%AB%E3%81%A1%E3%81%8B,observed,base,wiki_only,shinycolors_enza,e5dc43fe-d885-4bd3-a38b-88fd14f11676,e5dc43fe-d885-4bd3-a38b-88fd14f11676,2026-10-06T16:29:53+00:00,"[""W03""]","[""series_status"",""collab_work""]"
v1-93a6a8b8d40e754a,1.0,2026-10-08T02:45:18+00:00,【をとめ茶会】,idol_51651b60-7996-412b-bd16-5c1c3f3faebf,杜野凛世,S,SR,unit_3,放課後クライマックスガールズ,2025-09-29,collaboration_gacha,[],unknown,,https://wikiwiki.jp/shinycolors/%E3%80%90%E3%82%92%E3%81%A8%E3%82%81%E8%8C%B6%E4%BC%9A%E3%80%91%E6%9D%9C%E9%87%8E%E5%87%9B%E4%B8%96,observed,base,wiki_only,shinycolors_enza,e63aa992-3b7f-4c61-b2e4-af84ee9cd52c,e63aa992-3b7f-4c61-b2e4-af84ee9cd52c,2026-10-06T16:29:53+00:00,"[""W03""]","[""series_status"",""collab_work""]"
v1-93a6a8b8d40e754a,1.0,2026-10-08T02:45:18+00:00,【RPGのススメ】,idol_0e2d3420-7295-4510-929d-01bf8378e12a,風野灯織,S,SR,unit_1,イルミネーションスターズ,2019-09-10,event_reward,[],unknown,,https://wikiwiki.jp/shinycolors/%E3%80%90RPG%E3%81%AE%E3%82%B9%E3%82%B9%E3%83%A1%E3%80%91%E9%A2%A8%E9%87%8E%E7%81%AF%E7%B9%94,observed,base,wiki_only,shinycolors_enza,e63d5079-21dc-4715-8635-5efc817b09df,e63d5079-21dc-4715-8635-5efc817b09df,2026-10-06T16:29:53+00:00,"[""W03""]","[""series_status"",""collab_work""]"
v1-93a6a8b8d40e754a,1.0,2026-10-08T02:45:18+00:00,【ビ～♡バップ海岸】,idol_e91e6363-2dc9-42c1-bbf1-a759e797c2d1,月岡恋鐘,P,SR,unit_2,アンティーカ,2018-07-31,permanent_gacha,[],unknown,,https://wikiwiki.jp/shinycolors/%E3%80%90%E3%83%93%EF%BD%9E%E3%83%90%E3%83%83%E3%83%97%E6%B5%B7%E5%B2%B8%E3%80%91%E6%9C%88%E5%B2%A1%E6%81%8B%E9%90%98,observed,base,wiki_only,shinycolors_enza,e682e7f0-94dd-4f86-acce-c27797abe434,e682e7f0-94dd-4f86-acce-c27797abe434,2026-10-06T16:29:53+00:00,"[""W02""]","[""series_status"",""collab_work""]"
v1-93a6a8b8d40e754a,1.0,2026-10-08T02:45:18+00:00,【あたし・マスト】,idol_786e9b98-d1e4-4419-a69a-3281d07dd4fb,和泉愛依,P,SSR,unit_5,ストレイライト,2024-03-21,permanent_gacha,[],unknown,,https://wikiwiki.jp/shinycolors/%E3%80%90%E3%81%82%E3%81%9F%E3%81%97%E3%83%BB%E3%83%9E%E3%82%B9%E3%83%88%E3%80%91%E5%92%8C%E6%B3%89%E6%84%9B%E4%BE%9D,observed,base,wiki_only,shinycolors_enza,e6a2c114-67f3-4724-adb1-9d0533d80deb,e6a2c114-67f3-4724-adb1-9d0533d80deb,2026-10-06T16:29:53+00:00,"[""W02""]","[""series_status"",""collab_work""]"
v1-93a6a8b8d40e754a,1.0,2026-10-08T02:45:18+00:00,【あたし流・かっこいい】,idol_786e9b98-d1e4-4419-a69a-3281d07dd4fb,和泉愛依,P,SSR,unit_5,ストレイライト,2022-06-30,limited_gacha,[],unknown,,https://wikiwiki.jp/shinycolors/%E3%80%90%E3%81%82%E3%81%9F%E3%81%97%E6%B5%81%E3%83%BB%E3%81%8B%E3%81%A3%E3%81%93%E3%81%84%E3%81%84%E3%80%91%E5%92%8C%E6%B3%89%E6%84%9B%E4%BE%9D,observed,base,wiki_only,shinycolors_enza,e6fd8045-5b72-4166-aa0b-7dd0009559a4,e6fd8045-5b72-4166-aa0b-7dd0009559a4,2026-10-06T16:29:53+00:00,"[""W02""]","[""series_status"",""collab_work""]"
v1-93a6a8b8d40e754a,1.0,2026-10-08T02:45:18+00:00,【白いツバサ】,idol_81093365-1df1-4e6c-a252-27625c47ab96,三峰結華,P,SR,unit_2,アンティーカ,,mission,[],unknown,,https://wikiwiki.jp/shinycolors/%E3%80%90%E7%99%BD%E3%81%84%E3%83%84%E3%83%90%E3%82%B5%E3%80%91%E4%B8%89%E5%B3%B0%E7%B5%90%E8%8F%AF,observed,idol_road_sr,wiki_only,shinycolors_enza,e7270804-7dd3-4dd1-987b-8a3e15cf7c93,ba1a011a-8998-440a-bf98-d2799f41ef41,2026-10-06T16:29:54+00:00,"[""W08""]","[""first_implemented_on"",""series_status"",""collab_work""]"
v1-93a6a8b8d40e754a,1.0,2026-10-08T02:45:18+00:00,【一番星の魔法】,idol_1,櫻木真乃,P,SR,unit_1,イルミネーションスターズ,2020-11-30,event_reward,[],unknown,,https://wikiwiki.jp/shinycolors/%E3%80%90%E4%B8%80%E7%95%AA%E6%98%9F%E3%81%AE%E9%AD%94%E6%B3%95%E3%80%91%E6%AB%BB%E6%9C%A8%E7%9C%9F%E4%B9%83,observed,base,wiki_only,shinycolors_enza,e7279bea-e606-4bf5-ba42-00b4f92c288a,e7279bea-e606-4bf5-ba42-00b4f92c288a,2026-10-06T16:29:53+00:00,"[""W02""]","[""series_status"",""collab_work""]"
v1-93a6a8b8d40e754a,1.0,2026-10-08T02:45:18+00:00,【星が見上げた空】,idol_0c19be81-d3e3-4383-b5d4-0a94b290dba9,斑鳩ルカ,S,SR,unit_8,コメティック,2023-10-21,gacha_bonus,[],unknown,,https://wikiwiki.jp/shinycolors/%E3%80%90%E6%98%9F%E3%81%8C%E8%A6%8B%E4%B8%8A%E3%81%92%E3%81%9F%E7%A9%BA%E3%80%91%E6%96%91%E9%B3%A9%E3%83%AB%E3%82%AB,observed,base,wiki_only,shinycolors_enza,e7418925-9b4f-41b5-936d-b827873df56f,e7418925-9b4f-41b5-936d-b827873df56f,2026-10-06T16:29:54+00:00,"[""W03""]","[""series_status"",""collab_work""]"
v1-93a6a8b8d40e754a,1.0,2026-10-08T02:45:18+00:00,【見つけたい、だけど……】,idol_8c18b422-295c-4259-9e14-413685deb7f8,大崎甘奈,P,SR,unit_4,アルストロメリア,2020-04-20,event_reward,[],unknown,,https://wikiwiki.jp/shinycolors/%E3%80%90%E8%A6%8B%E3%81%A4%E3%81%91%E3%81%9F%E3%81%84%E3%80%81%E3%81%A0%E3%81%91%E3%81%A9%E2%80%A6%E2%80%A6%E3%80%91%E5%A4%A7%E5%B4%8E%E7%94%98%E5%A5%88,observed,base,wiki_only,shinycolors_enza,e77e95df-742f-45b4-92a7-fa398763e310,e77e95df-742f-45b4-92a7-fa398763e310,2026-10-06T16:29:53+00:00,"[""W02""]","[""series_status"",""collab_work""]"
v1-93a6a8b8d40e754a,1.0,2026-10-08T02:45:18+00:00,【COSTUME G＠LLERY】,idol_52544385-3ea1-42e6-bb47-faff2c6f9b4f,桑山千雪,S,SSR,unit_4,アルストロメリア,2026-03-13,limited_gacha,[],unknown,,https://wikiwiki.jp/shinycolors/%E3%80%90COSTUME%20G%EF%BC%A0LLERY%E3%80%91%E6%A1%91%E5%B1%B1%E5%8D%83%E9%9B%AA,observed,base,wiki_only,shinycolors_enza,e782e112-818a-4aea-9fac-e7adec52d0bd,e782e112-818a-4aea-9fac-e7adec52d0bd,2026-10-06T16:29:53+00:00,"[""W03""]","[""series_status"",""collab_work""]"
v1-93a6a8b8d40e754a,1.0,2026-10-08T02:45:18+00:00,【白いツバサ】,idol_6,田中摩美々,P,SR,unit_2,アンティーカ,,mission,[],unknown,,https://wikiwiki.jp/shinycolors/%E3%80%90%E7%99%BD%E3%81%84%E3%83%84%E3%83%90%E3%82%B5%E3%80%91%E7%94%B0%E4%B8%AD%E6%91%A9%E7%BE%8E%E3%80%85,observed,idol_road_sr,wiki_only,shinycolors_enza,e7af766e-837d-47cb-be74-b2a6ee16e5be,777f39bd-7f74-46a6-ac5a-4681a9c164ca,2026-10-06T16:29:54+00:00,"[""W08""]","[""first_implemented_on"",""series_status"",""collab_work""]"
v1-93a6a8b8d40e754a,1.0,2026-10-08T02:45:18+00:00,【白いツバサ】,idol_df07e98b-12f2-4984-b8f6-8da0a47c0cc7,小宮果穂,P,R,unit_3,放課後クライマックスガールズ,2018-04-24,permanent_gacha,[],unknown,,https://wikiwiki.jp/shinycolors/%E3%80%90%E7%99%BD%E3%81%84%E3%83%84%E3%83%90%E3%82%B5%E3%80%91%E5%B0%8F%E5%AE%AE%E6%9E%9C%E7%A9%82,observed,base,wiki_only,shinycolors_enza,e7e21594-679f-47cc-8812-87da1be4dbb8,e7e21594-679f-47cc-8812-87da1be4dbb8,2026-10-06T16:29:53+00:00,"[""W02""]","[""series_status"",""collab_work""]"
v1-93a6a8b8d40e754a,1.0,2026-10-08T02:45:18+00:00,【ビードロの翳】,idol_92b8326c-72f5-4a2e-8581-7110738045f3,有栖川夏葉,S,SSR,unit_3,放課後クライマックスガールズ,2021-07-31,limited_gacha,[],unknown,,https://wikiwiki.jp/shinycolors/%E3%80%90%E3%83%93%E3%83%BC%E3%83%89%E3%83%AD%E3%81%AE%E7%BF%B3%E3%80%91%E6%9C%89%E6%A0%96%E5%B7%9D%E5%A4%8F%E8%91%89,observed,base,wiki_only,shinycolors_enza,e805d97f-2eb3-4305-b125-7d3f6600f140,e805d97f-2eb3-4305-b125-7d3f6600f140,2026-10-06T16:29:53+00:00,"[""W03""]","[""series_status"",""collab_work""]"
v1-93a6a8b8d40e754a,1.0,2026-10-08T02:45:18+00:00,【ひととき淑女】,idol_813a7356-e821-43e7-b25f-c104ca28870d,西城樹里,S,SR,unit_3,放課後クライマックスガールズ,2025-05-20,collaboration_gacha,[],unknown,,https://wikiwiki.jp/shinycolors/%E3%80%90%E3%81%B2%E3%81%A8%E3%81%A8%E3%81%8D%E6%B7%91%E5%A5%B3%E3%80%91%E8%A5%BF%E5%9F%8E%E6%A8%B9%E9%87%8C,observed,base,wiki_only,shinycolors_enza,e8113ac1-f181-40a2-ba8f-93180ed7c329,e8113ac1-f181-40a2-ba8f-93180ed7c329,2026-10-06T16:29:53+00:00,"[""W03""]","[""series_status"",""collab_work""]"
v1-93a6a8b8d40e754a,1.0,2026-10-08T02:45:18+00:00,【エバー・リメンバー・ネバー】,idol_0e2d3420-7295-4510-929d-01bf8378e12a,風野灯織,P,SSR,unit_1,イルミネーションスターズ,2023-04-30,limited_gacha,[],unknown,,https://wikiwiki.jp/shinycolors/%E3%80%90%E3%82%A8%E3%83%90%E3%83%BC%E3%83%BB%E3%83%AA%E3%83%A1%E3%83%B3%E3%83%90%E3%83%BC%E3%83%BB%E3%83%8D%E3%83%90%E3%83%BC%E3%80%91%E9%A2%A8%E9%87%8E%E7%81%AF%E7%B9%94,observed,base,wiki_only,shinycolors_enza,e81c43bd-1ff1-497d-affb-8dbbdb32dc3f,e81c43bd-1ff1-497d-affb-8dbbdb32dc3f,2026-10-06T16:29:53+00:00,"[""W02""]","[""series_status"",""collab_work""]"
v1-93a6a8b8d40e754a,1.0,2026-10-08T02:45:18+00:00,【PANOR@MA WING 08】,idol_6874153a-a7f6-426a-98f0-815f121eeca4,緋田美琴,S,SR,unit_7,シーズ,2022-11-30,gacha_bonus,[],unknown,,https://wikiwiki.jp/shinycolors/%E3%80%90PANOR%40MA%20WING%2008%E3%80%91%E7%B7%8B%E7%94%B0%E7%BE%8E%E7%90%B4,observed,base,wiki_only,shinycolors_enza,e825ee9b-5332-4062-a9be-d7ffdfeca215,e825ee9b-5332-4062-a9be-d7ffdfeca215,2026-10-06T16:29:54+00:00,"[""W03""]","[""series_status"",""collab_work""]"
v1-93a6a8b8d40e754a,1.0,2026-10-08T02:45:18+00:00,【なんでもない夏】,idol_e5ce74fd-2caf-4c1d-a696-0b1f17f7a53e,福丸小糸,S,SSR,unit_6,ノクチル,2026-08-28,event_reward,[],unknown,,https://wikiwiki.jp/shinycolors/%E3%80%90%E3%81%AA%E3%82%93%E3%81%A7%E3%82%82%E3%81%AA%E3%81%84%E5%A4%8F%E3%80%91%E7%A6%8F%E4%B8%B8%E5%B0%8F%E7%B3%B8,observed,base,wiki_only,shinycolors_enza,e827b801-eaef-410b-a796-08907ba41636,e827b801-eaef-410b-a796-08907ba41636,2026-10-06T16:29:53+00:00,"[""W03""]","[""series_status"",""collab_work""]"
v1-93a6a8b8d40e754a,1.0,2026-10-08T02:45:18+00:00,【白いツバサ】,idol_ef328a51-2928-4d2d-a44f-5e3b92d305cf,白瀬咲耶,P,R,unit_2,アンティーカ,2018-04-24,permanent_gacha,[],unknown,,https://wikiwiki.jp/shinycolors/%E3%80%90%E7%99%BD%E3%81%84%E3%83%84%E3%83%90%E3%82%B5%E3%80%91%E7%99%BD%E7%80%AC%E5%92%B2%E8%80%B6,observed,base,wiki_only,shinycolors_enza,e8b6a869-2519-4bd2-9b4a-2429b69e0926,e8b6a869-2519-4bd2-9b4a-2429b69e0926,2026-10-06T16:29:53+00:00,"[""W02""]","[""series_status"",""collab_work""]"
v1-93a6a8b8d40e754a,1.0,2026-10-08T02:45:18+00:00,【'25Pカップランクイン】,idol_52544385-3ea1-42e6-bb47-faff2c6f9b4f,桑山千雪,S,SSR,unit_4,アルストロメリア,2025-04-15,event_reward,[],unknown,,,not_found,base,wiki_only,shinycolors_enza,e902e74d-a50f-435c-9230-473169a505c2,e902e74d-a50f-435c-9230-473169a505c2,2026-10-06T16:29:53+00:00,"[""W03""]","[""series_status"",""collab_work"",""wiki_url""]"
v1-93a6a8b8d40e754a,1.0,2026-10-08T02:45:18+00:00,【スプラッシュビート】,idol_1,櫻木真乃,S,SSR,unit_1,イルミネーションスターズ,2018-07-31,mission,[],unknown,,https://wikiwiki.jp/shinycolors/%E3%80%90%E3%82%B9%E3%83%97%E3%83%A9%E3%83%83%E3%82%B7%E3%83%A5%E3%83%93%E3%83%BC%E3%83%88%E3%80%91%E6%AB%BB%E6%9C%A8%E7%9C%9F%E4%B9%83,observed,base,wiki_only,shinycolors_enza,e921d3c7-ff9e-4480-9dfa-509f74f3973f,e921d3c7-ff9e-4480-9dfa-509f74f3973f,2026-10-06T16:33:42+00:00,"[""W03""]","[""series_status"",""collab_work""]"
v1-93a6a8b8d40e754a,1.0,2026-10-08T02:45:18+00:00,【↓ろウTea】,idol_736d3fca-9560-4156-96fc-66cc0159ea42,七草にちか,P,SSR,unit_7,シーズ,2023-01-31,limited_gacha,[],unknown,,https://wikiwiki.jp/shinycolors/%E3%80%90%E2%86%93%E3%82%8D%E3%82%A6Tea%E3%80%91%E4%B8%83%E8%8D%89%E3%81%AB%E3%81%A1%E3%81%8B,observed,base,wiki_only,shinycolors_enza,e93dfdb7-95cb-450c-b1dc-fc4cd64ebd90,e93dfdb7-95cb-450c-b1dc-fc4cd64ebd90,2026-10-06T16:29:53+00:00,"[""W02""]","[""series_status"",""collab_work""]"
v1-93a6a8b8d40e754a,1.0,2026-10-08T02:45:18+00:00,【かっとばし党の逆襲】,idol_3,浅倉透,S,SR,unit_6,ノクチル,2020-10-21,collaboration_gacha,[],unknown,,https://wikiwiki.jp/shinycolors/%E3%80%90%E3%81%8B%E3%81%A3%E3%81%A8%E3%81%B0%E3%81%97%E5%85%9A%E3%81%AE%E9%80%86%E8%A5%B2%E3%80%91%E6%B5%85%E5%80%89%E9%80%8F,observed,base,wiki_only,shinycolors_enza,e95a20b1-3b94-4cf0-a285-b2834566f8a0,e95a20b1-3b94-4cf0-a285-b2834566f8a0,2026-10-06T16:29:53+00:00,"[""W03""]","[""series_status"",""collab_work""]"
v1-93a6a8b8d40e754a,1.0,2026-10-08T02:45:18+00:00,【Fantastic Fireworks】,idol_e579db5c-0930-4984-aa40-ebe5a00e8a4f,幽谷霧子,S,SR,unit_2,アンティーカ,2024-04-20,gacha_bonus,[],unknown,,https://wikiwiki.jp/shinycolors/%E3%80%90Fantastic%20Fireworks%E3%80%91%E5%B9%BD%E8%B0%B7%E9%9C%A7%E5%AD%90,observed,base,wiki_only,shinycolors_enza,e99dcb70-5fa5-4e69-bdbd-1c5c6e3f08ed,e99dcb70-5fa5-4e69-bdbd-1c5c6e3f08ed,2026-10-06T16:29:54+00:00,"[""W03""]","[""series_status"",""collab_work""]"
v1-93a6a8b8d40e754a,1.0,2026-10-08T02:45:18+00:00,【選んでる？選ばれてる？】,idol_df07e98b-12f2-4984-b8f6-8da0a47c0cc7,小宮果穂,S,SR,unit_3,放課後クライマックスガールズ,2024-11-29,event_reward,[],unknown,,https://wikiwiki.jp/shinycolors/%E3%80%90%E9%81%B8%E3%82%93%E3%81%A7%E3%82%8B%EF%BC%9F%E9%81%B8%E3%81%B0%E3%82%8C%E3%81%A6%E3%82%8B%EF%BC%9F%E3%80%91%E5%B0%8F%E5%AE%AE%E6%9E%9C%E7%A9%82,observed,base,wiki_only,shinycolors_enza,e9d043d3-e57d-4f2c-9ac0-572e2746aa4f,e9d043d3-e57d-4f2c-9ac0-572e2746aa4f,2026-10-06T16:29:53+00:00,"[""W03""]","[""series_status"",""collab_work""]"
v1-93a6a8b8d40e754a,1.0,2026-10-08T02:45:18+00:00,【こころレイヤリング】,idol_d4177c5c-4600-4381-b5da-758f87fc23d7,八宮めぐる,P,SSR,unit_1,イルミネーションスターズ,2023-07-20,permanent_gacha,[],unknown,,https://wikiwiki.jp/shinycolors/%E3%80%90%E3%81%93%E3%81%93%E3%82%8D%E3%83%AC%E3%82%A4%E3%83%A4%E3%83%AA%E3%83%B3%E3%82%B0%E3%80%91%E5%85%AB%E5%AE%AE%E3%82%81%E3%81%90%E3%82%8B,observed,base,wiki_only,shinycolors_enza,ea1df59c-fbfe-49cd-b62d-728c4a3fdbe5,ea1df59c-fbfe-49cd-b62d-728c4a3fdbe5,2026-10-06T16:29:53+00:00,"[""W02""]","[""series_status"",""collab_work""]"
v1-93a6a8b8d40e754a,1.0,2026-10-08T02:45:18+00:00,【雪空セパレート】,idol_8c18b422-295c-4259-9e14-413685deb7f8,大崎甘奈,P,SSR,unit_4,アルストロメリア,2021-11-30,limited_gacha,[],unknown,,https://wikiwiki.jp/shinycolors/%E3%80%90%E9%9B%AA%E7%A9%BA%E3%82%BB%E3%83%91%E3%83%AC%E3%83%BC%E3%83%88%E3%80%91%E5%A4%A7%E5%B4%8E%E7%94%98%E5%A5%88,observed,base,wiki_only,shinycolors_enza,ea4e0433-2440-4e99-bd6f-6fe5d777456e,ea4e0433-2440-4e99-bd6f-6fe5d777456e,2026-10-06T16:29:53+00:00,"[""W02""]","[""series_status"",""collab_work""]"
v1-93a6a8b8d40e754a,1.0,2026-10-08T02:45:18+00:00,【甜der Dream Show】,idol_b1cc8f6f-feab-4add-b5d9-d8777add7f60,大崎甜花,P,SSR,unit_4,アルストロメリア,2024-07-09,permanent_gacha,[],unknown,,https://wikiwiki.jp/shinycolors/%E3%80%90%E7%94%9Cder%20Dream%20Show%E3%80%91%E5%A4%A7%E5%B4%8E%E7%94%9C%E8%8A%B1,observed,base,wiki_only,shinycolors_enza,eaa3944f-a33c-4ac0-8fd0-39662cc5e43d,eaa3944f-a33c-4ac0-8fd0-39662cc5e43d,2026-10-06T16:29:53+00:00,"[""W02""]","[""series_status"",""collab_work""]"
v1-93a6a8b8d40e754a,1.0,2026-10-08T02:45:18+00:00,【ふれんど日和】,idol_51651b60-7996-412b-bd16-5c1c3f3faebf,杜野凛世,S,SSR,unit_3,放課後クライマックスガールズ,2018-04-24,permanent_gacha,[],unknown,,https://wikiwiki.jp/shinycolors/%E3%80%90%E3%81%B5%E3%82%8C%E3%82%93%E3%81%A9%E6%97%A5%E5%92%8C%E3%80%91%E6%9D%9C%E9%87%8E%E5%87%9B%E4%B8%96,observed,base,wiki_only,shinycolors_enza,eaa70891-c337-406c-b4db-276356c412db,eaa70891-c337-406c-b4db-276356c412db,2026-10-06T16:29:53+00:00,"[""W03""]","[""series_status"",""collab_work""]"
v1-93a6a8b8d40e754a,1.0,2026-10-08T02:45:18+00:00,【XXX= S/N-GUL4R1TY】,idol_3c398182-7760-439e-8c77-3c09d173aa4c,芹沢あさひ,S,SSR,unit_5,ストレイライト,2026-04-12,gacha_bonus,[],unknown,,https://wikiwiki.jp/shinycolors/%E3%80%90XXX%3D%20S%EF%BC%8FN-GUL4R1TY%E3%80%91%E8%8A%B9%E6%B2%A2%E3%81%82%E3%81%95%E3%81%B2,observed,base,wiki_only,shinycolors_enza,eab45593-e0d8-4652-9b73-8a964debc686,eab45593-e0d8-4652-9b73-8a964debc686,2026-10-06T16:29:53+00:00,"[""W03""]","[""series_status"",""collab_work""]"
v1-93a6a8b8d40e754a,1.0,2026-10-08T02:45:18+00:00,【アイドルロード】,idol_ef328a51-2928-4d2d-a44f-5e3b92d305cf,白瀬咲耶,P,SSR,unit_2,アンティーカ,,mission,[],unknown,,https://wikiwiki.jp/shinycolors/%E3%80%90%E7%99%BD%E3%81%84%E3%83%84%E3%83%90%E3%82%B5%E3%80%91%E7%99%BD%E7%80%AC%E5%92%B2%E8%80%B6,observed,idol_road_ssr,wiki_only,shinycolors_enza,eb7c85c1-d94c-49a7-a95d-1c17c9e1f3cf,e8b6a869-2519-4bd2-9b4a-2429b69e0926,2026-10-06T16:29:54+00:00,"[""W08""]","[""first_implemented_on"",""series_status"",""collab_work""]"
v1-93a6a8b8d40e754a,1.0,2026-10-08T02:45:18+00:00,【アイドルのたまご】,idol_6,田中摩美々,S,N,unit_2,アンティーカ,2018-04-24,initial,[],unknown,,https://wikiwiki.jp/shinycolors/%E3%80%90%E3%82%A2%E3%82%A4%E3%83%89%E3%83%AB%E3%81%AE%E3%81%9F%E3%81%BE%E3%81%94%E3%80%91%E7%94%B0%E4%B8%AD%E6%91%A9%E7%BE%8E%E3%80%85,observed,base,wiki_only,shinycolors_enza,eb7cb930-8c24-4640-b04f-9f103bd63b69,eb7cb930-8c24-4640-b04f-9f103bd63b69,2026-10-06T16:29:54+00:00,"[""W03""]","[""series_status"",""collab_work""]"
v1-93a6a8b8d40e754a,1.0,2026-10-08T02:45:18+00:00,【シュカのまにまに】,idol_d4177c5c-4600-4381-b5da-758f87fc23d7,八宮めぐる,P,SSR,unit_1,イルミネーションスターズ,2019-06-20,permanent_gacha,[],unknown,,https://wikiwiki.jp/shinycolors/%E3%80%90%E3%82%B7%E3%83%A5%E3%82%AB%E3%81%AE%E3%81%BE%E3%81%AB%E3%81%BE%E3%81%AB%E3%80%91%E5%85%AB%E5%AE%AE%E3%82%81%E3%81%90%E3%82%8B,observed,base,wiki_only,shinycolors_enza,eb8d8878-8f1d-405c-a344-8c79f9b3c166,eb8d8878-8f1d-405c-a344-8c79f9b3c166,2026-10-06T16:29:53+00:00,"[""W02""]","[""series_status"",""collab_work""]"
v1-93a6a8b8d40e754a,1.0,2026-10-08T02:45:18+00:00,【Merry】,idol_2,樋口円香,P,SSR,unit_6,ノクチル,2022-12-09,collection_gacha,"[""twilights""]",known,,https://wikiwiki.jp/shinycolors/%E3%80%90Merry%E3%80%91%E6%A8%8B%E5%8F%A3%E5%86%86%E9%A6%99,observed,base,wiki_only,shinycolors_enza,eb9ced8c-8131-449f-ac32-c64d2a3880fb,eb9ced8c-8131-449f-ac32-c64d2a3880fb,2026-10-06T16:29:53+00:00,"[""W02""]","[""collab_work""]"
v1-93a6a8b8d40e754a,1.0,2026-10-08T02:45:18+00:00,【3人だけのフォーメーション】,idol_1,櫻木真乃,S,SR,unit_1,イルミネーションスターズ,2024-05-04,campaign,[],unknown,,https://wikiwiki.jp/shinycolors/%E3%80%903%E4%BA%BA%E3%81%A0%E3%81%91%E3%81%AE%E3%83%95%E3%82%A9%E3%83%BC%E3%83%A1%E3%83%BC%E3%82%B7%E3%83%A7%E3%83%B3%E3%80%91%E6%AB%BB%E6%9C%A8%E7%9C%9F%E4%B9%83,observed,base,wiki_only,shinycolors_enza,ebf08aa4-56a9-4e34-93f7-921e191c5d96,ebf08aa4-56a9-4e34-93f7-921e191c5d96,2026-10-06T16:29:54+00:00,"[""W03""]","[""series_status"",""collab_work""]"
v1-93a6a8b8d40e754a,1.0,2026-10-08T02:45:18+00:00,【お日様染めのマリーナ】,idol_b1cc8f6f-feab-4add-b5d9-d8777add7f60,大崎甜花,P,SR,unit_4,アルストロメリア,2019-01-31,permanent_gacha,[],unknown,,https://wikiwiki.jp/shinycolors/%E3%80%90%E3%81%8A%E6%97%A5%E6%A7%98%E6%9F%93%E3%82%81%E3%81%AE%E3%83%9E%E3%83%AA%E3%83%BC%E3%83%8A%E3%80%91%E5%A4%A7%E5%B4%8E%E7%94%9C%E8%8A%B1,observed,base,wiki_only,shinycolors_enza,ec385f07-75b1-4887-bb32-0ea96188c7b4,ec385f07-75b1-4887-bb32-0ea96188c7b4,2026-10-06T16:29:53+00:00,"[""W02""]","[""series_status"",""collab_work""]"
v1-93a6a8b8d40e754a,1.0,2026-10-08T02:45:18+00:00,【アーリー・ナチュラリィ】,idol_6,田中摩美々,S,SR,unit_2,アンティーカ,2018-05-21,event_reward,[],unknown,,https://wikiwiki.jp/shinycolors/%E3%80%90%E3%82%A2%E3%83%BC%E3%83%AA%E3%83%BC%E3%83%BB%E3%83%8A%E3%83%81%E3%83%A5%E3%83%A9%E3%83%AA%E3%82%A3%E3%80%91%E7%94%B0%E4%B8%AD%E6%91%A9%E7%BE%8E%E3%80%85,observed,base,wiki_only,shinycolors_enza,ec5af465-7c07-423d-b601-6f4e5e236ba0,ec5af465-7c07-423d-b601-6f4e5e236ba0,2026-10-06T16:29:53+00:00,"[""W03""]","[""series_status"",""collab_work""]"
v1-93a6a8b8d40e754a,1.0,2026-10-08T02:45:18+00:00,【雨・雨・電・電】,idol_e579db5c-0930-4984-aa40-ebe5a00e8a4f,幽谷霧子,P,SR,unit_2,アンティーカ,2021-06-21,event_reward,[],unknown,,https://wikiwiki.jp/shinycolors/%E3%80%90%E9%9B%A8%E3%83%BB%E9%9B%A8%E3%83%BB%E9%9B%BB%E3%83%BB%E9%9B%BB%E3%80%91%E5%B9%BD%E8%B0%B7%E9%9C%A7%E5%AD%90,observed,base,wiki_only,shinycolors_enza,ec8674e9-dcef-473c-bded-cd3f8973cc71,ec8674e9-dcef-473c-bded-cd3f8973cc71,2026-10-06T16:29:53+00:00,"[""W02""]","[""series_status"",""collab_work""]"
v1-93a6a8b8d40e754a,1.0,2026-10-08T02:45:18+00:00,"【B!c,Cib】",idol_72d6d5b6-dc2b-4e7c-90be-eb4770ba589b,市川雛菜,P,SSR,unit_6,ノクチル,2026-08-19,collection_gacha,"[""twilights""]",known,,https://wikiwiki.jp/shinycolors/%E3%80%90B%21c%2CCib%E3%80%91%E5%B8%82%E5%B7%9D%E9%9B%9B%E8%8F%9C,observed,base,wiki_only,shinycolors_enza,ed4fb3a5-c967-49ea-8a63-c0d10f8fc7d0,ed4fb3a5-c967-49ea-8a63-c0d10f8fc7d0,2026-10-06T16:29:52+00:00,"[""W02""]","[""collab_work""]"
v1-93a6a8b8d40e754a,1.0,2026-10-08T02:45:18+00:00,【窓をあけて】,idol_e5ce74fd-2caf-4c1d-a696-0b1f17f7a53e,福丸小糸,P,SSR,unit_6,ノクチル,2024-11-08,permanent_gacha,[],unknown,,https://wikiwiki.jp/shinycolors/%E3%80%90%E7%AA%93%E3%82%92%E3%81%82%E3%81%91%E3%81%A6%E3%80%91%E7%A6%8F%E4%B8%B8%E5%B0%8F%E7%B3%B8,observed,base,wiki_only,shinycolors_enza,ed50b50a-16c8-4d85-9cbe-ca4280a8f85f,ed50b50a-16c8-4d85-9cbe-ca4280a8f85f,2026-10-06T16:29:53+00:00,"[""W02""]","[""series_status"",""collab_work""]"
v1-93a6a8b8d40e754a,1.0,2026-10-08T02:45:18+00:00,【夏は来ぬ】,idol_92b8326c-72f5-4a2e-8581-7110738045f3,有栖川夏葉,P,SSR,unit_3,放課後クライマックスガールズ,2021-04-30,limited_gacha,[],unknown,,https://wikiwiki.jp/shinycolors/%E3%80%90%E5%A4%8F%E3%81%AF%E6%9D%A5%E3%81%AC%E3%80%91%E6%9C%89%E6%A0%96%E5%B7%9D%E5%A4%8F%E8%91%89,observed,base,wiki_only,shinycolors_enza,ed821fb0-0556-44a5-b717-26bd18eaeb04,ed821fb0-0556-44a5-b717-26bd18eaeb04,2026-10-06T16:29:53+00:00,"[""W02""]","[""series_status"",""collab_work""]"
v1-93a6a8b8d40e754a,1.0,2026-10-08T02:45:18+00:00,【西園宮 凛葉】,idol_df07e98b-12f2-4984-b8f6-8da0a47c0cc7,小宮果穂,S,SR,unit_3,放課後クライマックスガールズ,2026-04-01,gacha_bonus,[],unknown,,,not_found,base,wiki_only,shinycolors_enza,ed8bdee4-ae7f-497a-9467-dac7fdfb8e72,ed8bdee4-ae7f-497a-9467-dac7fdfb8e72,2026-10-06T16:29:53+00:00,"[""W03""]","[""series_status"",""collab_work"",""wiki_url""]"
v1-93a6a8b8d40e754a,1.0,2026-10-08T02:45:18+00:00,【映す光】,idol_81093365-1df1-4e6c-a252-27625c47ab96,三峰結華,P,SSR,unit_2,アンティーカ,2025-12-08,collection_gacha,"[""twilights""]",known,,https://wikiwiki.jp/shinycolors/%E3%80%90%E6%98%A0%E3%81%99%E5%85%89%E3%80%91%E4%B8%89%E5%B3%B0%E7%B5%90%E8%8F%AF,observed,base,wiki_only,shinycolors_enza,eda676e9-e462-4cdb-8dde-9f4cfb5e8cf1,eda676e9-e462-4cdb-8dde-9f4cfb5e8cf1,2026-10-06T16:29:53+00:00,"[""W02""]","[""collab_work""]"
v1-93a6a8b8d40e754a,1.0,2026-10-08T02:45:18+00:00,【きみと巡り行く】,idol_1,櫻木真乃,P,SSR,unit_1,イルミネーションスターズ,2022-11-10,permanent_gacha,[],unknown,,https://wikiwiki.jp/shinycolors/%E3%80%90%E3%81%8D%E3%81%BF%E3%81%A8%E5%B7%A1%E3%82%8A%E8%A1%8C%E3%81%8F%E3%80%91%E6%AB%BB%E6%9C%A8%E7%9C%9F%E4%B9%83,observed,base,wiki_only,shinycolors_enza,ee08262f-3424-4b8c-b294-c56a4240233c,ee08262f-3424-4b8c-b294-c56a4240233c,2026-10-06T16:29:53+00:00,"[""W02""]","[""series_status"",""collab_work""]"
v1-93a6a8b8d40e754a,1.0,2026-10-08T02:45:18+00:00,【お弁当と未来】,idol_0e2d3420-7295-4510-929d-01bf8378e12a,風野灯織,P,SSR,unit_1,イルミネーションスターズ,2025-10-30,collection_gacha,"[""casting""]",known,,https://wikiwiki.jp/shinycolors/%E3%80%90%E3%81%8A%E5%BC%81%E5%BD%93%E3%81%A8%E6%9C%AA%E6%9D%A5%E3%80%91%E9%A2%A8%E9%87%8E%E7%81%AF%E7%B9%94,observed,base,wiki_only,shinycolors_enza,ee168299-9a17-40b6-868c-24130ad54d55,ee168299-9a17-40b6-868c-24130ad54d55,2026-10-06T16:29:53+00:00,"[""W02""]","[""collab_work""]"
v1-93a6a8b8d40e754a,1.0,2026-10-08T02:45:18+00:00,【お目当てはいずこ】,idol_e5ce74fd-2caf-4c1d-a696-0b1f17f7a53e,福丸小糸,S,SSR,unit_6,ノクチル,2026-03-09,limited_gacha,[],unknown,,https://wikiwiki.jp/shinycolors/%E3%80%90%E3%81%8A%E7%9B%AE%E5%BD%93%E3%81%A6%E3%81%AF%E3%81%84%E3%81%9A%E3%81%93%E3%80%91%E7%A6%8F%E4%B8%B8%E5%B0%8F%E7%B3%B8,observed,base,wiki_only,shinycolors_enza,ee185212-6601-41f1-bc61-3edea893a3a9,ee185212-6601-41f1-bc61-3edea893a3a9,2026-10-06T16:29:53+00:00,"[""W03""]","[""series_status"",""collab_work""]"
v1-93a6a8b8d40e754a,1.0,2026-10-08T02:45:18+00:00,【Brilliant Blooms】,idol_2,樋口円香,S,SR,unit_6,ノクチル,2024-03-02,gacha_bonus,[],unknown,,https://wikiwiki.jp/shinycolors/%E3%80%90Brilliant%20Blooms%E3%80%91%E6%A8%8B%E5%8F%A3%E5%86%86%E9%A6%99,observed,base,wiki_only,shinycolors_enza,ee3e09b5-3af6-46fa-8bdd-638a39ab8da0,ee3e09b5-3af6-46fa-8bdd-638a39ab8da0,2026-10-06T16:29:54+00:00,"[""W03""]","[""series_status"",""collab_work""]"
v1-93a6a8b8d40e754a,1.0,2026-10-08T02:45:18+00:00,【虹の行方】,idol_d4177c5c-4600-4381-b5da-758f87fc23d7,八宮めぐる,S,SSR,unit_1,イルミネーションスターズ,2025-12-15,limited_gacha,[],unknown,,https://wikiwiki.jp/shinycolors/%E3%80%90%E8%99%B9%E3%81%AE%E8%A1%8C%E6%96%B9%E3%80%91%E5%85%AB%E5%AE%AE%E3%82%81%E3%81%90%E3%82%8B,observed,base,wiki_only,shinycolors_enza,ee72ebbb-7885-41d4-b83d-0872c13ea30c,ee72ebbb-7885-41d4-b83d-0872c13ea30c,2026-10-06T16:29:53+00:00,"[""W03""]","[""series_status"",""collab_work""]"
v1-93a6a8b8d40e754a,1.0,2026-10-08T02:45:18+00:00,【COSTUME GALLERY】,idol_81093365-1df1-4e6c-a252-27625c47ab96,三峰結華,S,SR,unit_2,アンティーカ,2025-03-22,gacha_bonus,[],unknown,,,not_found,base,wiki_only,shinycolors_enza,ee8ba5de-f2a2-4807-affb-161e42143158,ee8ba5de-f2a2-4807-affb-161e42143158,2026-10-06T16:29:53+00:00,"[""W03""]","[""series_status"",""collab_work"",""wiki_url""]"
v1-93a6a8b8d40e754a,1.0,2026-10-08T02:45:18+00:00,【凛世花伝】,idol_51651b60-7996-412b-bd16-5c1c3f3faebf,杜野凛世,P,SSR,unit_3,放課後クライマックスガールズ,2019-03-22,permanent_gacha,[],unknown,,https://wikiwiki.jp/shinycolors/%E3%80%90%E5%87%9B%E4%B8%96%E8%8A%B1%E4%BC%9D%E3%80%91%E6%9D%9C%E9%87%8E%E5%87%9B%E4%B8%96,observed,base,wiki_only,shinycolors_enza,eebc9025-c4c7-422f-b85b-513f1f229fe9,eebc9025-c4c7-422f-b85b-513f1f229fe9,2026-10-06T16:29:53+00:00,"[""W02""]","[""series_status"",""collab_work""]"
v1-93a6a8b8d40e754a,1.0,2026-10-08T02:45:18+00:00,【283プロのヒナ】,idol_a2f858c3-da6e-4d6f-b777-5367a2671399,黛冬優子,S,R,unit_5,ストレイライト,2019-04-12,permanent_gacha,[],unknown,,https://wikiwiki.jp/shinycolors/%E3%80%90283%E3%83%97%E3%83%AD%E3%81%AE%E3%83%92%E3%83%8A%E3%80%91%E9%BB%9B%E5%86%AC%E5%84%AA%E5%AD%90,observed,base,wiki_only,shinycolors_enza,eeda7d77-5171-49a3-b67e-8c25698b40b9,eeda7d77-5171-49a3-b67e-8c25698b40b9,2026-10-06T16:29:54+00:00,"[""W03""]","[""series_status"",""collab_work""]"
v1-93a6a8b8d40e754a,1.0,2026-10-08T02:45:18+00:00,【cheer+】,idol_92b8326c-72f5-4a2e-8581-7110738045f3,有栖川夏葉,P,SSR,unit_3,放課後クライマックスガールズ,2020-08-31,limited_gacha,[],unknown,,https://wikiwiki.jp/shinycolors/%E3%80%90cheer%2B%E3%80%91%E6%9C%89%E6%A0%96%E5%B7%9D%E5%A4%8F%E8%91%89,observed,base,wiki_only,shinycolors_enza,ef2aca8d-9d14-48a0-8669-3d44b15c62d6,ef2aca8d-9d14-48a0-8669-3d44b15c62d6,2026-10-06T16:29:53+00:00,"[""W02""]","[""series_status"",""collab_work""]"
v1-93a6a8b8d40e754a,1.0,2026-10-08T02:45:18+00:00,【フローラル・レミニセンス】,idol_6,田中摩美々,S,SSR,unit_2,アンティーカ,2025-05-24,limited_gacha,"[""birthday""]",known,,https://wikiwiki.jp/shinycolors/%E3%80%90%E3%83%95%E3%83%AD%E3%83%BC%E3%83%A9%E3%83%AB%E3%83%BB%E3%83%AC%E3%83%9F%E3%83%8B%E3%82%BB%E3%83%B3%E3%82%B9%E3%80%91%E7%94%B0%E4%B8%AD%E6%91%A9%E7%BE%8E%E3%80%85,observed,base,wiki_only,shinycolors_enza,ef2f2f2f-e3ec-47fd-b036-645f27a2f07f,ef2f2f2f-e3ec-47fd-b036-645f27a2f07f,2026-10-06T16:29:53+00:00,"[""W03""]","[""collab_work""]"
v1-93a6a8b8d40e754a,1.0,2026-10-08T02:45:18+00:00,【福はうち】,idol_e5ce74fd-2caf-4c1d-a696-0b1f17f7a53e,福丸小糸,P,SR,unit_6,ノクチル,2023-02-19,event_reward,[],unknown,,https://wikiwiki.jp/shinycolors/%E3%80%90%E7%A6%8F%E3%81%AF%E3%81%86%E3%81%A1%E3%80%91%E7%A6%8F%E4%B8%B8%E5%B0%8F%E7%B3%B8,observed,base,wiki_only,shinycolors_enza,ef9ab2b0-b85a-4517-ad96-308416c605d8,ef9ab2b0-b85a-4517-ad96-308416c605d8,2026-10-06T16:29:53+00:00,"[""W02""]","[""series_status"",""collab_work""]"
v1-93a6a8b8d40e754a,1.0,2026-10-08T02:45:18+00:00,【白いツバサ】,idol_a2f858c3-da6e-4d6f-b777-5367a2671399,黛冬優子,P,R,unit_5,ストレイライト,2019-04-05,permanent_gacha,[],unknown,,https://wikiwiki.jp/shinycolors/%E3%80%90%E7%99%BD%E3%81%84%E3%83%84%E3%83%90%E3%82%B5%E3%80%91%E9%BB%9B%E5%86%AC%E5%84%AA%E5%AD%90,observed,base,wiki_only,shinycolors_enza,efcbe7f5-8f8e-4488-86cd-383ac93508a2,efcbe7f5-8f8e-4488-86cd-383ac93508a2,2026-10-06T16:29:53+00:00,"[""W02""]","[""series_status"",""collab_work""]"
v1-93a6a8b8d40e754a,1.0,2026-10-08T02:45:18+00:00,【U♥DOLL】,idol_b1cc8f6f-feab-4add-b5d9-d8777add7f60,大崎甜花,P,SR,unit_4,アルストロメリア,2022-05-20,event_reward,[],unknown,,https://wikiwiki.jp/shinycolors/%E3%80%90U%E2%99%A5DOLL%E3%80%91%E5%A4%A7%E5%B4%8E%E7%94%9C%E8%8A%B1,observed,base,wiki_only,shinycolors_enza,efde7cf4-074a-4af3-baf6-0e1dbe711c4c,efde7cf4-074a-4af3-baf6-0e1dbe711c4c,2026-10-06T16:29:53+00:00,"[""W02""]","[""series_status"",""collab_work""]"
v1-93a6a8b8d40e754a,1.0,2026-10-08T02:45:18+00:00,【騎士団のヴェール】,idol_e579db5c-0930-4984-aa40-ebe5a00e8a4f,幽谷霧子,S,SSR,unit_2,アンティーカ,2025-12-27,gacha_bonus,[],unknown,,https://wikiwiki.jp/shinycolors/%E3%80%90%E9%A8%8E%E5%A3%AB%E5%9B%A3%E3%81%AE%E3%83%B4%E3%82%A7%E3%83%BC%E3%83%AB%E3%80%91%E5%B9%BD%E8%B0%B7%E9%9C%A7%E5%AD%90,observed,base,wiki_only,shinycolors_enza,efff8896-625c-4d7d-bc86-8783a9aea611,efff8896-625c-4d7d-bc86-8783a9aea611,2026-10-06T16:29:53+00:00,"[""W03""]","[""series_status"",""collab_work""]"
v1-93a6a8b8d40e754a,1.0,2026-10-08T02:45:18+00:00,【フルスロットルエイジ！】,idol_df07e98b-12f2-4984-b8f6-8da0a47c0cc7,小宮果穂,P,SSR,unit_3,放課後クライマックスガールズ,2021-10-12,permanent_gacha,[],unknown,,https://wikiwiki.jp/shinycolors/%E3%80%90%E3%83%95%E3%83%AB%E3%82%B9%E3%83%AD%E3%83%83%E3%83%88%E3%83%AB%E3%82%A8%E3%82%A4%E3%82%B8%EF%BC%81%E3%80%91%E5%B0%8F%E5%AE%AE%E6%9E%9C%E7%A9%82,observed,base,wiki_only,shinycolors_enza,f005eab6-f6d5-450a-b5af-a878f0e7a3fa,f005eab6-f6d5-450a-b5af-a878f0e7a3fa,2026-10-06T16:29:53+00:00,"[""W02""]","[""series_status"",""collab_work""]"
v1-93a6a8b8d40e754a,1.0,2026-10-08T02:45:18+00:00,【白いツバサ】,idol_1,櫻木真乃,P,R,unit_1,イルミネーションスターズ,2018-04-24,permanent_gacha,[],unknown,,https://wikiwiki.jp/shinycolors/%E3%80%90%E7%99%BD%E3%81%84%E3%83%84%E3%83%90%E3%82%B5%E3%80%91%E6%AB%BB%E6%9C%A8%E7%9C%9F%E4%B9%83,observed,base,wiki_only,shinycolors_enza,f1043dab-f520-4e7c-91d2-0fe3275061d5,f1043dab-f520-4e7c-91d2-0fe3275061d5,2026-10-06T16:29:53+00:00,"[""W02""]","[""series_status"",""collab_work""]"
v1-93a6a8b8d40e754a,1.0,2026-10-08T02:45:18+00:00,【ナチュラルモード】,idol_1,櫻木真乃,P,SR,unit_1,イルミネーションスターズ,2018-05-21,event_reward,[],unknown,,https://wikiwiki.jp/shinycolors/%E3%80%90%E3%83%8A%E3%83%81%E3%83%A5%E3%83%A9%E3%83%AB%E3%83%A2%E3%83%BC%E3%83%89%E3%80%91%E6%AB%BB%E6%9C%A8%E7%9C%9F%E4%B9%83,observed,base,wiki_only,shinycolors_enza,f1241cbf-5a78-4466-8e8e-8bab5e31fbbe,f1241cbf-5a78-4466-8e8e-8bab5e31fbbe,2026-10-06T16:29:53+00:00,"[""W02""]","[""series_status"",""collab_work""]"
v1-93a6a8b8d40e754a,1.0,2026-10-08T02:45:18+00:00,【かしゃーんとがらがら】,idol_3c398182-7760-439e-8c77-3c09d173aa4c,芹沢あさひ,P,SR,unit_5,ストレイライト,2019-09-20,event_reward,[],unknown,,https://wikiwiki.jp/shinycolors/%E3%80%90%E3%81%8B%E3%81%97%E3%82%83%E3%83%BC%E3%82%93%E3%81%A8%E3%81%8C%E3%82%89%E3%81%8C%E3%82%89%E3%80%91%E8%8A%B9%E6%B2%A2%E3%81%82%E3%81%95%E3%81%B2,observed,base,wiki_only,shinycolors_enza,f126b037-5d93-42d3-bc7b-13df674515cd,f126b037-5d93-42d3-bc7b-13df674515cd,2026-10-06T16:29:53+00:00,"[""W02""]","[""series_status"",""collab_work""]"
v1-93a6a8b8d40e754a,1.0,2026-10-08T02:45:18+00:00,【ROOKIE!】,idol_72d6d5b6-dc2b-4e7c-90be-eb4770ba589b,市川雛菜,S,SSR,unit_6,ノクチル,2020-06-30,limited_gacha,[],unknown,,https://wikiwiki.jp/shinycolors/%E3%80%90ROOKIE%21%E3%80%91%E5%B8%82%E5%B7%9D%E9%9B%9B%E8%8F%9C,observed,base,wiki_only,shinycolors_enza,f14bbabb-538c-4214-9119-60650d97c147,f14bbabb-538c-4214-9119-60650d97c147,2026-10-06T16:29:53+00:00,"[""W03""]","[""series_status"",""collab_work""]"
v1-93a6a8b8d40e754a,1.0,2026-10-08T02:45:18+00:00,【奏・奏・綺・羅】,idol_e579db5c-0930-4984-aa40-ebe5a00e8a4f,幽谷霧子,S,SSR,unit_2,アンティーカ,2022-06-30,exchange,[],unknown,,https://wikiwiki.jp/shinycolors/%E3%80%90%E5%A5%8F%E3%83%BB%E5%A5%8F%E3%83%BB%E7%B6%BA%E3%83%BB%E7%BE%85%E3%80%91%E5%B9%BD%E8%B0%B7%E9%9C%A7%E5%AD%90,observed,base,wiki_only,shinycolors_enza,f17827d7-c02e-4ae0-a386-f11a0952636a,f17827d7-c02e-4ae0-a386-f11a0952636a,2026-10-06T16:29:53+00:00,"[""W03""]","[""series_status"",""collab_work""]"
v1-93a6a8b8d40e754a,1.0,2026-10-08T02:45:18+00:00,【YOU＆I】,idol_6874153a-a7f6-426a-98f0-815f121eeca4,緋田美琴,P,SSR,unit_7,シーズ,2024-03-23,collection_gacha,"[""mysongs""]",known,,https://wikiwiki.jp/shinycolors/%E3%80%90YOU%EF%BC%86I%E3%80%91%E7%B7%8B%E7%94%B0%E7%BE%8E%E7%90%B4,observed,base,wiki_only,shinycolors_enza,f1903b76-199d-42b8-9d39-f750695b2bcb,f1903b76-199d-42b8-9d39-f750695b2bcb,2026-10-06T16:29:53+00:00,"[""W02""]","[""collab_work""]"
v1-93a6a8b8d40e754a,1.0,2026-10-08T02:45:18+00:00,【一夏・泡沫・ギフテッド】,idol_81093365-1df1-4e6c-a252-27625c47ab96,三峰結華,S,SSR,unit_2,アンティーカ,2023-08-21,collection_gacha,"[""twilights""]",known,,https://wikiwiki.jp/shinycolors/%E3%80%90%E4%B8%80%E5%A4%8F%E3%83%BB%E6%B3%A1%E6%B2%AB%E3%83%BB%E3%82%AE%E3%83%95%E3%83%86%E3%83%83%E3%83%89%E3%80%91%E4%B8%89%E5%B3%B0%E7%B5%90%E8%8F%AF,observed,base,wiki_only,shinycolors_enza,f1ddd3cc-6c79-4fc5-b3dd-7e62a4f54f06,f1ddd3cc-6c79-4fc5-b3dd-7e62a4f54f06,2026-10-06T16:29:53+00:00,"[""W03""]","[""collab_work""]"
v1-93a6a8b8d40e754a,1.0,2026-10-08T02:45:18+00:00,【冬街イルミネート】,idol_1,櫻木真乃,S,SSR,unit_1,イルミネーションスターズ,2018-12-14,mission,[],unknown,,https://wikiwiki.jp/shinycolors/%E3%80%90%E5%86%AC%E8%A1%97%E3%82%A4%E3%83%AB%E3%83%9F%E3%83%8D%E3%83%BC%E3%83%88%E3%80%91%E6%AB%BB%E6%9C%A8%E7%9C%9F%E4%B9%83,observed,base,wiki_only,shinycolors_enza,f21048a0-4417-4315-885a-8e1b9d63dfba,f21048a0-4417-4315-885a-8e1b9d63dfba,2026-10-06T16:33:42+00:00,"[""W03""]","[""series_status"",""collab_work""]"
v1-93a6a8b8d40e754a,1.0,2026-10-08T02:45:18+00:00,【スローリー・メモリー】,idol_d4177c5c-4600-4381-b5da-758f87fc23d7,八宮めぐる,S,SR,unit_1,イルミネーションスターズ,2021-10-12,event_reward,[],unknown,,https://wikiwiki.jp/shinycolors/%E3%80%90%E3%82%B9%E3%83%AD%E3%83%BC%E3%83%AA%E3%83%BC%E3%83%BB%E3%83%A1%E3%83%A2%E3%83%AA%E3%83%BC%E3%80%91%E5%85%AB%E5%AE%AE%E3%82%81%E3%81%90%E3%82%8B,observed,base,wiki_only,shinycolors_enza,f24f9021-023e-4784-b49d-be59f4988696,f24f9021-023e-4784-b49d-be59f4988696,2026-10-06T16:29:53+00:00,"[""W03""]","[""series_status"",""collab_work""]"
v1-93a6a8b8d40e754a,1.0,2026-10-08T02:45:18+00:00,【途方もない午後】,idol_3,浅倉透,P,SSR,unit_6,ノクチル,2020-06-30,limited_gacha,[],unknown,,https://wikiwiki.jp/shinycolors/%E3%80%90%E9%80%94%E6%96%B9%E3%82%82%E3%81%AA%E3%81%84%E5%8D%88%E5%BE%8C%E3%80%91%E6%B5%85%E5%80%89%E9%80%8F,observed,base,wiki_only,shinycolors_enza,f2d8efed-e3c7-4032-9ea3-1c29e3d20ad8,f2d8efed-e3c7-4032-9ea3-1c29e3d20ad8,2026-10-06T16:29:53+00:00,"[""W02""]","[""series_status"",""collab_work""]"
v1-93a6a8b8d40e754a,1.0,2026-10-08T02:45:18+00:00,【月へようこそ】,idol_1,櫻木真乃,S,SR,unit_1,イルミネーションスターズ,2024-03-21,collaboration_gacha,[],unknown,,https://wikiwiki.jp/shinycolors/%E3%80%90%E6%9C%88%E3%81%B8%E3%82%88%E3%81%86%E3%81%93%E3%81%9D%E3%80%91%E6%AB%BB%E6%9C%A8%E7%9C%9F%E4%B9%83,observed,base,wiki_only,shinycolors_enza,f322d1bc-6459-471f-9f60-3c18458930ac,f322d1bc-6459-471f-9f60-3c18458930ac,2026-10-06T16:29:53+00:00,"[""W03""]","[""series_status"",""collab_work""]"
v1-93a6a8b8d40e754a,1.0,2026-10-08T02:45:18+00:00,【末永く、ふたり】,idol_52544385-3ea1-42e6-bb47-faff2c6f9b4f,桑山千雪,P,SSR,unit_4,アルストロメリア,2025-10-30,collection_gacha,"[""casting""]",known,,https://wikiwiki.jp/shinycolors/%E3%80%90%E6%9C%AB%E6%B0%B8%E3%81%8F%E3%80%81%E3%81%B5%E3%81%9F%E3%82%8A%E3%80%91%E6%A1%91%E5%B1%B1%E5%8D%83%E9%9B%AA,observed,base,wiki_only,shinycolors_enza,f36d602c-17e3-48e8-b5dd-5e083c32a708,f36d602c-17e3-48e8-b5dd-5e083c32a708,2026-10-06T16:29:53+00:00,"[""W02""]","[""collab_work""]"
v1-93a6a8b8d40e754a,1.0,2026-10-08T02:45:18+00:00,【あなた様へ紡ぐ】,idol_e5ce74fd-2caf-4c1d-a696-0b1f17f7a53e,福丸小糸,P,SSR,unit_6,ノクチル,2024-01-12,collection_gacha,"[""twilights""]",known,,https://wikiwiki.jp/shinycolors/%E3%80%90%E3%81%82%E3%81%AA%E3%81%9F%E6%A7%98%E3%81%B8%E7%B4%A1%E3%81%90%E3%80%91%E7%A6%8F%E4%B8%B8%E5%B0%8F%E7%B3%B8,observed,base,wiki_only,shinycolors_enza,f3a8ebe4-1a40-47dd-9062-8356c7680a76,f3a8ebe4-1a40-47dd-9062-8356c7680a76,2026-10-06T16:29:53+00:00,"[""W02""]","[""collab_work""]"
v1-93a6a8b8d40e754a,1.0,2026-10-08T02:45:18+00:00,【思いがけず、ジェラシー】,idol_e91e6363-2dc9-42c1-bbf1-a759e797c2d1,月岡恋鐘,P,SSR,unit_2,アンティーカ,2025-12-17,collection_gacha,"[""casting""]",known,,https://wikiwiki.jp/shinycolors/%E3%80%90%E6%80%9D%E3%81%84%E3%81%8C%E3%81%91%E3%81%9A%E3%80%81%E3%82%B8%E3%82%A7%E3%83%A9%E3%82%B7%E3%83%BC%E3%80%91%E6%9C%88%E5%B2%A1%E6%81%8B%E9%90%98,observed,base,wiki_only,shinycolors_enza,f3d75bca-e00b-4b92-9111-fd2254694d5e,f3d75bca-e00b-4b92-9111-fd2254694d5e,2026-10-06T16:29:53+00:00,"[""W02""]","[""collab_work""]"
v1-93a6a8b8d40e754a,1.0,2026-10-08T02:45:18+00:00,【アイドルロード】,idol_2,樋口円香,P,SSR,unit_6,ノクチル,,mission,[],unknown,,https://wikiwiki.jp/shinycolors/%E3%80%90%E7%99%BD%E3%81%84%E3%83%84%E3%83%90%E3%82%B5%E3%80%91%E6%A8%8B%E5%8F%A3%E5%86%86%E9%A6%99,observed,idol_road_ssr,wiki_only,shinycolors_enza,f42ef181-de12-4b91-bcae-c94611056638,a867ea64-a4cd-4feb-9f0a-8dffd7085518,2026-10-06T16:29:54+00:00,"[""W08""]","[""first_implemented_on"",""series_status"",""collab_work""]"
v1-93a6a8b8d40e754a,1.0,2026-10-08T02:45:18+00:00,【シンメトリカルのように】,idol_ef328a51-2928-4d2d-a44f-5e3b92d305cf,白瀬咲耶,S,SR,unit_2,アンティーカ,2025-03-11,event_reward,[],unknown,,https://wikiwiki.jp/shinycolors/%E3%80%90%E3%82%B7%E3%83%B3%E3%83%A1%E3%83%88%E3%83%AA%E3%82%AB%E3%83%AB%E3%81%AE%E3%82%88%E3%81%86%E3%81%AB%E3%80%91%E7%99%BD%E7%80%AC%E5%92%B2%E8%80%B6,observed,base,wiki_only,shinycolors_enza,f43d1feb-0eb9-45d2-b632-ac38c79c6b00,f43d1feb-0eb9-45d2-b632-ac38c79c6b00,2026-10-06T16:29:53+00:00,"[""W03""]","[""series_status"",""collab_work""]"
v1-93a6a8b8d40e754a,1.0,2026-10-08T02:45:18+00:00,【'25Pカップ】,idol_4,鈴木羽那,S,SR,unit_8,コメティック,2025-04-15,event_reward,[],unknown,,https://wikiwiki.jp/shinycolors/%E3%80%90%2725P%E3%82%AB%E3%83%83%E3%83%97%E3%80%91%E9%88%B4%E6%9C%A8%E7%BE%BD%E9%82%A3,observed,base,wiki_only,shinycolors_enza,f458046c-0200-4db7-ab7d-24161ea5d91e,f458046c-0200-4db7-ab7d-24161ea5d91e,2026-10-06T16:29:53+00:00,"[""W03""]","[""series_status"",""collab_work""]"
v1-93a6a8b8d40e754a,1.0,2026-10-08T02:45:18+00:00,【白いツバサ】,idol_3c398182-7760-439e-8c77-3c09d173aa4c,芹沢あさひ,P,SR,unit_5,ストレイライト,,mission,[],unknown,,https://wikiwiki.jp/shinycolors/%E3%80%90%E7%99%BD%E3%81%84%E3%83%84%E3%83%90%E3%82%B5%E3%80%91%E8%8A%B9%E6%B2%A2%E3%81%82%E3%81%95%E3%81%B2,observed,idol_road_sr,wiki_only,shinycolors_enza,f47bc469-96e3-451c-b375-9d59e2311696,1f8e9c3e-43c4-4625-8782-b343bd685c0a,2026-10-06T16:29:54+00:00,"[""W08""]","[""first_implemented_on"",""series_status"",""collab_work""]"
v1-93a6a8b8d40e754a,1.0,2026-10-08T02:45:18+00:00,【霧・霧・奇・譚】,idol_e579db5c-0930-4984-aa40-ebe5a00e8a4f,幽谷霧子,S,SSR,unit_2,アンティーカ,2018-09-30,permanent_gacha,[],unknown,,https://wikiwiki.jp/shinycolors/%E3%80%90%E9%9C%A7%E3%83%BB%E9%9C%A7%E3%83%BB%E5%A5%87%E3%83%BB%E8%AD%9A%E3%80%91%E5%B9%BD%E8%B0%B7%E9%9C%A7%E5%AD%90,observed,base,wiki_only,shinycolors_enza,f48ee3db-438b-4888-a9b4-8f868db75dc9,f48ee3db-438b-4888-a9b4-8f868db75dc9,2026-10-06T16:29:53+00:00,"[""W03""]","[""series_status"",""collab_work""]"
v1-93a6a8b8d40e754a,1.0,2026-10-08T02:45:18+00:00,【DE-S!GN】,idol_72d6d5b6-dc2b-4e7c-90be-eb4770ba589b,市川雛菜,P,SSR,unit_6,ノクチル,2023-01-10,limited_gacha,[],unknown,,https://wikiwiki.jp/shinycolors/%E3%80%90DE-S%21GN%E3%80%91%E5%B8%82%E5%B7%9D%E9%9B%9B%E8%8F%9C,observed,base,wiki_only,shinycolors_enza,f4db0c83-25f1-47ce-91ae-f0843004f0ed,f4db0c83-25f1-47ce-91ae-f0843004f0ed,2026-10-06T16:29:53+00:00,"[""W02""]","[""series_status"",""collab_work""]"
v1-93a6a8b8d40e754a,1.0,2026-10-08T02:45:18+00:00,【まみみスイッチ】,idol_6,田中摩美々,P,SSR,unit_2,アンティーカ,2023-10-10,permanent_gacha,[],unknown,,https://wikiwiki.jp/shinycolors/%E3%80%90%E3%81%BE%E3%81%BF%E3%81%BF%E3%82%B9%E3%82%A4%E3%83%83%E3%83%81%E3%80%91%E7%94%B0%E4%B8%AD%E6%91%A9%E7%BE%8E%E3%80%85,observed,base,wiki_only,shinycolors_enza,f4f91f15-34da-4785-96fc-528d50e90943,f4f91f15-34da-4785-96fc-528d50e90943,2026-10-06T16:29:53+00:00,"[""W02""]","[""series_status"",""collab_work""]"
v1-93a6a8b8d40e754a,1.0,2026-10-08T02:45:18+00:00,【しかえし優等生】,idol_e5ce74fd-2caf-4c1d-a696-0b1f17f7a53e,福丸小糸,S,SR,unit_6,ノクチル,2020-11-20,permanent_gacha,[],unknown,,https://wikiwiki.jp/shinycolors/%E3%80%90%E3%81%97%E3%81%8B%E3%81%88%E3%81%97%E5%84%AA%E7%AD%89%E7%94%9F%E3%80%91%E7%A6%8F%E4%B8%B8%E5%B0%8F%E7%B3%B8,observed,base,wiki_only,shinycolors_enza,f4fbab57-35a0-440f-bb44-cf288f377726,f4fbab57-35a0-440f-bb44-cf288f377726,2026-10-06T16:29:54+00:00,"[""W03""]","[""series_status"",""collab_work""]"
v1-93a6a8b8d40e754a,1.0,2026-10-08T02:45:18+00:00,【白いツバサ】,idol_0e2d3420-7295-4510-929d-01bf8378e12a,風野灯織,P,R,unit_1,イルミネーションスターズ,2018-04-24,permanent_gacha,[],unknown,,https://wikiwiki.jp/shinycolors/%E3%80%90%E7%99%BD%E3%81%84%E3%83%84%E3%83%90%E3%82%B5%E3%80%91%E9%A2%A8%E9%87%8E%E7%81%AF%E7%B9%94,observed,base,wiki_only,shinycolors_enza,f51af479-4c50-42d4-a13f-7a7c8618774e,f51af479-4c50-42d4-a13f-7a7c8618774e,2026-10-06T16:29:53+00:00,"[""W02""]","[""series_status"",""collab_work""]"
v1-93a6a8b8d40e754a,1.0,2026-10-08T02:45:18+00:00,【帰慕ノ姫騎士】,idol_a2f858c3-da6e-4d6f-b777-5367a2671399,黛冬優子,S,SSR,unit_5,ストレイライト,2025-12-27,limited_gacha,[],unknown,,https://wikiwiki.jp/shinycolors/%E3%80%90%E5%B8%B0%E6%85%95%E3%83%8E%E5%A7%AB%E9%A8%8E%E5%A3%AB%E3%80%91%E9%BB%9B%E5%86%AC%E5%84%AA%E5%AD%90,observed,base,wiki_only,shinycolors_enza,f552e300-1c39-4dbd-a4d1-6fdb815ad580,f552e300-1c39-4dbd-a4d1-6fdb815ad580,2026-10-06T16:29:53+00:00,"[""W03""]","[""series_status"",""collab_work""]"
v1-93a6a8b8d40e754a,1.0,2026-10-08T02:45:18+00:00,【鱗・鱗・謹・賀】,idol_e579db5c-0930-4984-aa40-ebe5a00e8a4f,幽谷霧子,P,SSR,unit_2,アンティーカ,2020-01-01,limited_gacha,[],unknown,,https://wikiwiki.jp/shinycolors/%E3%80%90%E9%B1%97%E3%83%BB%E9%B1%97%E3%83%BB%E8%AC%B9%E3%83%BB%E8%B3%80%E3%80%91%E5%B9%BD%E8%B0%B7%E9%9C%A7%E5%AD%90,observed,base,wiki_only,shinycolors_enza,f5627dd2-902a-4c79-b6b1-ba5ab9b726cf,f5627dd2-902a-4c79-b6b1-ba5ab9b726cf,2026-10-06T16:29:53+00:00,"[""W02""]","[""series_status"",""collab_work""]"
v1-93a6a8b8d40e754a,1.0,2026-10-08T02:45:18+00:00,【その先、】,idol_736d3fca-9560-4156-96fc-66cc0159ea42,七草にちか,S,SSR,unit_7,シーズ,2025-04-29,event_reward,[],unknown,,https://wikiwiki.jp/shinycolors/%E3%80%90%E3%81%9D%E3%81%AE%E5%85%88%E3%80%81%E3%80%91%E4%B8%83%E8%8D%89%E3%81%AB%E3%81%A1%E3%81%8B,observed,base,wiki_only,shinycolors_enza,f56d008a-3beb-4814-b620-c1e05a64002a,f56d008a-3beb-4814-b620-c1e05a64002a,2026-10-06T16:29:53+00:00,"[""W03""]","[""series_status"",""collab_work""]"
v1-93a6a8b8d40e754a,1.0,2026-10-08T02:45:18+00:00,【#3738 Custom Order】,idol_813a7356-e821-43e7-b25f-c104ca28870d,西城樹里,P,SR,unit_3,放課後クライマックスガールズ,2023-01-20,event_reward,[],unknown,,https://wikiwiki.jp/shinycolors/%E3%80%90%EF%BC%833738%20Custom%20Order%E3%80%91%E8%A5%BF%E5%9F%8E%E6%A8%B9%E9%87%8C,observed,base,wiki_only,shinycolors_enza,f58b0189-133b-4255-abc9-e4c61878a3f0,f58b0189-133b-4255-abc9-e4c61878a3f0,2026-10-06T16:29:53+00:00,"[""W02""]","[""series_status"",""collab_work""]"
v1-93a6a8b8d40e754a,1.0,2026-10-08T02:45:18+00:00,【そのひと言が聞きたくて】,idol_0e2d3420-7295-4510-929d-01bf8378e12a,風野灯織,P,SSR,unit_1,イルミネーションスターズ,2026-01-20,collection_gacha,"[""twilights""]",known,,https://wikiwiki.jp/shinycolors/%E3%80%90%E3%81%9D%E3%81%AE%E3%81%B2%E3%81%A8%E8%A8%80%E3%81%8C%E8%81%9E%E3%81%8D%E3%81%9F%E3%81%8F%E3%81%A6%E3%80%91%E9%A2%A8%E9%87%8E%E7%81%AF%E7%B9%94,observed,base,wiki_only,shinycolors_enza,f594769e-6cfc-4ae1-9693-38e78ba7a9d7,f594769e-6cfc-4ae1-9693-38e78ba7a9d7,2026-10-06T16:29:53+00:00,"[""W02""]","[""collab_work""]"
v1-93a6a8b8d40e754a,1.0,2026-10-08T02:45:18+00:00,【冬、どがんね～？】,idol_e91e6363-2dc9-42c1-bbf1-a759e797c2d1,月岡恋鐘,S,SR,unit_2,アンティーカ,2019-12-26,permanent_gacha,[],unknown,,https://wikiwiki.jp/shinycolors/%E3%80%90%E5%86%AC%E3%80%81%E3%81%A9%E3%81%8C%E3%82%93%E3%81%AD%EF%BD%9E%EF%BC%9F%E3%80%91%E6%9C%88%E5%B2%A1%E6%81%8B%E9%90%98,observed,base,wiki_only,shinycolors_enza,f5981e0f-b988-4621-86e3-796e5e13534f,f5981e0f-b988-4621-86e3-796e5e13534f,2026-10-06T16:29:54+00:00,"[""W03""]","[""series_status"",""collab_work""]"
v1-93a6a8b8d40e754a,1.0,2026-10-08T02:45:18+00:00,【283プロのヒナ】,idol_81093365-1df1-4e6c-a252-27625c47ab96,三峰結華,S,R,unit_2,アンティーカ,2018-04-24,permanent_gacha,[],unknown,,https://wikiwiki.jp/shinycolors/%E3%80%90283%E3%83%97%E3%83%AD%E3%81%AE%E3%83%92%E3%83%8A%E3%80%91%E4%B8%89%E5%B3%B0%E7%B5%90%E8%8F%AF,observed,base,wiki_only,shinycolors_enza,f639d50f-efbb-4e05-8ded-ff7a65cbc30a,f639d50f-efbb-4e05-8ded-ff7a65cbc30a,2026-10-06T16:29:54+00:00,"[""W03""]","[""series_status"",""collab_work""]"
v1-93a6a8b8d40e754a,1.0,2026-10-08T02:45:18+00:00,【恋人たち】,idol_0c19be81-d3e3-4383-b5d4-0a94b290dba9,斑鳩ルカ,P,SSR,unit_8,コメティック,2026-06-18,collection_gacha,"[""twilights""]",known,,https://wikiwiki.jp/shinycolors/%E3%80%90%E6%81%8B%E4%BA%BA%E3%81%9F%E3%81%A1%E3%80%91%E6%96%91%E9%B3%A9%E3%83%AB%E3%82%AB,observed,base,wiki_only,shinycolors_enza,f63d5f4c-cf95-4400-9876-fcda0cc05455,f63d5f4c-cf95-4400-9876-fcda0cc05455,2026-10-06T16:29:52+00:00,"[""W02""]","[""collab_work""]"
v1-93a6a8b8d40e754a,1.0,2026-10-08T02:45:18+00:00,【泣けよ洗濯機】,idol_736d3fca-9560-4156-96fc-66cc0159ea42,七草にちか,P,SR,unit_7,シーズ,2022-11-18,permanent_gacha,[],unknown,,https://wikiwiki.jp/shinycolors/%E3%80%90%E6%B3%A3%E3%81%91%E3%82%88%E6%B4%97%E6%BF%AF%E6%A9%9F%E3%80%91%E4%B8%83%E8%8D%89%E3%81%AB%E3%81%A1%E3%81%8B,observed,base,wiki_only,shinycolors_enza,f678464d-3907-4434-821c-103370e6c7e3,f678464d-3907-4434-821c-103370e6c7e3,2026-10-06T16:29:53+00:00,"[""W02""]","[""series_status"",""collab_work""]"
v1-93a6a8b8d40e754a,1.0,2026-10-08T02:45:18+00:00,【何度転んだって】,idol_786e9b98-d1e4-4419-a69a-3281d07dd4fb,和泉愛依,P,SSR,unit_5,ストレイライト,2023-10-15,collection_gacha,"[""mysongs""]",known,,https://wikiwiki.jp/shinycolors/%E3%80%90%E4%BD%95%E5%BA%A6%E8%BB%A2%E3%82%93%E3%81%A0%E3%81%A3%E3%81%A6%E3%80%91%E5%92%8C%E6%B3%89%E6%84%9B%E4%BE%9D,observed,base,wiki_only,shinycolors_enza,f67cbee3-8a88-4381-bfe4-921da5b19a6f,f67cbee3-8a88-4381-bfe4-921da5b19a6f,2026-10-06T16:29:53+00:00,"[""W02""]","[""collab_work""]"
v1-93a6a8b8d40e754a,1.0,2026-10-08T02:45:18+00:00,【Cherish You】,idol_4,鈴木羽那,P,UR,unit_8,コメティック,2026-01-01,permanent_gacha,[],unknown,,https://wikiwiki.jp/shinycolors/%E3%80%90Cherish%20You%E3%80%91%E9%88%B4%E6%9C%A8%E7%BE%BD%E9%82%A3,observed,base,wiki_only,shinycolors_enza,f6c7e4be-6864-43f8-b661-5a3ddbf3b063,f6c7e4be-6864-43f8-b661-5a3ddbf3b063,2026-10-06T16:29:52+00:00,"[""W02""]","[""series_status"",""collab_work""]"
v1-93a6a8b8d40e754a,1.0,2026-10-08T02:45:18+00:00,【三月三十三日】,idol_3c398182-7760-439e-8c77-3c09d173aa4c,芹沢あさひ,S,SSR,unit_5,ストレイライト,2025-02-28,limited_gacha,[],unknown,,https://wikiwiki.jp/shinycolors/%E3%80%90%E4%B8%89%E6%9C%88%E4%B8%89%E5%8D%81%E4%B8%89%E6%97%A5%E3%80%91%E8%8A%B9%E6%B2%A2%E3%81%82%E3%81%95%E3%81%B2,observed,base,wiki_only,shinycolors_enza,f70bf998-dcc9-420d-b7ad-8c9f8c14c302,f70bf998-dcc9-420d-b7ad-8c9f8c14c302,2026-10-06T16:29:53+00:00,"[""W03""]","[""series_status"",""collab_work""]"
v1-93a6a8b8d40e754a,1.0,2026-10-08T02:45:18+00:00,【'25Pカップ】,idol_0e2d3420-7295-4510-929d-01bf8378e12a,風野灯織,S,SR,unit_1,イルミネーションスターズ,2025-04-15,event_reward,[],unknown,,https://wikiwiki.jp/shinycolors/%E3%80%90%2725P%E3%82%AB%E3%83%83%E3%83%97%E3%80%91%E9%A2%A8%E9%87%8E%E7%81%AF%E7%B9%94,observed,base,wiki_only,shinycolors_enza,f742bd51-b640-43c3-8d17-f6cf9356e9ae,f742bd51-b640-43c3-8d17-f6cf9356e9ae,2026-10-06T16:29:53+00:00,"[""W03""]","[""series_status"",""collab_work""]"
v1-93a6a8b8d40e754a,1.0,2026-10-08T02:45:18+00:00,【コンビ・コンビニエンス】,idol_92b8326c-72f5-4a2e-8581-7110738045f3,有栖川夏葉,S,SSR,unit_3,放課後クライマックスガールズ,2023-10-30,collection_gacha,"[""twilights""]",known,,https://wikiwiki.jp/shinycolors/%E3%80%90%E3%82%B3%E3%83%B3%E3%83%93%E3%83%BB%E3%82%B3%E3%83%B3%E3%83%93%E3%83%8B%E3%82%A8%E3%83%B3%E3%82%B9%E3%80%91%E6%9C%89%E6%A0%96%E5%B7%9D%E5%A4%8F%E8%91%89,observed,base,wiki_only,shinycolors_enza,f74c28b4-ad8f-486d-b9ed-8694ea8aa57b,f74c28b4-ad8f-486d-b9ed-8694ea8aa57b,2026-10-06T16:29:53+00:00,"[""W03""]","[""collab_work""]"
v1-93a6a8b8d40e754a,1.0,2026-10-08T02:45:18+00:00,【乙女と交わすTrick】,idol_ef328a51-2928-4d2d-a44f-5e3b92d305cf,白瀬咲耶,P,SSR,unit_2,アンティーカ,2020-10-12,permanent_gacha,[],unknown,,https://wikiwiki.jp/shinycolors/%E3%80%90%E4%B9%99%E5%A5%B3%E3%81%A8%E4%BA%A4%E3%82%8F%E3%81%99Trick%E3%80%91%E7%99%BD%E7%80%AC%E5%92%B2%E8%80%B6,observed,base,wiki_only,shinycolors_enza,f74d05b5-a211-4862-96e9-aced58d411be,f74d05b5-a211-4862-96e9-aced58d411be,2026-10-06T16:29:53+00:00,"[""W02""]","[""series_status"",""collab_work""]"
v1-93a6a8b8d40e754a,1.0,2026-10-08T02:45:18+00:00,【晩秋ろまんす】,idol_51651b60-7996-412b-bd16-5c1c3f3faebf,杜野凛世,P,SSR,unit_3,放課後クライマックスガールズ,2022-10-31,limited_gacha,[],unknown,,https://wikiwiki.jp/shinycolors/%E3%80%90%E6%99%A9%E7%A7%8B%E3%82%8D%E3%81%BE%E3%82%93%E3%81%99%E3%80%91%E6%9D%9C%E9%87%8E%E5%87%9B%E4%B8%96,observed,base,wiki_only,shinycolors_enza,f769b61a-0911-41cd-8fc5-c6f9bae2c27c,f769b61a-0911-41cd-8fc5-c6f9bae2c27c,2026-10-06T16:29:53+00:00,"[""W02""]","[""series_status"",""collab_work""]"
v1-93a6a8b8d40e754a,1.0,2026-10-08T02:45:18+00:00,【射陽】,idol_2,樋口円香,S,SSR,unit_6,ノクチル,2022-04-01,exchange,[],unknown,,https://wikiwiki.jp/shinycolors/%E3%80%90%E5%B0%84%E9%99%BD%E3%80%91%E6%A8%8B%E5%8F%A3%E5%86%86%E9%A6%99,observed,base,wiki_only,shinycolors_enza,f83a5a89-02d5-4235-879b-9a7d212a18ad,f83a5a89-02d5-4235-879b-9a7d212a18ad,2026-10-06T16:29:53+00:00,"[""W03""]","[""series_status"",""collab_work""]"
v1-93a6a8b8d40e754a,1.0,2026-10-08T02:45:18+00:00,【紅いろは、白】,idol_92b8326c-72f5-4a2e-8581-7110738045f3,有栖川夏葉,S,SR,unit_3,放課後クライマックスガールズ,2019-01-01,event_reward,[],unknown,,https://wikiwiki.jp/shinycolors/%E3%80%90%E7%B4%85%E3%81%84%E3%82%8D%E3%81%AF%E3%80%81%E7%99%BD%E3%80%91%E6%9C%89%E6%A0%96%E5%B7%9D%E5%A4%8F%E8%91%89,observed,base,wiki_only,shinycolors_enza,f870fb06-8159-466b-a8d7-201e294943b0,f870fb06-8159-466b-a8d7-201e294943b0,2026-10-06T16:29:53+00:00,"[""W03""]","[""series_status"",""collab_work""]"
v1-93a6a8b8d40e754a,1.0,2026-10-08T02:45:18+00:00,【BLUE SKY】,idol_6874153a-a7f6-426a-98f0-815f121eeca4,緋田美琴,S,SSR,unit_7,シーズ,2024-06-29,event_reward,[],unknown,,https://wikiwiki.jp/shinycolors/%E3%80%90BLUE%20SKY%E3%80%91%E7%B7%8B%E7%94%B0%E7%BE%8E%E7%90%B4,observed,base,wiki_only,shinycolors_enza,f88b9470-ced7-4e72-8c06-a2ddc9096bcc,f88b9470-ced7-4e72-8c06-a2ddc9096bcc,2026-10-06T16:29:53+00:00,"[""W03""]","[""series_status"",""collab_work""]"
v1-93a6a8b8d40e754a,1.0,2026-10-08T02:45:18+00:00,【AWAKE】,idol_6874153a-a7f6-426a-98f0-815f121eeca4,緋田美琴,S,SSR,unit_7,シーズ,2023-09-30,event_reward,[],unknown,,https://wikiwiki.jp/shinycolors/%E3%80%90AWAKE%E3%80%91%E7%B7%8B%E7%94%B0%E7%BE%8E%E7%90%B4,observed,base,wiki_only,shinycolors_enza,f88f3d8e-4fce-47fd-aae0-f33158f1cfd4,f88f3d8e-4fce-47fd-aae0-f33158f1cfd4,2026-10-06T16:29:53+00:00,"[""W03""]","[""series_status"",""collab_work""]"
v1-93a6a8b8d40e754a,1.0,2026-10-08T02:45:18+00:00,【喝采と祝福】,idol_ef328a51-2928-4d2d-a44f-5e3b92d305cf,白瀬咲耶,S,SSR,unit_2,アンティーカ,2026-06-27,limited_gacha,"[""birthday""]",known,,https://wikiwiki.jp/shinycolors/%E3%80%90%E5%96%9D%E9%87%87%E3%81%A8%E7%A5%9D%E7%A6%8F%E3%80%91%E7%99%BD%E7%80%AC%E5%92%B2%E8%80%B6,observed,base,wiki_only,shinycolors_enza,f89e9784-74c4-4898-a09f-f5459f59ed3e,f89e9784-74c4-4898-a09f-f5459f59ed3e,2026-10-06T16:29:53+00:00,"[""W03""]","[""collab_work""]"
v1-93a6a8b8d40e754a,1.0,2026-10-08T02:45:18+00:00,【幸せのりんご飴】,idol_8c18b422-295c-4259-9e14-413685deb7f8,大崎甘奈,S,SSR,unit_4,アルストロメリア,2018-06-30,event_reward,[],unknown,,https://wikiwiki.jp/shinycolors/%E3%80%90%E5%B9%B8%E3%81%9B%E3%81%AE%E3%82%8A%E3%82%93%E3%81%94%E9%A3%B4%E3%80%91%E5%A4%A7%E5%B4%8E%E7%94%98%E5%A5%88,observed,base,wiki_only,shinycolors_enza,f8b92eb3-8daa-4354-8205-7d3592d188de,f8b92eb3-8daa-4354-8205-7d3592d188de,2026-10-06T16:29:53+00:00,"[""W03""]","[""series_status"",""collab_work""]"
v1-93a6a8b8d40e754a,1.0,2026-10-08T02:45:18+00:00,【Chapter283】,idol_4,鈴木羽那,S,SR,unit_8,コメティック,2024-10-06,gacha_bonus,[],unknown,,https://wikiwiki.jp/shinycolors/%E3%80%90Chapter283%E3%80%91%E9%88%B4%E6%9C%A8%E7%BE%BD%E9%82%A3,observed,base,wiki_only,shinycolors_enza,f9219249-c1d8-48cf-b0e6-1ed6ec720f4c,f9219249-c1d8-48cf-b0e6-1ed6ec720f4c,2026-10-06T16:29:54+00:00,"[""W03""]","[""series_status"",""collab_work""]"
v1-93a6a8b8d40e754a,1.0,2026-10-08T02:45:18+00:00,【今夜からもまた】,idol_92b8326c-72f5-4a2e-8581-7110738045f3,有栖川夏葉,S,SSR,unit_3,放課後クライマックスガールズ,2026-08-16,limited_gacha,"[""birthday""]",known,,https://wikiwiki.jp/shinycolors/%E3%80%90%E4%BB%8A%E5%A4%9C%E3%81%8B%E3%82%89%E3%82%82%E3%81%BE%E3%81%9F%E3%80%91%E6%9C%89%E6%A0%96%E5%B7%9D%E5%A4%8F%E8%91%89,observed,base,wiki_only,shinycolors_enza,f9224571-adb7-4ed3-88b3-dad713f2c234,f9224571-adb7-4ed3-88b3-dad713f2c234,2026-10-06T16:29:53+00:00,"[""W03""]","[""collab_work""]"
v1-93a6a8b8d40e754a,1.0,2026-10-08T02:45:18+00:00,【ライブツアー】,idol_3c398182-7760-439e-8c77-3c09d173aa4c,芹沢あさひ,S,SR,unit_5,ストレイライト,2024-12-21,gacha_bonus,[],unknown,,https://wikiwiki.jp/shinycolors/%E3%80%90%E3%83%A9%E3%82%A4%E3%83%96%E3%83%84%E3%82%A2%E3%83%BC%E3%80%91%E8%8A%B9%E6%B2%A2%E3%81%82%E3%81%95%E3%81%B2,observed,base,wiki_only,shinycolors_enza,f9380bbf-8780-4d55-b765-b23cf6b5cc4e,f9380bbf-8780-4d55-b765-b23cf6b5cc4e,2026-10-06T16:29:53+00:00,"[""W03""]","[""series_status"",""collab_work""]"
v1-93a6a8b8d40e754a,1.0,2026-10-08T02:45:18+00:00,【囲む実り】,idol_0e2d3420-7295-4510-929d-01bf8378e12a,風野灯織,S,SSR,unit_1,イルミネーションスターズ,2026-05-30,event_reward,[],unknown,,https://wikiwiki.jp/shinycolors/%E3%80%90%E5%9B%B2%E3%82%80%E5%AE%9F%E3%82%8A%E3%80%91%E9%A2%A8%E9%87%8E%E7%81%AF%E7%B9%94,observed,base,wiki_only,shinycolors_enza,f966d342-6554-4db2-9cc7-086822254cdf,f966d342-6554-4db2-9cc7-086822254cdf,2026-10-06T16:29:53+00:00,"[""W03""]","[""series_status"",""collab_work""]"
v1-93a6a8b8d40e754a,1.0,2026-10-08T02:45:18+00:00,【kaleidoscope-pinball】,idol_81093365-1df1-4e6c-a252-27625c47ab96,三峰結華,P,SSR,unit_2,アンティーカ,2022-05-10,permanent_gacha,[],unknown,,https://wikiwiki.jp/shinycolors/%E3%80%90kaleidoscope-pinball%E3%80%91%E4%B8%89%E5%B3%B0%E7%B5%90%E8%8F%AF,observed,base,wiki_only,shinycolors_enza,f9796bf7-2cc2-4f0c-bcbe-b3fd779c6667,f9796bf7-2cc2-4f0c-bcbe-b3fd779c6667,2026-10-06T16:29:53+00:00,"[""W02""]","[""series_status"",""collab_work""]"
v1-93a6a8b8d40e754a,1.0,2026-10-08T02:45:18+00:00,【アイドルロード】,idol_786e9b98-d1e4-4419-a69a-3281d07dd4fb,和泉愛依,P,SSR,unit_5,ストレイライト,,mission,[],unknown,,https://wikiwiki.jp/shinycolors/%E3%80%90%E7%99%BD%E3%81%84%E3%83%84%E3%83%90%E3%82%B5%E3%80%91%E5%92%8C%E6%B3%89%E6%84%9B%E4%BE%9D,observed,idol_road_ssr,wiki_only,shinycolors_enza,f9858489-027d-4e35-a4d3-24e9e0395daa,81b108e4-46a3-49ba-9e53-84f7b6d7a828,2026-10-06T16:29:54+00:00,"[""W08""]","[""first_implemented_on"",""series_status"",""collab_work""]"
v1-93a6a8b8d40e754a,1.0,2026-10-08T02:45:18+00:00,【モラトリアム350ml】,idol_6,田中摩美々,S,SSR,unit_2,アンティーカ,2026-05-24,limited_gacha,"[""birthday""]",known,,https://wikiwiki.jp/shinycolors/%E3%80%90%E3%83%A2%E3%83%A9%E3%83%88%E3%83%AA%E3%82%A2%E3%83%A0350ml%E3%80%91%E7%94%B0%E4%B8%AD%E6%91%A9%E7%BE%8E%E3%80%85,observed,base,wiki_only,shinycolors_enza,f9966d86-cf78-4d0a-8299-14505cae7380,f9966d86-cf78-4d0a-8299-14505cae7380,2026-10-06T16:29:53+00:00,"[""W03""]","[""collab_work""]"
v1-93a6a8b8d40e754a,1.0,2026-10-08T02:45:18+00:00,【ほわっとスマイル】,idol_1,櫻木真乃,P,SSR,unit_1,イルミネーションスターズ,2018-04-24,permanent_gacha,[],unknown,,https://wikiwiki.jp/shinycolors/%E3%80%90%E3%81%BB%E3%82%8F%E3%81%A3%E3%81%A8%E3%82%B9%E3%83%9E%E3%82%A4%E3%83%AB%E3%80%91%E6%AB%BB%E6%9C%A8%E7%9C%9F%E4%B9%83,observed,base,wiki_only,shinycolors_enza,f99df994-2bf6-4389-b608-5fe706ee7542,f99df994-2bf6-4389-b608-5fe706ee7542,2026-10-06T16:29:53+00:00,"[""W02""]","[""series_status"",""collab_work""]"
v1-93a6a8b8d40e754a,1.0,2026-10-08T02:45:18+00:00,【とある日の】,idol_a2f858c3-da6e-4d6f-b777-5367a2671399,黛冬優子,S,SSR,unit_5,ストレイライト,2023-06-01,mission,[],unknown,,https://wikiwiki.jp/shinycolors/%E3%80%90%E3%81%A8%E3%81%82%E3%82%8B%E6%97%A5%E3%81%AE%E3%80%91%E9%BB%9B%E5%86%AC%E5%84%AA%E5%AD%90,observed,base,wiki_only,shinycolors_enza,f9a819cc-2572-4fe2-af38-7e7259447393,f9a819cc-2572-4fe2-af38-7e7259447393,2026-10-06T16:33:42+00:00,"[""W03""]","[""series_status"",""collab_work""]"
v1-93a6a8b8d40e754a,1.0,2026-10-08T02:45:18+00:00,【ROUNDLY】,idol_6874153a-a7f6-426a-98f0-815f121eeca4,緋田美琴,P,SSR,unit_7,シーズ,2021-05-20,permanent_gacha,[],unknown,,https://wikiwiki.jp/shinycolors/%E3%80%90ROUNDLY%E3%80%91%E7%B7%8B%E7%94%B0%E7%BE%8E%E7%90%B4,observed,base,wiki_only,shinycolors_enza,fa302098-8112-492c-9d64-d01cf8d4df18,fa302098-8112-492c-9d64-d01cf8d4df18,2026-10-06T16:29:53+00:00,"[""W02""]","[""series_status"",""collab_work""]"
v1-93a6a8b8d40e754a,1.0,2026-10-08T02:45:18+00:00,【ちょこ色×きらきらロマン】,idol_7,園田智代子,P,SSR,unit_3,放課後クライマックスガールズ,2018-10-31,permanent_gacha,[],unknown,,https://wikiwiki.jp/shinycolors/%E3%80%90%E3%81%A1%E3%82%87%E3%81%93%E8%89%B2%C3%97%E3%81%8D%E3%82%89%E3%81%8D%E3%82%89%E3%83%AD%E3%83%9E%E3%83%B3%E3%80%91%E5%9C%92%E7%94%B0%E6%99%BA%E4%BB%A3%E5%AD%90,observed,base,wiki_only,shinycolors_enza,fa5559fd-6e79-4e00-8ef9-988859913b12,fa5559fd-6e79-4e00-8ef9-988859913b12,2026-10-06T16:29:53+00:00,"[""W02""]","[""series_status"",""collab_work""]"
v1-93a6a8b8d40e754a,1.0,2026-10-08T02:45:18+00:00,【恋まで、あと25メートル】,idol_f0b34f52-342b-4fdd-8231-816605449447,郁田はるき,P,SSR,unit_8,コメティック,2026-08-28,collection_gacha,"[""casting""]",known,,https://wikiwiki.jp/shinycolors/%E3%80%90%E6%81%8B%E3%81%BE%E3%81%A7%E3%80%81%E3%81%82%E3%81%A825%E3%83%A1%E3%83%BC%E3%83%88%E3%83%AB%E3%80%91%E9%83%81%E7%94%B0%E3%81%AF%E3%82%8B%E3%81%8D,observed,base,wiki_only,shinycolors_enza,fa5636be-5c0f-4abe-9123-773d927eec64,fa5636be-5c0f-4abe-9123-773d927eec64,2026-10-06T16:29:52+00:00,"[""W02""]","[""collab_work""]"
v1-93a6a8b8d40e754a,1.0,2026-10-08T02:45:18+00:00,【露色】,idol_2,樋口円香,S,SR,unit_6,ノクチル,2026-04-17,event_reward,[],unknown,,https://wikiwiki.jp/shinycolors/%E3%80%90%E9%9C%B2%E8%89%B2%E3%80%91%E6%A8%8B%E5%8F%A3%E5%86%86%E9%A6%99,observed,base,wiki_only,shinycolors_enza,fa6dedcf-443e-44af-a811-605531a57e25,fa6dedcf-443e-44af-a811-605531a57e25,2026-10-06T16:29:53+00:00,"[""W03""]","[""series_status"",""collab_work""]"
v1-93a6a8b8d40e754a,1.0,2026-10-08T02:45:18+00:00,【祝唄-hogiuta-】,idol_51651b60-7996-412b-bd16-5c1c3f3faebf,杜野凛世,S,SSR,unit_3,放課後クライマックスガールズ,2021-01-01,limited_gacha,[],unknown,,https://wikiwiki.jp/shinycolors/%E3%80%90%E7%A5%9D%E5%94%84-hogiuta-%E3%80%91%E6%9D%9C%E9%87%8E%E5%87%9B%E4%B8%96,observed,base,wiki_only,shinycolors_enza,fa74b3ea-a064-40d6-86da-9a636687feed,fa74b3ea-a064-40d6-86da-9a636687feed,2026-10-06T16:29:53+00:00,"[""W03""]","[""series_status"",""collab_work""]"
v1-93a6a8b8d40e754a,1.0,2026-10-08T02:45:18+00:00,【はらりひらり結ぶ】,idol_ef328a51-2928-4d2d-a44f-5e3b92d305cf,白瀬咲耶,P,SSR,unit_2,アンティーカ,2022-09-30,limited_gacha,[],unknown,,https://wikiwiki.jp/shinycolors/%E3%80%90%E3%81%AF%E3%82%89%E3%82%8A%E3%81%B2%E3%82%89%E3%82%8A%E7%B5%90%E3%81%B6%E3%80%91%E7%99%BD%E7%80%AC%E5%92%B2%E8%80%B6,observed,base,wiki_only,shinycolors_enza,faae3503-4436-41c2-afa2-4c21ca0c0a2b,faae3503-4436-41c2-afa2-4c21ca0c0a2b,2026-10-06T16:29:53+00:00,"[""W02""]","[""series_status"",""collab_work""]"
v1-93a6a8b8d40e754a,1.0,2026-10-08T02:45:18+00:00,【街角フラワーガーデン】,idol_ef328a51-2928-4d2d-a44f-5e3b92d305cf,白瀬咲耶,S,SSR,unit_2,アンティーカ,2018-04-30,permanent_gacha,[],unknown,,https://wikiwiki.jp/shinycolors/%E3%80%90%E8%A1%97%E8%A7%92%E3%83%95%E3%83%A9%E3%83%AF%E3%83%BC%E3%82%AC%E3%83%BC%E3%83%87%E3%83%B3%E3%80%91%E7%99%BD%E7%80%AC%E5%92%B2%E8%80%B6,observed,base,wiki_only,shinycolors_enza,faf82ebb-18db-4a05-913f-f5a598c20835,faf82ebb-18db-4a05-913f-f5a598c20835,2026-10-06T16:29:53+00:00,"[""W03""]","[""series_status"",""collab_work""]"
v1-93a6a8b8d40e754a,1.0,2026-10-08T02:45:18+00:00,【光は光へ】,idol_3c398182-7760-439e-8c77-3c09d173aa4c,芹沢あさひ,P,SSR,unit_5,ストレイライト,2022-09-20,permanent_gacha,[],unknown,,https://wikiwiki.jp/shinycolors/%E3%80%90%E5%85%89%E3%81%AF%E5%85%89%E3%81%B8%E3%80%91%E8%8A%B9%E6%B2%A2%E3%81%82%E3%81%95%E3%81%B2,observed,base,wiki_only,shinycolors_enza,fb3daf62-6c88-4253-9d7a-7305d2d40e12,fb3daf62-6c88-4253-9d7a-7305d2d40e12,2026-10-06T16:29:53+00:00,"[""W02""]","[""series_status"",""collab_work""]"
v1-93a6a8b8d40e754a,1.0,2026-10-08T02:45:18+00:00,【階段式純情昇降機】,idol_51651b60-7996-412b-bd16-5c1c3f3faebf,杜野凛世,P,SR,unit_3,放課後クライマックスガールズ,2021-05-20,event_reward,[],unknown,,https://wikiwiki.jp/shinycolors/%E3%80%90%E9%9A%8E%E6%AE%B5%E5%BC%8F%E7%B4%94%E6%83%85%E6%98%87%E9%99%8D%E6%A9%9F%E3%80%91%E6%9D%9C%E9%87%8E%E5%87%9B%E4%B8%96,observed,base,wiki_only,shinycolors_enza,fb675498-4782-4089-b2d2-5a51d307ee48,fb675498-4782-4089-b2d2-5a51d307ee48,2026-10-06T16:29:53+00:00,"[""W02""]","[""series_status"",""collab_work""]"
v1-93a6a8b8d40e754a,1.0,2026-10-08T02:45:18+00:00,【she sees】,idol_0c19be81-d3e3-4383-b5d4-0a94b290dba9,斑鳩ルカ,S,SSR,unit_8,コメティック,2025-06-09,limited_gacha,[],unknown,,https://wikiwiki.jp/shinycolors/%E3%80%90she%20sees%E3%80%91%E6%96%91%E9%B3%A9%E3%83%AB%E3%82%AB,observed,base,wiki_only,shinycolors_enza,fb6eaf10-c352-4111-91ce-1c52b5a1b752,fb6eaf10-c352-4111-91ce-1c52b5a1b752,2026-10-06T16:29:53+00:00,"[""W03""]","[""series_status"",""collab_work""]"
v1-93a6a8b8d40e754a,1.0,2026-10-08T02:45:18+00:00,【白いツバサ】,idol_813a7356-e821-43e7-b25f-c104ca28870d,西城樹里,P,R,unit_3,放課後クライマックスガールズ,2018-04-24,permanent_gacha,[],unknown,,https://wikiwiki.jp/shinycolors/%E3%80%90%E7%99%BD%E3%81%84%E3%83%84%E3%83%90%E3%82%B5%E3%80%91%E8%A5%BF%E5%9F%8E%E6%A8%B9%E9%87%8C,observed,base,wiki_only,shinycolors_enza,fb7775e6-ba46-40b5-9b16-4d96c4cc95bd,fb7775e6-ba46-40b5-9b16-4d96c4cc95bd,2026-10-06T16:29:53+00:00,"[""W02""]","[""series_status"",""collab_work""]"
v1-93a6a8b8d40e754a,1.0,2026-10-08T02:45:18+00:00,【インビジブルタイム】,idol_0e2d3420-7295-4510-929d-01bf8378e12a,風野灯織,P,SR,unit_1,イルミネーションスターズ,2020-10-12,event_reward,[],unknown,,https://wikiwiki.jp/shinycolors/%E3%80%90%E3%82%A4%E3%83%B3%E3%83%93%E3%82%B8%E3%83%96%E3%83%AB%E3%82%BF%E3%82%A4%E3%83%A0%E3%80%91%E9%A2%A8%E9%87%8E%E7%81%AF%E7%B9%94,observed,base,wiki_only,shinycolors_enza,fbc87aee-9f20-404c-86cf-27be301d19ef,fbc87aee-9f20-404c-86cf-27be301d19ef,2026-10-06T16:29:53+00:00,"[""W02""]","[""series_status"",""collab_work""]"
v1-93a6a8b8d40e754a,1.0,2026-10-08T02:45:18+00:00,【#SS】,idol_72d6d5b6-dc2b-4e7c-90be-eb4770ba589b,市川雛菜,P,SR,unit_6,ノクチル,2020-08-11,event_reward,[],unknown,,https://wikiwiki.jp/shinycolors/%E3%80%90%EF%BC%83SS%E3%80%91%E5%B8%82%E5%B7%9D%E9%9B%9B%E8%8F%9C,observed,base,wiki_only,shinycolors_enza,fbe13105-edba-4e92-af46-dec1e2cc3fbc,fbe13105-edba-4e92-af46-dec1e2cc3fbc,2026-10-06T16:29:53+00:00,"[""W02""]","[""series_status"",""collab_work""]"
v1-93a6a8b8d40e754a,1.0,2026-10-08T02:45:18+00:00,【change___】,idol_72d6d5b6-dc2b-4e7c-90be-eb4770ba589b,市川雛菜,P,SSR,unit_6,ノクチル,2024-04-18,collection_gacha,"[""parallel""]",known,,https://wikiwiki.jp/shinycolors/%E3%80%90change___%E3%80%91%E5%B8%82%E5%B7%9D%E9%9B%9B%E8%8F%9C,observed,base,wiki_only,shinycolors_enza,fbef69ad-f05b-45ca-9ce9-55b8132a365a,fbef69ad-f05b-45ca-9ce9-55b8132a365a,2026-10-06T16:29:53+00:00,"[""W02""]","[""collab_work""]"
v1-93a6a8b8d40e754a,1.0,2026-10-08T02:45:18+00:00,【'25Pカップ】,idol_a2f858c3-da6e-4d6f-b777-5367a2671399,黛冬優子,S,SR,unit_5,ストレイライト,2025-04-15,event_reward,[],unknown,,https://wikiwiki.jp/shinycolors/%E3%80%90%2725P%E3%82%AB%E3%83%83%E3%83%97%E3%80%91%E9%BB%9B%E5%86%AC%E5%84%AA%E5%AD%90,observed,base,wiki_only,shinycolors_enza,fbf96147-dec2-45b1-a76f-7d3e31161e1c,fbf96147-dec2-45b1-a76f-7d3e31161e1c,2026-10-06T16:29:53+00:00,"[""W03""]","[""series_status"",""collab_work""]"
v1-93a6a8b8d40e754a,1.0,2026-10-08T02:45:18+00:00,【Straylight.run()】,idol_a2f858c3-da6e-4d6f-b777-5367a2671399,黛冬優子,S,SR,unit_5,ストレイライト,2024-10-12,campaign,[],unknown,,https://wikiwiki.jp/shinycolors/%E3%80%90Straylight.run%28%29%E3%80%91%E9%BB%9B%E5%86%AC%E5%84%AA%E5%AD%90,observed,base,wiki_only,shinycolors_enza,fbfc9cb4-f058-4c9c-a716-95ac06658268,fbfc9cb4-f058-4c9c-a716-95ac06658268,2026-10-06T16:29:54+00:00,"[""W03""]","[""series_status"",""collab_work""]"
v1-93a6a8b8d40e754a,1.0,2026-10-08T02:45:18+00:00,【一人分の空、一枚の羽】,idol_d4177c5c-4600-4381-b5da-758f87fc23d7,八宮めぐる,S,SSR,unit_1,イルミネーションスターズ,2023-11-24,other_bonus,[],unknown,,https://wikiwiki.jp/shinycolors/%E3%80%90%E4%B8%80%E4%BA%BA%E5%88%86%E3%81%AE%E7%A9%BA%E3%80%81%E4%B8%80%E6%9E%9A%E3%81%AE%E7%BE%BD%E3%80%91%E5%85%AB%E5%AE%AE%E3%82%81%E3%81%90%E3%82%8B,observed,base,wiki_only,shinycolors_enza,fc20dffc-fa90-4802-9bdf-e3e42a174184,fc20dffc-fa90-4802-9bdf-e3e42a174184,2026-10-06T16:33:42+00:00,"[""W03""]","[""series_status"",""collab_work""]"
v1-93a6a8b8d40e754a,1.0,2026-10-08T02:45:18+00:00,【Secret Face】,idol_52544385-3ea1-42e6-bb47-faff2c6f9b4f,桑山千雪,P,SSR,unit_4,アルストロメリア,2026-03-09,limited_gacha,[],unknown,,https://wikiwiki.jp/shinycolors/%E3%80%90Secret%20Face%E3%80%91%E6%A1%91%E5%B1%B1%E5%8D%83%E9%9B%AA,observed,base,wiki_only,shinycolors_enza,fc431815-9dd2-444f-afe3-6f6bb541ec56,fc431815-9dd2-444f-afe3-6f6bb541ec56,2026-10-06T16:29:53+00:00,"[""W02""]","[""series_status"",""collab_work""]"
v1-93a6a8b8d40e754a,1.0,2026-10-08T02:45:18+00:00,【錯覚・Darling】,idol_7,園田智代子,P,SR,unit_3,放課後クライマックスガールズ,2020-01-10,limited_gacha,[],unknown,,https://wikiwiki.jp/shinycolors/%E3%80%90%E9%8C%AF%E8%A6%9A%E3%83%BBDarling%E3%80%91%E5%9C%92%E7%94%B0%E6%99%BA%E4%BB%A3%E5%AD%90,observed,base,wiki_only,shinycolors_enza,fc44a774-5aaa-4112-9d05-269667ff875f,fc44a774-5aaa-4112-9d05-269667ff875f,2026-10-06T16:29:53+00:00,"[""W02""]","[""series_status"",""collab_work""]"
v1-93a6a8b8d40e754a,1.0,2026-10-08T02:45:18+00:00,【真・TRAVELER】,idol_6,田中摩美々,P,SSR,unit_2,アンティーカ,2020-09-11,permanent_gacha,[],unknown,,https://wikiwiki.jp/shinycolors/%E3%80%90%E7%9C%9F%E3%83%BBTRAVELER%E3%80%91%E7%94%B0%E4%B8%AD%E6%91%A9%E7%BE%8E%E3%80%85,observed,base,wiki_only,shinycolors_enza,fcb4d64b-5f9f-44ee-a89f-661ac8ab01b9,fcb4d64b-5f9f-44ee-a89f-661ac8ab01b9,2026-10-06T16:29:53+00:00,"[""W02""]","[""series_status"",""collab_work""]"
v1-93a6a8b8d40e754a,1.0,2026-10-08T02:45:18+00:00,【名モナキ夜ノ標ニ】,idol_a2f858c3-da6e-4d6f-b777-5367a2671399,黛冬優子,P,SSR,unit_5,ストレイライト,2023-04-13,collection_gacha,"[""mysongs""]",known,,https://wikiwiki.jp/shinycolors/%E3%80%90%E5%90%8D%E3%83%A2%E3%83%8A%E3%82%AD%E5%A4%9C%E3%83%8E%E6%A8%99%E3%83%8B%E3%80%91%E9%BB%9B%E5%86%AC%E5%84%AA%E5%AD%90,observed,base,wiki_only,shinycolors_enza,fd558d13-186d-4b7c-893b-0d4768d5c537,fd558d13-186d-4b7c-893b-0d4768d5c537,2026-10-06T16:29:53+00:00,"[""W02""]","[""collab_work""]"
v1-93a6a8b8d40e754a,1.0,2026-10-08T02:45:18+00:00,【リアルラックにお願い☆★】,idol_7,園田智代子,S,SSR,unit_3,放課後クライマックスガールズ,2024-10-31,limited_gacha,[],unknown,,https://wikiwiki.jp/shinycolors/%E3%80%90%E3%83%AA%E3%82%A2%E3%83%AB%E3%83%A9%E3%83%83%E3%82%AF%E3%81%AB%E3%81%8A%E9%A1%98%E3%81%84%E2%98%86%E2%98%85%E3%80%91%E5%9C%92%E7%94%B0%E6%99%BA%E4%BB%A3%E5%AD%90,observed,base,wiki_only,shinycolors_enza,fd7bb74d-1e17-40bd-b90c-306a622e70e6,fd7bb74d-1e17-40bd-b90c-306a622e70e6,2026-10-06T16:29:53+00:00,"[""W03""]","[""series_status"",""collab_work""]"
v1-93a6a8b8d40e754a,1.0,2026-10-08T02:45:18+00:00,【by to illuminate】,idol_1,櫻木真乃,S,SR,unit_1,イルミネーションスターズ,2020-02-20,permanent_gacha,[],unknown,,https://wikiwiki.jp/shinycolors/%E3%80%90by%20to%20illuminate%E3%80%91%E6%AB%BB%E6%9C%A8%E7%9C%9F%E4%B9%83,observed,base,wiki_only,shinycolors_enza,fd88212d-f4b8-4dba-af4a-94666ab2908b,fd88212d-f4b8-4dba-af4a-94666ab2908b,2026-10-06T16:29:54+00:00,"[""W03""]","[""series_status"",""collab_work""]"
v1-93a6a8b8d40e754a,1.0,2026-10-08T02:45:18+00:00,【白いツバサ】,idol_e579db5c-0930-4984-aa40-ebe5a00e8a4f,幽谷霧子,P,SR,unit_2,アンティーカ,,mission,[],unknown,,https://wikiwiki.jp/shinycolors/%E3%80%90%E7%99%BD%E3%81%84%E3%83%84%E3%83%90%E3%82%B5%E3%80%91%E5%B9%BD%E8%B0%B7%E9%9C%A7%E5%AD%90,observed,idol_road_sr,wiki_only,shinycolors_enza,fd98c872-2e97-49a5-9d02-43c21713d02d,6bdac124-8fa5-4a7f-bf36-99a8b24e4ed8,2026-10-06T16:29:54+00:00,"[""W08""]","[""first_implemented_on"",""series_status"",""collab_work""]"
v1-93a6a8b8d40e754a,1.0,2026-10-08T02:45:18+00:00,【前進オフェンス】,idol_8c18b422-295c-4259-9e14-413685deb7f8,大崎甘奈,P,UR,unit_4,アルストロメリア,2026-07-17,permanent_gacha,[],unknown,,https://wikiwiki.jp/shinycolors/%E3%80%90%E5%89%8D%E9%80%B2%E3%82%AA%E3%83%95%E3%82%A7%E3%83%B3%E3%82%B9%E3%80%91%E5%A4%A7%E5%B4%8E%E7%94%98%E5%A5%88,observed,base,wiki_only,shinycolors_enza,fe0a70e4-5140-437f-a18a-1cb6553e77ce,fe0a70e4-5140-437f-a18a-1cb6553e77ce,2026-10-06T16:29:52+00:00,"[""W02""]","[""series_status"",""collab_work""]"
v1-93a6a8b8d40e754a,1.0,2026-10-08T02:45:18+00:00,【死神リポート】,idol_736d3fca-9560-4156-96fc-66cc0159ea42,七草にちか,S,SSR,unit_7,シーズ,2021-09-30,event_reward,[],unknown,,https://wikiwiki.jp/shinycolors/%E3%80%90%E6%AD%BB%E7%A5%9E%E3%83%AA%E3%83%9D%E3%83%BC%E3%83%88%E3%80%91%E4%B8%83%E8%8D%89%E3%81%AB%E3%81%A1%E3%81%8B,observed,base,wiki_only,shinycolors_enza,fe202fff-415f-456c-89ec-af3bb123915d,fe202fff-415f-456c-89ec-af3bb123915d,2026-10-06T16:29:53+00:00,"[""W03""]","[""series_status"",""collab_work""]"
v1-93a6a8b8d40e754a,1.0,2026-10-08T02:45:18+00:00,【グロウン・メイク・アップ！】,idol_df07e98b-12f2-4984-b8f6-8da0a47c0cc7,小宮果穂,S,SSR,unit_3,放課後クライマックスガールズ,2023-02-10,permanent_gacha,[],unknown,,https://wikiwiki.jp/shinycolors/%E3%80%90%E3%82%B0%E3%83%AD%E3%82%A6%E3%83%B3%E3%83%BB%E3%83%A1%E3%82%A4%E3%82%AF%E3%83%BB%E3%82%A2%E3%83%83%E3%83%97%EF%BC%81%E3%80%91%E5%B0%8F%E5%AE%AE%E6%9E%9C%E7%A9%82,observed,base,wiki_only,shinycolors_enza,fe2f5266-28d5-4068-a745-bdca8978adf4,fe2f5266-28d5-4068-a745-bdca8978adf4,2026-10-06T16:29:53+00:00,"[""W03""]","[""series_status"",""collab_work""]"
v1-93a6a8b8d40e754a,1.0,2026-10-08T02:45:18+00:00,【283プロのヒナ】,idol_d4177c5c-4600-4381-b5da-758f87fc23d7,八宮めぐる,S,R,unit_1,イルミネーションスターズ,2018-04-24,permanent_gacha,[],unknown,,https://wikiwiki.jp/shinycolors/%E3%80%90283%E3%83%97%E3%83%AD%E3%81%AE%E3%83%92%E3%83%8A%E3%80%91%E5%85%AB%E5%AE%AE%E3%82%81%E3%81%90%E3%82%8B,observed,base,wiki_only,shinycolors_enza,fe429cd7-ad2a-4c8c-8a26-200db7a81d9f,fe429cd7-ad2a-4c8c-8a26-200db7a81d9f,2026-10-06T16:29:54+00:00,"[""W03""]","[""series_status"",""collab_work""]"
v1-93a6a8b8d40e754a,1.0,2026-10-08T02:45:18+00:00,【THE IDOL】,idol_92b8326c-72f5-4a2e-8581-7110738045f3,有栖川夏葉,S,SSR,unit_3,放課後クライマックスガールズ,2025-04-22,limited_gacha,"[""vote_selection""]",known,,https://wikiwiki.jp/shinycolors/%E3%80%90THE%20IDOL%E3%80%91%E6%9C%89%E6%A0%96%E5%B7%9D%E5%A4%8F%E8%91%89,observed,base,wiki_only,shinycolors_enza,fe4a23c0-b52a-46bb-826e-259f624e0490,fe4a23c0-b52a-46bb-826e-259f624e0490,2026-10-07T00:59:08+00:00,"[""W03""]","[""collab_work""]"
v1-93a6a8b8d40e754a,1.0,2026-10-08T02:45:18+00:00,【チルドレンモード！】,idol_df07e98b-12f2-4984-b8f6-8da0a47c0cc7,小宮果穂,S,SSR,unit_3,放課後クライマックスガールズ,2022-04-20,collection_gacha,"[""twilights""]",known,,https://wikiwiki.jp/shinycolors/%E3%80%90%E3%83%81%E3%83%AB%E3%83%89%E3%83%AC%E3%83%B3%E3%83%A2%E3%83%BC%E3%83%89%EF%BC%81%E3%80%91%E5%B0%8F%E5%AE%AE%E6%9E%9C%E7%A9%82,observed,base,wiki_only,shinycolors_enza,fe5aa655-0039-485f-a16e-0744d7ede5b2,fe5aa655-0039-485f-a16e-0744d7ede5b2,2026-10-06T16:29:53+00:00,"[""W03""]","[""collab_work""]"
v1-93a6a8b8d40e754a,1.0,2026-10-08T02:45:18+00:00,【ビューティ/フル】,idol_92b8326c-72f5-4a2e-8581-7110738045f3,有栖川夏葉,P,SSR,unit_3,放課後クライマックスガールズ,2023-10-15,collection_gacha,"[""mysongs""]",known,,https://wikiwiki.jp/shinycolors/%E3%80%90%E3%83%93%E3%83%A5%E3%83%BC%E3%83%86%E3%82%A3%EF%BC%8F%E3%83%95%E3%83%AB%E3%80%91%E6%9C%89%E6%A0%96%E5%B7%9D%E5%A4%8F%E8%91%89,observed,base,wiki_only,shinycolors_enza,fe7774eb-0654-4232-abff-7ce968c8f36f,fe7774eb-0654-4232-abff-7ce968c8f36f,2026-10-06T16:29:53+00:00,"[""W02""]","[""collab_work""]"
v1-93a6a8b8d40e754a,1.0,2026-10-08T02:45:18+00:00,【相談ならおまかせ？】,idol_b1cc8f6f-feab-4add-b5d9-d8777add7f60,大崎甜花,S,SSR,unit_4,アルストロメリア,2025-08-08,event_reward,[],unknown,,https://wikiwiki.jp/shinycolors/%E3%80%90%E7%9B%B8%E8%AB%87%E3%81%AA%E3%82%89%E3%81%8A%E3%81%BE%E3%81%8B%E3%81%9B%EF%BC%9F%E3%80%91%E5%A4%A7%E5%B4%8E%E7%94%9C%E8%8A%B1,observed,base,wiki_only,shinycolors_enza,fea7172d-af43-42c6-b0ce-1a2f7a68abcb,fea7172d-af43-42c6-b0ce-1a2f7a68abcb,2026-10-06T16:29:53+00:00,"[""W03""]","[""series_status"",""collab_work""]"
v1-93a6a8b8d40e754a,1.0,2026-10-08T02:45:18+00:00,【焦】,idol_81093365-1df1-4e6c-a252-27625c47ab96,三峰結華,S,SSR,unit_2,アンティーカ,2023-05-31,event_reward,[],unknown,,https://wikiwiki.jp/shinycolors/%E3%80%90%E7%84%A6%E3%80%91%E4%B8%89%E5%B3%B0%E7%B5%90%E8%8F%AF,observed,base,wiki_only,shinycolors_enza,febf1da5-b692-462e-af87-a955b2c00a4f,febf1da5-b692-462e-af87-a955b2c00a4f,2026-10-06T16:29:53+00:00,"[""W03""]","[""series_status"",""collab_work""]"
v1-93a6a8b8d40e754a,1.0,2026-10-08T02:45:18+00:00,【JUNK STAR】,idol_0c19be81-d3e3-4383-b5d4-0a94b290dba9,斑鳩ルカ,S,SSR,unit_8,コメティック,2024-08-19,collection_gacha,"[""twilights""]",known,,https://wikiwiki.jp/shinycolors/%E3%80%90JUNK%20STAR%E3%80%91%E6%96%91%E9%B3%A9%E3%83%AB%E3%82%AB,observed,base,wiki_only,shinycolors_enza,febf7a37-62e5-465d-8a0e-a2dd17baa2fa,febf7a37-62e5-465d-8a0e-a2dd17baa2fa,2026-10-06T16:29:53+00:00,"[""W03""]","[""collab_work""]"
v1-93a6a8b8d40e754a,1.0,2026-10-08T02:45:18+00:00,【黒百合前で待ち合わせ】,idol_0e2d3420-7295-4510-929d-01bf8378e12a,風野灯織,P,SSR,unit_1,イルミネーションスターズ,2021-01-22,permanent_gacha,[],unknown,,https://wikiwiki.jp/shinycolors/%E3%80%90%E9%BB%92%E7%99%BE%E5%90%88%E5%89%8D%E3%81%A7%E5%BE%85%E3%81%A1%E5%90%88%E3%82%8F%E3%81%9B%E3%80%91%E9%A2%A8%E9%87%8E%E7%81%AF%E7%B9%94,observed,base,wiki_only,shinycolors_enza,ff5091ee-2775-4bb2-ac4a-877a012e0ba9,ff5091ee-2775-4bb2-ac4a-877a012e0ba9,2026-10-06T16:29:53+00:00,"[""W02""]","[""series_status"",""collab_work""]"
v1-93a6a8b8d40e754a,1.0,2026-10-08T02:45:18+00:00,【ばってん乙女♡ラブ・ムーン】,idol_e91e6363-2dc9-42c1-bbf1-a759e797c2d1,月岡恋鐘,S,SSR,unit_2,アンティーカ,2024-10-31,exchange,[],unknown,,https://wikiwiki.jp/shinycolors/%E3%80%90%E3%81%B0%E3%81%A3%E3%81%A6%E3%82%93%E4%B9%99%E5%A5%B3%E2%99%A1%E3%83%A9%E3%83%96%E3%83%BB%E3%83%A0%E3%83%BC%E3%83%B3%E3%80%91%E6%9C%88%E5%B2%A1%E6%81%8B%E9%90%98,observed,base,wiki_only,shinycolors_enza,ff51d81f-b2a9-4cef-8af4-6082d56ced78,ff51d81f-b2a9-4cef-8af4-6082d56ced78,2026-10-06T16:29:53+00:00,"[""W03""]","[""series_status"",""collab_work""]"
v1-93a6a8b8d40e754a,1.0,2026-10-08T02:45:18+00:00,【白いツバサ】,idol_0c19be81-d3e3-4383-b5d4-0a94b290dba9,斑鳩ルカ,P,R,unit_8,コメティック,2023-04-02,permanent_gacha,[],unknown,,https://wikiwiki.jp/shinycolors/%E3%80%90%E7%99%BD%E3%81%84%E3%83%84%E3%83%90%E3%82%B5%E3%80%91%E6%96%91%E9%B3%A9%E3%83%AB%E3%82%AB,observed,base,wiki_only,shinycolors_enza,ff577c0a-3e51-4d45-9247-cc6b561d1fe4,ff577c0a-3e51-4d45-9247-cc6b561d1fe4,2026-10-06T16:29:53+00:00,"[""W02""]","[""series_status"",""collab_work""]"
v1-93a6a8b8d40e754a,1.0,2026-10-08T02:45:18+00:00,【'25Pカップ】,idol_51651b60-7996-412b-bd16-5c1c3f3faebf,杜野凛世,S,SR,unit_3,放課後クライマックスガールズ,2025-04-15,event_reward,[],unknown,,https://wikiwiki.jp/shinycolors/%E3%80%90%2725P%E3%82%AB%E3%83%83%E3%83%97%E3%80%91%E6%9D%9C%E9%87%8E%E5%87%9B%E4%B8%96,observed,base,wiki_only,shinycolors_enza,ff5c6cd8-35e1-4fb0-8669-996e3c5b401e,ff5c6cd8-35e1-4fb0-8669-996e3c5b401e,2026-10-06T16:29:53+00:00,"[""W03""]","[""series_status"",""collab_work""]"
v1-93a6a8b8d40e754a,1.0,2026-10-08T02:45:18+00:00,【生彩トラベリング】,idol_7,園田智代子,S,SSR,unit_3,放課後クライマックスガールズ,2021-11-10,permanent_gacha,[],unknown,,https://wikiwiki.jp/shinycolors/%E3%80%90%E7%94%9F%E5%BD%A9%E3%83%88%E3%83%A9%E3%83%99%E3%83%AA%E3%83%B3%E3%82%B0%E3%80%91%E5%9C%92%E7%94%B0%E6%99%BA%E4%BB%A3%E5%AD%90,observed,base,wiki_only,shinycolors_enza,ff66a420-ac0d-43d4-b68b-46c474513109,ff66a420-ac0d-43d4-b68b-46c474513109,2026-10-06T16:29:53+00:00,"[""W03""]","[""series_status"",""collab_work""]"
v1-93a6a8b8d40e754a,1.0,2026-10-08T02:45:18+00:00,【longing】,idol_8c18b422-295c-4259-9e14-413685deb7f8,大崎甘奈,P,SSR,unit_4,アルストロメリア,2022-06-10,permanent_gacha,[],unknown,,https://wikiwiki.jp/shinycolors/%E3%80%90longing%E3%80%91%E5%A4%A7%E5%B4%8E%E7%94%98%E5%A5%88,observed,base,wiki_only,shinycolors_enza,ff9f1a47-e5c3-4a44-be7b-920014871189,ff9f1a47-e5c3-4a44-be7b-920014871189,2026-10-06T16:29:53+00:00,"[""W02""]","[""series_status"",""collab_work""]"
v1-93a6a8b8d40e754a,1.0,2026-10-08T02:45:18+00:00,【七色を知っている】,idol_92b8326c-72f5-4a2e-8581-7110738045f3,有栖川夏葉,S,SR,unit_3,放課後クライマックスガールズ,2024-08-19,collaboration_gacha,[],unknown,,https://wikiwiki.jp/shinycolors/%E3%80%90%E4%B8%83%E8%89%B2%E3%82%92%E7%9F%A5%E3%81%A3%E3%81%A6%E3%81%84%E3%82%8B%E3%80%91%E6%9C%89%E6%A0%96%E5%B7%9D%E5%A4%8F%E8%91%89,observed,base,wiki_only,shinycolors_enza,ffcafc8f-8482-4efb-b096-3251e97f304c,ffcafc8f-8482-4efb-b096-3251e97f304c,2026-10-06T16:29:53+00:00,"[""W03""]","[""series_status"",""collab_work""]"
v1-93a6a8b8d40e754a,1.0,2026-10-08T02:45:18+00:00,【雪あたりの季節】,idol_3,浅倉透,P,SSR,unit_6,ノクチル,2024-01-22,permanent_gacha,[],unknown,,https://wikiwiki.jp/shinycolors/%E3%80%90%E9%9B%AA%E3%81%82%E3%81%9F%E3%82%8A%E3%81%AE%E5%AD%A3%E7%AF%80%E3%80%91%E6%B5%85%E5%80%89%E9%80%8F,observed,base,wiki_only,shinycolors_enza,ffd6100b-0158-4db7-a3b1-598d4574064d,ffd6100b-0158-4db7-a3b1-598d4574064d,2026-10-06T16:29:53+00:00,"[""W02""]","[""series_status"",""collab_work""]"
v1-93a6a8b8d40e754a,1.0,2026-10-08T02:45:18+00:00,【BLEND / MIX】,idol_1,櫻木真乃,S,SSR,unit_1,イルミネーションスターズ,2026-04-01,limited_gacha,[],unknown,,https://wikiwiki.jp/shinycolors/%E3%80%90BLEND%20%EF%BC%8F%20MIX%E3%80%91%E6%AB%BB%E6%9C%A8%E7%9C%9F%E4%B9%83,observed,base,wiki_only,shinycolors_enza,ffd90257-95a3-4de3-88dd-71427911ff2d,ffd90257-95a3-4de3-88dd-71427911ff2d,2026-10-06T16:29:53+00:00,"[""W03""]","[""series_status"",""collab_work""]"
v1-93a6a8b8d40e754a,1.0,2026-10-08T02:45:18+00:00,【とあるふゆのひ】,idol_a2f858c3-da6e-4d6f-b777-5367a2671399,黛冬優子,S,SSR,unit_5,ストレイライト,2025-12-04,limited_gacha,"[""birthday""]",known,,https://wikiwiki.jp/shinycolors/%E3%80%90%E3%81%A8%E3%81%82%E3%82%8B%E3%81%B5%E3%82%86%E3%81%AE%E3%81%B2%E3%80%91%E9%BB%9B%E5%86%AC%E5%84%AA%E5%AD%90,observed,base,wiki_only,shinycolors_enza,fffe58d8-7f26-4987-a775-e989166a8b46,fffe58d8-7f26-4987-a775-e989166a8b46,2026-10-06T16:29:53+00:00,"[""W03""]","[""collab_work""]"
